ply
format ascii 1.0
element vertex 4872
property float x
property float y
property float z
end_header
2.314767 -0.376005 0.921694
2.317119 -0.375938 0.921695
2.319471 -0.375868 0.921693
2.321823 -0.375801 0.921694
2.324176 -0.375730 0.921692
2.326527 -0.375663 0.921693
2.328878 -0.375596 0.921694
2.331231 -0.375525 0.921693
2.333582 -0.375458 0.921694
2.335935 -0.375388 0.921692
2.338286 -0.375321 0.921693
2.340637 -0.375254 0.921694
2.342989 -0.375183 0.921693
2.345340 -0.375116 0.921694
2.347691 -0.375049 0.921695
2.350044 -0.374979 0.921693
2.352395 -0.374911 0.921694
2.354747 -0.374841 0.921692
2.313908 -0.379494 0.921691
2.316256 -0.379424 0.921689
2.318603 -0.379357 0.921690
2.320951 -0.379287 0.921689
2.323298 -0.379220 0.921690
2.325644 -0.379152 0.921691
2.327992 -0.379082 0.921689
2.330338 -0.379015 0.921690
2.332686 -0.378945 0.921689
2.335032 -0.378878 0.921690
2.337379 -0.378811 0.921691
2.339726 -0.378741 0.921689
2.342072 -0.378674 0.921690
2.344420 -0.378603 0.921688
2.346766 -0.378536 0.921690
2.349112 -0.378469 0.921691
2.351460 -0.378399 0.921689
2.353806 -0.378332 0.921690
2.313055 -0.382966 0.921686
2.315397 -0.382899 0.921687
2.317740 -0.382828 0.921685
2.320081 -0.382761 0.921686
2.322423 -0.382695 0.921687
2.324766 -0.382624 0.921686
2.327108 -0.382557 0.921687
2.329451 -0.382487 0.921685
2.331792 -0.382420 0.921686
2.334134 -0.382353 0.921687
2.336477 -0.382283 0.921686
2.338818 -0.382216 0.921687
2.341161 -0.382146 0.921685
2.343502 -0.382079 0.921686
2.345843 -0.382012 0.921687
2.348186 -0.381942 0.921685
2.350527 -0.381875 0.921687
2.352870 -0.381805 0.921685
2.312203 -0.386426 0.921684
2.314542 -0.386356 0.921682
2.316879 -0.386289 0.921683
2.319215 -0.386222 0.921684
2.321554 -0.386152 0.921682
2.323890 -0.386085 0.921683
2.326229 -0.386015 0.921682
2.328565 -0.385948 0.921683
2.330902 -0.385881 0.921684
2.333240 -0.385811 0.921682
2.335577 -0.385745 0.921683
2.337915 -0.385675 0.921682
2.340251 -0.385608 0.921683
2.342588 -0.385541 0.921684
2.344926 -0.385471 0.921682
2.347262 -0.385404 0.921683
2.349600 -0.385334 0.921681
2.351936 -0.385267 0.921682
2.311357 -0.389869 0.921678
2.313689 -0.389802 0.921679
2.316021 -0.389735 0.921681
2.318354 -0.389665 0.921679
2.320686 -0.389598 0.921680
2.323020 -0.389529 0.921678
2.325352 -0.389462 0.921679
2.327684 -0.389395 0.921680
2.330017 -0.389325 0.921679
2.332349 -0.389258 0.921680
2.334682 -0.389189 0.921678
2.337014 -0.389122 0.921679
2.339346 -0.389055 0.921680
2.341679 -0.388985 0.921679
2.344010 -0.388919 0.921680
2.346343 -0.388849 0.921678
2.348675 -0.388782 0.921679
2.351007 -0.388715 0.921680
2.310512 -0.393300 0.921676
2.312841 -0.393231 0.921674
2.315168 -0.393164 0.921675
2.317495 -0.393097 0.921676
2.319824 -0.393028 0.921675
2.322151 -0.392961 0.921676
2.324479 -0.392894 0.921677
2.326807 -0.392825 0.921675
2.329134 -0.392758 0.921676
2.331463 -0.392688 0.921675
2.333790 -0.392621 0.921676
2.336118 -0.392552 0.921674
2.338445 -0.392485 0.921675
2.340772 -0.392418 0.921676
2.343100 -0.392349 0.921674
2.345427 -0.392282 0.921676
2.347754 -0.392216 0.921677
2.350082 -0.392146 0.921675
2.309672 -0.396715 0.921671
2.311995 -0.396648 0.921672
2.314318 -0.396582 0.921673
2.316641 -0.396512 0.921671
2.318964 -0.396446 0.921672
2.321288 -0.396376 0.921671
2.323610 -0.396310 0.921672
2.325933 -0.396243 0.921673
2.328256 -0.396173 0.921671
2.330579 -0.396107 0.921672
2.332902 -0.396037 0.921671
2.335225 -0.395971 0.921672
2.337547 -0.395904 0.921673
2.339870 -0.395835 0.921671
2.342193 -0.395768 0.921672
2.344515 -0.395702 0.921673
2.346838 -0.395632 0.921672
2.349160 -0.395565 0.921673
2.308835 -0.400119 0.921668
2.311153 -0.400052 0.921670
2.313472 -0.399983 0.921668
2.315790 -0.399916 0.921669
2.318109 -0.399847 0.921667
2.320426 -0.399780 0.921668
2.322744 -0.399714 0.921669
2.325063 -0.399644 0.921668
2.327381 -0.399578 0.921669
2.329700 -0.399509 0.921667
2.332017 -0.399442 0.921668
2.334335 -0.399376 0.921669
2.336654 -0.399306 0.921668
2.338971 -0.399240 0.921669
2.341290 -0.399170 0.921667
2.343607 -0.399104 0.921668
2.345925 -0.399037 0.921669
2.348243 -0.398968 0.921667
2.270369 -0.492301 1.003684
2.272787 -0.491513 1.003013
2.312628 -0.403373 0.921666
2.314943 -0.403303 0.921664
2.317256 -0.403237 0.921665
2.319569 -0.403171 0.921666
2.321883 -0.403101 0.921664
2.324196 -0.403035 0.921665
2.326510 -0.402966 0.921664
2.328823 -0.402899 0.921665
2.331136 -0.402833 0.921666
2.333450 -0.402764 0.921664
2.335763 -0.402697 0.921665
2.338077 -0.402628 0.921664
2.340390 -0.402562 0.921665
2.342702 -0.402495 0.921666
2.345016 -0.402426 0.921664
2.347329 -0.402360 0.921665
2.269586 -0.495440 1.003738
2.271889 -0.494912 1.003307
2.274353 -0.494017 1.002534
2.277064 -0.492557 1.001238
2.316406 -0.406614 0.921663
2.318716 -0.406544 0.921661
2.321024 -0.406478 0.921662
2.323333 -0.406409 0.921660
2.325642 -0.406343 0.921661
2.327950 -0.406276 0.921663
2.330259 -0.406207 0.921661
2.332567 -0.406141 0.921662
2.334877 -0.406072 0.921660
2.337185 -0.406006 0.921661
2.339493 -0.405939 0.921662
2.341802 -0.405870 0.921661
2.344110 -0.405804 0.921662
2.346419 -0.405735 0.921660
2.268792 -0.498598 1.003823
2.271077 -0.498103 1.003420
2.273489 -0.497318 1.002747
2.276078 -0.496131 1.001701
2.278907 -0.494404 1.000152
2.317865 -0.409907 0.921659
2.320170 -0.409838 0.921657
2.322473 -0.409772 0.921658
2.324777 -0.409706 0.921659
2.327082 -0.409637 0.921657
2.329385 -0.409571 0.921659
2.331690 -0.409501 0.921657
2.333993 -0.409435 0.921658
2.336296 -0.409369 0.921659
2.338601 -0.409300 0.921657
2.340904 -0.409234 0.921658
2.343209 -0.409165 0.921657
2.345512 -0.409099 0.921658
2.268551 -0.500452 1.002703
2.270706 -0.500259 1.002580
2.272939 -0.499885 1.002288
2.275332 -0.499147 1.001657
2.277967 -0.497858 1.000512
2.280946 -0.495794 0.998644
2.284653 -0.492095 0.995251
2.321616 -0.413121 0.921656
2.323917 -0.413052 0.921654
2.326215 -0.412986 0.921655
2.328516 -0.412917 0.921653
2.330814 -0.412851 0.921655
2.333114 -0.412782 0.921653
2.335413 -0.412716 0.921654
2.337712 -0.412650 0.921655
2.340012 -0.412581 0.921653
2.342310 -0.412515 0.921654
2.344609 -0.412449 0.921656
2.268946 -0.500810 1.000186
2.270982 -0.500900 1.000328
2.273044 -0.500929 1.000412
2.275179 -0.500786 1.000336
2.277469 -0.500289 0.999929
2.280066 -0.499095 0.998868
2.283192 -0.496710 0.996694
2.320765 -0.416454 0.921651
2.323059 -0.416388 0.921652
2.325354 -0.416320 0.921650
2.327648 -0.416254 0.921651
2.329944 -0.416185 0.921650
2.332238 -0.416119 0.921651
2.334532 -0.416053 0.921652
2.336827 -0.415984 0.921650
2.339121 -0.415918 0.921651
2.341415 -0.415852 0.921652
2.343710 -0.415783 0.921650
2.269534 -0.500720 0.997243
2.271520 -0.500933 0.997501
2.273535 -0.501075 0.997693
2.275562 -0.501188 0.997857
2.277638 -0.501187 0.997913
2.279857 -0.500860 0.997664
2.282396 -0.499807 0.996733
2.285801 -0.496811 0.993978
2.322206 -0.419708 0.921647
2.324495 -0.419642 0.921648
2.326786 -0.419573 0.921646
2.329075 -0.419508 0.921647
2.331365 -0.419442 0.921648
2.333656 -0.419373 0.921647
2.335945 -0.419307 0.921648
2.338236 -0.419238 0.921646
2.340525 -0.419173 0.921647
2.342814 -0.419107 0.921648
2.274147 -0.500949 0.994709
2.276116 -0.501201 0.995005
2.278133 -0.501342 0.995195
2.280185 -0.501400 0.995308
2.282350 -0.501200 0.995177
2.284956 -0.500007 0.994112
2.289621 -0.494206 0.988705
2.323641 -0.422948 0.921643
2.325926 -0.422883 0.921644
2.328211 -0.422817 0.921645
2.330497 -0.422748 0.921643
2.332782 -0.422683 0.921644
2.335068 -0.422614 0.921643
2.337352 -0.422548 0.921644
2.339637 -0.422483 0.921645
2.341923 -0.422414 0.921643
2.276836 -0.500835 0.991787
2.278707 -0.501315 0.992299
2.280711 -0.501491 0.992523
2.282760 -0.501559 0.992646
2.284956 -0.501296 0.992456
2.287909 -0.499339 0.990665
2.322789 -0.426244 0.921641
2.325069 -0.426179 0.921642
2.327351 -0.426110 0.921640
2.329631 -0.426045 0.921641
2.331912 -0.425976 0.921639
2.334192 -0.425910 0.921640
2.336473 -0.425845 0.921642
2.338754 -0.425776 0.921640
2.341034 -0.425711 0.921641
2.279444 -0.500924 0.989049
2.281287 -0.501469 0.989625
2.283294 -0.501640 0.989846
2.285360 -0.501676 0.989938
2.287711 -0.501073 0.989425
2.321940 -0.429527 0.921638
2.324217 -0.429459 0.921637
2.326493 -0.429393 0.921638
2.328770 -0.429325 0.921636
2.331045 -0.429259 0.921637
2.333321 -0.429194 0.921638
2.335598 -0.429125 0.921637
2.337873 -0.429060 0.921638
2.340150 -0.428991 0.921636
2.281950 -0.501257 0.986538
2.283860 -0.501653 0.986974
2.285885 -0.501786 0.987160
2.288042 -0.501623 0.987063
2.321096 -0.432794 0.921633
2.323367 -0.432728 0.921635
2.325639 -0.432660 0.921633
2.327911 -0.432595 0.921634
2.330182 -0.432529 0.921635
2.332454 -0.432461 0.921633
2.334725 -0.432395 0.921634
2.336997 -0.432327 0.921633
2.282725 -0.552997 1.036446
2.282755 -0.500724 0.983136
2.284450 -0.501614 0.984044
2.286445 -0.501820 0.984300
2.288520 -0.501846 0.984384
2.291193 -0.500544 0.983200
2.322522 -0.435982 0.921630
2.324788 -0.435917 0.921631
2.327055 -0.435851 0.921632
2.329323 -0.435783 0.921630
2.331589 -0.435718 0.921631
2.333857 -0.435650 0.921629
2.279971 -0.555904 1.036439
2.283056 -0.553503 1.034203
2.284645 -0.492969 0.972742
2.283650 -0.499996 0.979534
2.285044 -0.501570 0.981102
2.287013 -0.501841 0.981422
2.289067 -0.501920 0.981556
2.291483 -0.501195 0.980921
2.321679 -0.439225 0.921627
2.323941 -0.439160 0.921628
2.326204 -0.439092 0.921627
2.328466 -0.439027 0.921628
2.330729 -0.438959 0.921626
2.277227 -0.558802 1.036434
2.280455 -0.556080 1.033883
2.283728 -0.553287 1.031265
2.284439 -0.494744 0.971512
2.284272 -0.499887 0.976516
2.285641 -0.501523 0.978149
2.287580 -0.501868 0.978540
2.289628 -0.501964 0.978692
2.292025 -0.501288 0.978102
2.320839 -0.442456 0.921625
2.323098 -0.442388 0.921624
2.325355 -0.442323 0.921625
2.327614 -0.442255 0.921623
2.274495 -0.561686 1.036426
2.277695 -0.559007 1.033908
2.281378 -0.555321 1.030423
2.284405 -0.553064 1.028312
2.283824 -0.492646 0.966489
2.284240 -0.496504 0.970271
2.284687 -0.500250 0.973945
2.286190 -0.501587 0.975294
2.288146 -0.501899 0.975655
2.290203 -0.501983 0.975796
2.292944 -0.500552 0.974477
2.320004 -0.445671 0.921620
2.322257 -0.445606 0.921621
2.324511 -0.445538 0.921620
2.326764 -0.445473 0.921621
2.273748 -0.564503 1.036421
2.278610 -0.558256 1.030456
2.282305 -0.554556 1.026946
2.285085 -0.552837 1.025346
2.282623 -0.491861 0.962714
2.283391 -0.494943 0.965758
2.284041 -0.498259 0.969029
2.285018 -0.500804 0.971553
2.286719 -0.501701 0.972481
2.288709 -0.501941 0.972773
2.290792 -0.501972 0.972864
2.316922 -0.448941 0.921617
2.319171 -0.448876 0.921618
2.321420 -0.448808 0.921616
2.323669 -0.448743 0.921618
2.325918 -0.448678 0.921619
2.273006 -0.567304 1.036412
2.279528 -0.557502 1.026988
2.283145 -0.553985 1.023643
2.285767 -0.552612 1.022373
2.280969 -0.492101 0.959922
2.282028 -0.494537 0.962349
2.282998 -0.497147 0.964945
2.283956 -0.499757 0.967541
2.285375 -0.501303 0.969103
2.287252 -0.501808 0.969653
2.289281 -0.501967 0.969869
2.291460 -0.501792 0.969760
2.316096 -0.452133 0.921615
2.318342 -0.452065 0.921613
2.320586 -0.452001 0.921614
2.322830 -0.451936 0.921615
2.325076 -0.451868 0.921614
2.272265 -0.570099 1.036407
2.280451 -0.556744 1.023505
2.283825 -0.553759 1.020666
2.286451 -0.552385 1.019389
2.279090 -0.492851 0.957620
2.280377 -0.494777 0.959558
2.281572 -0.496891 0.961679
2.282714 -0.499101 0.963894
2.284069 -0.500808 0.965618
2.285812 -0.501624 0.966474
2.287804 -0.501874 0.966779
2.289876 -0.501944 0.966908
2.313034 -0.455377 0.921612
2.315276 -0.455310 0.921610
2.317515 -0.455245 0.921611
2.319755 -0.455180 0.921612
2.321996 -0.455113 0.921611
2.272269 -0.567106 1.030721
2.271527 -0.572880 1.036400
2.281378 -0.555983 1.020005
2.284506 -0.553533 1.017678
2.287138 -0.552156 1.016395
2.278515 -0.495495 0.957227
2.279880 -0.497231 0.958986
2.281207 -0.499034 0.960810
2.282638 -0.500581 0.962385
2.284373 -0.501427 0.963273
2.286328 -0.501769 0.963668
2.288372 -0.501909 0.963866
2.290635 -0.501561 0.963588
2.312221 -0.458541 0.921607
2.314457 -0.458477 0.921608
2.316692 -0.458412 0.921609
2.318929 -0.458345 0.921607
2.321164 -0.458280 0.921608
2.272136 -0.568598 1.029446
2.270806 -0.575623 1.036366
2.282309 -0.555219 1.016491
2.285189 -0.553309 1.014683
2.287826 -0.551929 1.013393
2.278008 -0.497977 0.956685
2.279498 -0.499416 0.958159
2.281096 -0.500598 0.959379
2.282883 -0.501335 0.960165
2.284843 -0.501675 0.960560
2.286889 -0.501818 0.960761
2.289066 -0.501667 0.960675
2.309179 -0.461760 0.921604
2.311410 -0.461696 0.921605
2.313641 -0.461631 0.921606
2.315873 -0.461564 0.921604
2.318104 -0.461500 0.921605
2.320337 -0.461432 0.921604
2.272004 -0.570086 1.028170
2.271217 -0.575937 1.033962
2.272016 -0.578355 1.036388
2.285875 -0.553082 1.011676
2.288517 -0.551699 1.010380
2.277706 -0.499985 0.955684
2.279456 -0.500824 0.956572
2.281341 -0.501350 0.957152
2.283348 -0.501592 0.957452
2.285401 -0.501727 0.957647
2.287589 -0.501559 0.957543
2.306148 -0.464967 0.921601
2.308375 -0.464902 0.921602
2.310602 -0.464838 0.921603
2.312830 -0.464771 0.921601
2.315057 -0.464706 0.921602
2.317284 -0.464639 0.921600
2.319511 -0.464575 0.921602
2.271871 -0.571576 1.026897
2.271446 -0.576644 1.031938
2.271682 -0.580257 1.035548
2.273237 -0.581043 1.036377
2.289210 -0.551471 1.007358
2.277814 -0.501049 0.953756
2.279802 -0.501347 0.954113
2.281844 -0.501518 0.954344
2.283923 -0.501603 0.954490
2.300906 -0.468228 0.921599
2.303130 -0.468161 0.921597
2.305352 -0.468096 0.921598
2.307575 -0.468032 0.921600
2.309798 -0.467965 0.921598
2.312021 -0.467901 0.921599
2.314244 -0.467834 0.921597
2.316466 -0.467769 0.921598
2.318689 -0.467705 0.921599
2.271740 -0.573062 1.025623
2.271676 -0.577350 1.029911
2.272124 -0.580509 1.033085
2.272508 -0.583770 1.036359
2.289905 -0.551239 1.004325
2.278278 -0.501301 0.951022
2.280346 -0.501421 0.951205
2.282510 -0.501321 0.951168
2.297904 -0.471409 0.921596
2.300123 -0.471342 0.921594
2.302341 -0.471278 0.921595
2.304560 -0.471211 0.921594
2.306779 -0.471147 0.921595
2.308997 -0.471082 0.921596
2.311216 -0.471015 0.921594
2.313434 -0.470951 0.921595
2.315652 -0.470887 0.921596
2.272776 -0.567847 1.017660
2.271607 -0.574549 1.024352
2.271905 -0.578058 1.027884
2.272352 -0.581216 1.031067
2.272912 -0.584106 1.033984
2.273745 -0.586391 1.036303
2.278975 -0.501022 0.947754
2.292699 -0.474642 0.921592
2.294913 -0.474578 0.921593
2.297128 -0.474511 0.921591
2.299342 -0.474447 0.921592
2.301557 -0.474380 0.921591
2.303771 -0.474316 0.921592
2.305984 -0.474252 0.921593
2.308199 -0.474185 0.921591
2.310413 -0.474121 0.921592
2.312626 -0.474057 0.921593
2.314841 -0.473990 0.921592
2.272643 -0.569346 1.016381
2.271685 -0.575585 1.022636
2.272135 -0.578767 1.025854
2.272582 -0.581922 1.029045
2.273271 -0.584538 1.031700
2.274249 -0.586519 1.033725
2.289724 -0.477798 0.921589
2.291934 -0.477734 0.921590
2.294144 -0.477668 0.921588
2.296354 -0.477604 0.921589
2.298565 -0.477537 0.921588
2.300774 -0.477473 0.921589
2.302984 -0.477409 0.921590
2.305194 -0.477342 0.921588
2.307404 -0.477278 0.921589
2.309613 -0.477214 0.921590
2.311824 -0.477148 0.921588
2.314033 -0.477084 0.921589
2.272509 -0.570845 1.015105
2.271916 -0.576293 1.020593
2.272366 -0.579474 1.023821
2.272811 -0.582631 1.027023
2.273631 -0.584969 1.029410
2.274608 -0.586953 1.031445
2.288966 -0.480879 0.921587
2.291172 -0.480812 0.921585
2.293378 -0.480748 0.921586
2.295584 -0.480682 0.921584
2.297789 -0.480618 0.921585
2.299995 -0.480554 0.921586
2.302201 -0.480487 0.921585
2.304406 -0.480423 0.921586
2.306612 -0.480357 0.921584
2.308818 -0.480293 0.921585
2.311023 -0.480229 0.921586
2.313229 -0.480162 0.921585
2.272375 -0.572343 1.013830
2.272147 -0.577005 1.018550
2.272595 -0.580185 1.021787
2.273040 -0.583340 1.024999
2.273991 -0.585402 1.027119
2.274968 -0.587387 1.029160
2.288212 -0.483944 0.921582
2.290413 -0.483880 0.921583
2.292615 -0.483814 0.921581
2.294816 -0.483750 0.921582
2.297017 -0.483686 0.921583
2.299219 -0.483620 0.921582
2.301420 -0.483556 0.921583
2.303622 -0.483490 0.921581
2.305823 -0.483426 0.921582
2.308024 -0.483362 0.921583
2.310226 -0.483296 0.921582
2.273424 -0.567087 1.005722
2.272243 -0.573838 1.012554
2.272379 -0.577715 1.016502
2.272827 -0.580894 1.019749
2.273369 -0.583841 1.022764
2.274351 -0.585837 1.024823
2.275328 -0.587822 1.026872
2.287460 -0.487001 0.921580
2.289658 -0.486934 0.921578
2.291855 -0.486871 0.921579
2.294051 -0.486807 0.921580
2.296249 -0.486741 0.921579
2.298446 -0.486677 0.921580
2.300644 -0.486611 0.921578
2.302840 -0.486547 0.921579
2.305037 -0.486483 0.921580
2.307235 -0.486417 0.921579
2.309431 -0.486353 0.921580
2.273290 -0.568596 1.004439
2.272159 -0.575225 1.011172
2.272610 -0.578428 1.014455
2.273057 -0.581606 1.017712
2.273730 -0.584276 1.020457
2.274713 -0.586270 1.022522
2.275690 -0.588256 1.024579
2.286712 -0.490043 0.921575
2.288904 -0.489979 0.921576
2.291097 -0.489916 0.921577
2.293291 -0.489849 0.921576
2.295483 -0.489786 0.921577
2.297677 -0.489719 0.921575
2.299869 -0.489656 0.921576
2.302061 -0.489592 0.921577
2.304255 -0.489526 0.921576
2.306447 -0.489462 0.921577
2.308639 -0.489399 0.921578
2.273155 -0.570105 1.003160
2.272392 -0.575940 1.009113
2.272841 -0.579142 1.012405
2.273289 -0.582316 1.015670
2.274093 -0.584709 1.018144
2.275075 -0.586705 1.020219
2.276052 -0.588692 1.022283
2.285965 -0.493076 0.921573
2.288154 -0.493012 0.921574
2.290343 -0.492946 0.921573
2.292531 -0.492883 0.921574
2.294721 -0.492816 0.921572
2.296909 -0.492753 0.921573
2.299097 -0.492689 0.921574
2.301287 -0.492623 0.921572
2.303475 -0.492560 0.921574
2.305663 -0.492496 0.921575
2.307852 -0.492430 0.921573
2.273020 -0.571613 1.001882
2.272625 -0.576654 1.007050
2.273074 -0.579854 1.010352
2.273519 -0.583031 1.013630
2.274455 -0.585145 1.015830
2.275437 -0.587142 1.017912
2.276414 -0.589129 1.019983
2.285222 -0.496097 0.921571
2.287407 -0.496031 0.921570
2.289591 -0.495967 0.921571
2.291775 -0.495904 0.921572
2.293961 -0.495838 0.921570
2.296145 -0.495775 0.921571
2.298330 -0.495709 0.921569
2.300514 -0.495645 0.921570
2.302697 -0.495582 0.921572
2.304882 -0.495516 0.921570
2.307066 -0.495452 0.921571
2.272886 -0.573118 1.000603
2.272857 -0.577370 1.004986
2.273306 -0.580569 1.008298
2.273831 -0.583574 1.011411
2.274818 -0.585581 1.013511
2.275800 -0.587579 1.015601
2.276778 -0.589565 1.017678
2.284482 -0.499104 0.921567
2.286662 -0.499041 0.921568
2.288842 -0.498977 0.921569
2.291023 -0.498911 0.921567
2.293203 -0.498848 0.921568
2.295384 -0.498782 0.921566
2.297564 -0.498719 0.921567
2.299744 -0.498655 0.921569
2.301924 -0.498590 0.921567
2.304104 -0.498526 0.921568
2.273945 -0.567836 0.992343
2.272755 -0.574617 0.999320
2.273091 -0.578085 1.002918
2.273539 -0.581283 1.006240
2.274196 -0.584008 1.009079
2.275183 -0.586017 1.011187
2.276164 -0.588015 1.013284
2.277141 -0.590004 1.015371
2.283745 -0.502102 0.921565
2.285920 -0.502039 0.921566
2.288097 -0.501973 0.921564
2.290273 -0.501910 0.921565
2.292450 -0.501844 0.921563
2.294625 -0.501781 0.921564
2.296801 -0.501717 0.921565
2.298978 -0.501652 0.921564
2.301153 -0.501588 0.921565
2.303329 -0.501525 0.921566
2.273809 -0.569355 0.991060
2.272873 -0.575581 0.997493
2.273324 -0.578803 1.000851
2.273771 -0.582000 1.004182
2.274560 -0.584446 1.006745
2.275547 -0.586455 1.008860
2.276529 -0.588454 1.010965
2.277506 -0.590441 1.013057
2.283010 -0.505088 0.921563
2.285182 -0.505023 0.921561
2.287354 -0.504960 0.921562
2.289527 -0.504894 0.921560
2.291698 -0.504831 0.921561
2.293870 -0.504768 0.921562
2.296042 -0.504702 0.921561
2.298214 -0.504639 0.921562
2.300385 -0.504576 0.921563
2.302557 -0.504510 0.921561
2.273673 -0.570874 0.989779
2.273107 -0.576301 0.995413
2.273557 -0.579522 0.998781
2.274004 -0.582717 1.002122
2.274925 -0.584884 1.004407
2.275912 -0.586894 1.006530
2.276893 -0.588893 1.008643
2.277930 -0.590759 1.010618
2.282279 -0.508061 0.921558
2.284446 -0.507998 0.921559
2.286615 -0.507932 0.921557
2.288782 -0.507869 0.921558
2.290949 -0.507806 0.921559
2.293118 -0.507741 0.921558
2.295285 -0.507678 0.921559
2.297452 -0.507615 0.921560
2.299621 -0.507549 0.921558
2.301788 -0.507486 0.921559
2.273538 -0.572388 0.988497
2.273342 -0.577019 0.993329
2.273792 -0.580239 0.996707
2.274299 -0.583303 0.999924
2.275291 -0.585323 1.002065
2.276278 -0.587331 1.004194
2.277260 -0.589332 1.006314
2.278382 -0.591020 1.008113
2.281549 -0.511025 0.921556
2.283714 -0.510959 0.921554
2.285877 -0.510896 0.921555
2.288040 -0.510833 0.921557
2.290205 -0.510768 0.921555
2.292368 -0.510705 0.921556
2.294531 -0.510642 0.921557
2.296695 -0.510577 0.921555
2.298858 -0.510514 0.921556
2.301023 -0.510448 0.921555
2.273405 -0.573897 0.987211
2.273577 -0.577740 0.991245
2.274025 -0.580959 0.994633
2.274667 -0.583740 0.997568
2.275658 -0.585761 0.999717
2.276644 -0.587772 1.001856
2.277626 -0.589773 1.003983
2.278835 -0.591283 1.005605
2.280824 -0.513975 0.921551
2.282983 -0.513912 0.921553
2.285142 -0.513849 0.921554
2.287303 -0.513784 0.921552
2.289462 -0.513721 0.921553
2.291621 -0.513658 0.921554
2.293781 -0.513593 0.921552
2.295940 -0.513530 0.921553
2.298100 -0.513464 0.921552
2.274472 -0.568596 0.978802
2.273360 -0.575219 0.985734
2.273812 -0.578460 0.989157
2.274259 -0.581680 0.992556
2.275033 -0.584180 0.995210
2.276025 -0.586202 0.997367
2.277011 -0.588213 0.999514
2.277993 -0.590212 1.001647
2.279288 -0.591547 1.003091
2.280100 -0.516916 0.921550
2.282255 -0.516853 0.921551
2.284411 -0.516788 0.921549
2.286566 -0.516725 0.921550
2.288721 -0.516662 0.921551
2.290878 -0.516597 0.921549
2.293032 -0.516534 0.921550
2.295188 -0.516469 0.921549
2.297343 -0.516406 0.921550
2.274335 -0.570124 0.977518
2.273597 -0.575941 0.983633
2.274047 -0.579183 0.987068
2.274494 -0.582401 0.990478
2.275401 -0.584621 0.992849
2.276392 -0.586643 0.995013
2.277379 -0.588653 0.997165
2.278441 -0.590488 0.999135
2.279744 -0.591810 1.000570
2.279379 -0.519846 0.921548
2.281531 -0.519781 0.921546
2.283682 -0.519718 0.921547
2.285833 -0.519656 0.921548
2.287985 -0.519590 0.921547
2.290136 -0.519528 0.921548
2.292288 -0.519463 0.921546
2.294439 -0.519400 0.921547
2.296590 -0.519337 0.921548
2.274199 -0.571649 0.976233
2.273832 -0.576666 0.981533
2.274282 -0.579906 0.984978
2.274773 -0.583029 0.988299
2.275769 -0.585062 0.990483
2.276761 -0.587083 0.992653
2.277747 -0.589095 0.994815
2.278897 -0.590750 0.996603
2.280200 -0.592075 0.998046
2.278662 -0.522762 0.921543
2.280809 -0.522700 0.921544
2.282956 -0.522637 0.921545
2.285104 -0.522572 0.921544
2.287251 -0.522510 0.921545
2.289398 -0.522445 0.921543
2.291545 -0.522382 0.921544
2.293692 -0.522320 0.921545
2.295840 -0.522255 0.921543
2.274065 -0.573168 0.974944
2.274069 -0.577389 0.979427
2.274518 -0.580631 0.982885
2.275143 -0.583468 0.985919
2.276139 -0.585502 0.988111
2.277130 -0.587526 0.990291
2.278117 -0.589537 0.992459
2.279353 -0.591015 0.994068
2.280656 -0.592340 0.995517
2.277946 -0.525670 0.921541
2.280089 -0.525608 0.921542
2.282233 -0.525543 0.921541
2.284376 -0.525481 0.921542
2.286520 -0.525416 0.921540
2.288663 -0.525353 0.921541
2.290805 -0.525291 0.921542
2.292949 -0.525226 0.921541
2.275144 -0.567827 0.966383
2.273932 -0.574684 0.973654
2.274306 -0.578115 0.977322
2.274753 -0.581356 0.980790
2.275512 -0.583911 0.983537
2.276508 -0.585945 0.985737
2.277499 -0.587969 0.987925
2.278501 -0.589949 0.990067
2.279810 -0.591280 0.991527
2.281115 -0.592604 0.992980
2.277233 -0.528567 0.921539
2.279373 -0.528503 0.921538
2.281512 -0.528440 0.921539
2.283652 -0.528375 0.921537
2.285791 -0.528313 0.921538
2.287929 -0.528251 0.921539
2.290069 -0.528186 0.921538
2.292208 -0.528123 0.921539
2.275005 -0.569365 0.965096
2.274091 -0.575579 0.971712
2.274542 -0.578842 0.975215
2.274989 -0.582081 0.978693
2.275882 -0.584354 0.981151
2.276878 -0.586389 0.983359
2.277870 -0.588411 0.985553
2.278958 -0.590214 0.987515
2.280268 -0.591544 0.988979
2.281573 -0.592871 0.990439
2.276524 -0.531451 0.921535
2.278659 -0.531389 0.921536
2.280794 -0.531326 0.921537
2.282930 -0.531262 0.921535
2.285064 -0.531199 0.921536
2.287200 -0.531135 0.921535
2.289335 -0.531072 0.921536
2.291470 -0.531010 0.921537
2.274868 -0.570901 0.963807
2.274329 -0.576306 0.969590
2.274779 -0.579570 0.973106
2.275252 -0.582752 0.976534
2.276253 -0.584798 0.978761
2.277250 -0.586831 0.980975
2.278240 -0.588856 0.983179
2.279418 -0.590477 0.984955
2.280727 -0.591810 0.986427
2.282032 -0.593138 0.987894
2.275817 -0.534326 0.921533
2.277947 -0.534264 0.921534
2.280079 -0.534199 0.921532
2.282210 -0.534137 0.921533
2.284342 -0.534073 0.921532
2.286473 -0.534010 0.921533
2.288603 -0.533948 0.921534
2.290735 -0.533884 0.921532
2.274733 -0.572430 0.962515
2.274567 -0.577036 0.967468
2.275016 -0.580298 0.970994
2.275625 -0.583193 0.974130
2.276625 -0.585240 0.976365
2.277621 -0.587276 0.978589
2.278613 -0.589300 0.980799
2.279877 -0.590743 0.982392
2.281187 -0.592077 0.983870
2.282494 -0.593404 0.985340
2.275112 -0.537191 0.921531
2.277240 -0.537126 0.921530
2.279366 -0.537064 0.921531
2.281494 -0.536999 0.921529
2.283621 -0.536937 0.921530
2.285748 -0.536875 0.921531
2.287876 -0.536811 0.921529
2.290002 -0.536749 0.921530
2.274599 -0.573956 0.961222
2.274806 -0.577764 0.965341
2.275254 -0.581028 0.968880
2.275997 -0.583638 0.971724
2.276997 -0.585686 0.973967
2.277994 -0.587720 0.976196
2.279022 -0.589670 0.978335
2.280337 -0.591010 0.979824
2.281649 -0.592342 0.981305
2.282955 -0.593673 0.982783
2.274411 -0.540042 0.921527
2.276533 -0.539980 0.921528
2.278657 -0.539915 0.921526
2.280780 -0.539853 0.921527
2.282903 -0.539791 0.921528
2.285027 -0.539727 0.921527
2.287149 -0.539665 0.921528
2.275684 -0.568596 0.952509
2.274592 -0.575211 0.959641
2.275044 -0.578495 0.963215
2.275491 -0.581758 0.966764
2.276369 -0.584084 0.969313
2.277370 -0.586132 0.971564
2.278367 -0.588167 0.973802
2.279482 -0.589936 0.975755
2.280799 -0.591274 0.977247
2.282111 -0.592610 0.978737
2.283418 -0.593942 0.980221
2.273711 -0.542885 0.921525
2.275831 -0.542820 0.921523
2.277950 -0.542759 0.921524
2.280069 -0.542697 0.921525
2.282188 -0.542632 0.921524
2.284307 -0.542570 0.921525
2.286427 -0.542506 0.921523
2.275546 -0.570142 0.951217
2.274831 -0.575944 0.957502
2.275283 -0.579227 0.961086
2.275737 -0.582471 0.964627
2.276744 -0.584528 0.966896
2.277744 -0.586577 0.969156
2.278741 -0.588613 0.971401
2.279945 -0.590201 0.973167
2.281261 -0.591542 0.974667
2.282573 -0.592879 0.976163
2.283881 -0.594211 0.977654
2.273015 -0.545715 0.921520
2.275130 -0.545653 0.921521
2.277245 -0.545591 0.921522
2.279361 -0.545527 0.921521
2.281476 -0.545465 0.921522
2.283592 -0.545401 0.921520
2.285706 -0.545339 0.921521
2.275410 -0.571682 0.949922
2.275072 -0.576676 0.955359
2.275522 -0.579960 0.958955
2.276112 -0.582915 0.962198
2.277118 -0.584975 0.964477
2.278118 -0.587024 0.966745
2.279115 -0.589061 0.968999
2.280407 -0.590468 0.970575
2.281724 -0.591810 0.972082
2.283037 -0.593148 0.973584
2.284345 -0.594481 0.975080
2.272320 -0.548537 0.921519
2.274432 -0.548475 0.921520
2.276544 -0.548411 0.921518
2.278655 -0.548349 0.921519
2.280765 -0.548287 0.921520
2.282877 -0.548223 0.921518
2.284988 -0.548162 0.921519
2.275275 -0.573218 0.948626
2.275312 -0.577411 0.953215
2.275760 -0.580696 0.956825
2.276487 -0.583363 0.959767
2.277493 -0.585423 0.962054
2.278494 -0.587471 0.964328
2.279548 -0.589388 0.966460
2.280871 -0.590736 0.967978
2.282189 -0.592079 0.969491
2.283502 -0.593418 0.970999
2.284836 -0.594701 0.972447
2.271629 -0.551348 0.921517
2.273737 -0.551284 0.921515
2.275844 -0.551222 0.921516
2.277951 -0.551161 0.921517
2.280059 -0.551097 0.921516
2.282166 -0.551035 0.921517
2.276373 -0.567817 0.939754
2.275139 -0.574756 0.947333
2.275552 -0.578146 0.951069
2.275999 -0.581430 0.954689
2.276863 -0.583811 0.957331
2.277869 -0.585869 0.959625
2.278869 -0.587920 0.961909
2.280012 -0.589655 0.963851
2.281336 -0.591002 0.965373
2.282655 -0.592346 0.966893
2.283969 -0.593686 0.968406
2.285381 -0.594814 0.969690
2.583706 -0.318193 0.921744
2.586126 -0.318121 0.921742
2.588543 -0.318052 0.921743
2.590962 -0.317980 0.921742
2.593379 -0.317912 0.921743
2.595796 -0.317843 0.921744
2.598216 -0.317771 0.921742
2.600633 -0.317703 0.921743
2.603052 -0.317631 0.921741
2.605469 -0.317562 0.921743
2.607885 -0.317493 0.921744
2.610304 -0.317421 0.921742
2.612721 -0.317353 0.921743
2.615140 -0.317281 0.921741
2.582252 -0.321903 0.921739
2.584664 -0.321834 0.921740
2.587078 -0.321762 0.921738
2.589490 -0.321694 0.921739
2.591902 -0.321625 0.921740
2.594316 -0.321554 0.921738
2.596728 -0.321485 0.921740
2.599142 -0.321413 0.921738
2.601554 -0.321345 0.921739
2.603966 -0.321276 0.921740
2.606380 -0.321204 0.921738
2.608791 -0.321136 0.921739
2.611205 -0.321064 0.921738
2.613617 -0.320996 0.921739
2.580801 -0.325600 0.921736
2.583210 -0.325528 0.921734
2.585617 -0.325460 0.921735
2.588024 -0.325392 0.921736
2.590433 -0.325320 0.921735
2.592840 -0.325252 0.921736
2.595249 -0.325180 0.921734
2.597656 -0.325111 0.921735
2.600062 -0.325043 0.921736
2.602471 -0.324971 0.921735
2.604878 -0.324903 0.921736
2.607287 -0.324831 0.921734
2.609693 -0.324763 0.921735
2.612100 -0.324694 0.921736
2.579359 -0.329278 0.921730
2.581761 -0.329210 0.921732
2.584163 -0.329142 0.921733
2.586567 -0.329070 0.921731
2.588968 -0.329002 0.921732
2.591372 -0.328930 0.921730
2.593774 -0.328862 0.921731
2.596176 -0.328794 0.921733
2.598579 -0.328722 0.921731
2.600981 -0.328654 0.921732
2.603385 -0.328582 0.921730
2.605786 -0.328514 0.921731
2.608188 -0.328446 0.921732
2.610591 -0.328374 0.921731
2.577921 -0.332945 0.921728
2.580318 -0.332876 0.921729
2.582716 -0.332805 0.921727
2.585113 -0.332737 0.921728
2.587512 -0.332665 0.921727
2.589909 -0.332597 0.921728
2.592305 -0.332529 0.921729
2.594704 -0.332458 0.921727
2.597101 -0.332389 0.921728
2.599499 -0.332318 0.921727
2.601896 -0.332250 0.921728
2.604292 -0.332182 0.921729
2.606691 -0.332110 0.921727
2.609087 -0.332042 0.921728
2.576489 -0.336595 0.921725
2.578882 -0.336524 0.921724
2.581274 -0.336456 0.921725
2.583668 -0.336384 0.921723
2.586060 -0.336316 0.921724
2.588451 -0.336248 0.921725
2.590845 -0.336177 0.921724
2.593236 -0.336109 0.921725
2.595630 -0.336038 0.921723
2.598022 -0.335970 0.921724
2.600413 -0.335902 0.921725
2.602806 -0.335830 0.921723
2.605198 -0.335762 0.921725
2.607591 -0.335691 0.921723
2.575065 -0.340227 0.921720
2.577451 -0.340159 0.921721
2.579840 -0.340088 0.921719
2.582227 -0.340020 0.921721
2.584613 -0.339952 0.921722
2.587002 -0.339881 0.921720
2.589389 -0.339813 0.921721
2.591777 -0.339742 0.921719
2.594164 -0.339674 0.921720
2.596550 -0.339606 0.921722
2.598939 -0.339535 0.921720
2.601325 -0.339467 0.921721
2.603713 -0.339395 0.921719
2.606100 -0.339328 0.921720
2.573644 -0.343847 0.921718
2.576028 -0.343776 0.921716
2.578410 -0.343708 0.921717
2.580792 -0.343640 0.921718
2.583175 -0.343569 0.921716
2.585557 -0.343501 0.921717
2.587941 -0.343430 0.921716
2.590322 -0.343362 0.921717
2.592703 -0.343295 0.921718
2.595087 -0.343224 0.921716
2.597468 -0.343156 0.921717
2.599852 -0.343085 0.921715
2.602233 -0.343017 0.921717
2.604614 -0.342949 0.921718
2.572230 -0.347452 0.921715
2.574609 -0.347381 0.921713
2.576986 -0.347313 0.921714
2.579365 -0.347242 0.921713
2.581741 -0.347174 0.921714
2.584120 -0.347103 0.921712
2.586496 -0.347036 0.921713
2.588873 -0.346968 0.921714
2.591251 -0.346897 0.921713
2.593628 -0.346829 0.921714
2.596006 -0.346758 0.921712
2.598383 -0.346691 0.921713
2.600759 -0.346623 0.921714
2.603137 -0.346552 0.921712
2.570824 -0.351038 0.921710
2.573196 -0.350971 0.921711
2.575570 -0.350900 0.921709
2.577941 -0.350832 0.921710
2.580315 -0.350761 0.921708
2.582687 -0.350694 0.921710
2.585058 -0.350626 0.921711
2.587432 -0.350555 0.921709
2.589803 -0.350488 0.921710
2.592177 -0.350417 0.921708
2.594548 -0.350349 0.921709
2.596920 -0.350282 0.921711
2.599293 -0.350211 0.921709
2.601665 -0.350143 0.921710
2.569422 -0.354613 0.921707
2.571791 -0.354542 0.921705
2.574157 -0.354475 0.921707
2.576526 -0.354404 0.921705
2.578893 -0.354336 0.921706
2.581260 -0.354269 0.921707
2.583628 -0.354198 0.921705
2.585995 -0.354131 0.921706
2.588364 -0.354060 0.921705
2.590730 -0.353992 0.921706
2.593097 -0.353925 0.921707
2.595465 -0.353854 0.921705
2.597832 -0.353787 0.921706
2.600200 -0.353716 0.921705
2.568027 -0.358169 0.921702
2.570389 -0.358102 0.921703
2.572751 -0.358035 0.921704
2.575115 -0.357964 0.921702
2.577477 -0.357897 0.921704
2.579841 -0.357826 0.921702
2.582202 -0.357759 0.921703
2.584564 -0.357691 0.921704
2.586928 -0.357621 0.921702
2.589289 -0.357553 0.921703
2.591653 -0.357483 0.921702
2.594014 -0.357415 0.921703
2.596378 -0.357345 0.921701
2.598739 -0.357277 0.921702
2.566637 -0.361714 0.921700
2.568994 -0.361647 0.921701
2.571353 -0.361576 0.921699
2.573710 -0.361509 0.921700
2.576069 -0.361439 0.921698
2.578425 -0.361371 0.921699
2.580782 -0.361304 0.921700
2.583141 -0.361234 0.921699
2.585498 -0.361166 0.921700
2.587857 -0.361096 0.921698
2.590213 -0.361029 0.921699
2.592572 -0.360958 0.921697
2.594928 -0.360891 0.921699
2.597285 -0.360824 0.921700
2.565252 -0.365244 0.921697
2.567606 -0.365174 0.921695
2.569958 -0.365107 0.921696
2.572312 -0.365036 0.921695
2.574664 -0.364969 0.921696
2.577016 -0.364902 0.921697
2.579370 -0.364832 0.921695
2.581722 -0.364765 0.921696
2.584076 -0.364694 0.921695
2.586428 -0.364627 0.921696
2.588781 -0.364557 0.921694
2.591133 -0.364490 0.921695
2.593485 -0.364422 0.921696
2.595839 -0.364352 0.921694
2.563875 -0.368757 0.921692
2.566222 -0.368690 0.921693
2.568571 -0.368619 0.921691
2.570918 -0.368552 0.921692
2.573265 -0.368485 0.921693
2.575615 -0.368415 0.921692
2.577962 -0.368348 0.921693
2.580311 -0.368278 0.921691
2.582658 -0.368211 0.921692
2.585007 -0.368140 0.921690
2.587354 -0.368073 0.921692
2.589700 -0.368006 0.921693
2.592049 -0.367936 0.921691
2.594396 -0.367869 0.921692
2.564846 -0.372188 0.921688
2.567188 -0.372121 0.921689
2.569530 -0.372054 0.921690
2.571875 -0.371984 0.921688
2.574217 -0.371917 0.921689
2.576561 -0.371846 0.921688
2.578903 -0.371780 0.921689
2.581245 -0.371713 0.921690
2.583590 -0.371642 0.921688
2.585932 -0.371576 0.921689
2.588276 -0.371505 0.921687
2.590618 -0.371438 0.921689
2.592960 -0.371372 0.921690
2.568150 -0.375537 0.921685
2.570487 -0.375471 0.921686
2.572827 -0.375401 0.921684
2.575164 -0.375334 0.921685
2.577502 -0.375267 0.921686
2.579841 -0.375197 0.921685
2.582178 -0.375130 0.921686
2.584518 -0.375060 0.921684
2.586855 -0.374993 0.921685
2.589192 -0.374926 0.921686
2.591531 -0.374856 0.921684
2.569108 -0.378940 0.921681
2.571441 -0.378873 0.921682
2.573773 -0.378807 0.921683
2.576108 -0.378737 0.921681
2.578440 -0.378670 0.921682
2.580775 -0.378600 0.921680
2.583107 -0.378533 0.921682
2.585440 -0.378467 0.921683
2.587774 -0.378397 0.921681
2.590106 -0.378330 0.921682
2.570060 -0.382332 0.921679
2.572390 -0.382262 0.921678
2.574718 -0.382195 0.921679
2.577048 -0.382126 0.921677
2.579375 -0.382059 0.921678
2.581703 -0.381992 0.921679
2.584033 -0.381923 0.921678
2.586360 -0.381856 0.921679
2.588690 -0.381786 0.921677
2.568687 -0.385773 0.921674
2.571010 -0.385706 0.921675
2.573335 -0.385637 0.921674
2.575658 -0.385570 0.921675
2.577981 -0.385504 0.921676
2.580306 -0.385434 0.921674
2.582629 -0.385367 0.921675
2.584954 -0.385298 0.921673
2.587277 -0.385231 0.921675
2.569639 -0.389133 0.921670
2.571957 -0.389067 0.921671
2.574275 -0.389001 0.921672
2.576595 -0.388931 0.921671
2.578913 -0.388865 0.921672
2.581234 -0.388795 0.921670
2.583552 -0.388729 0.921671
2.585870 -0.388662 0.921672
2.568270 -0.392550 0.921668
2.570584 -0.392483 0.921669
2.572899 -0.392414 0.921667
2.575213 -0.392348 0.921668
2.577528 -0.392278 0.921667
2.579841 -0.392212 0.921668
2.582155 -0.392146 0.921669
2.584470 -0.392076 0.921667
2.569218 -0.395883 0.921664
2.571527 -0.395817 0.921665
2.573838 -0.395747 0.921663
2.576147 -0.395681 0.921664
2.578455 -0.395615 0.921665
2.580766 -0.395546 0.921664
2.583074 -0.395479 0.921665
2.567856 -0.399271 0.921662
2.570162 -0.399202 0.921660
2.572466 -0.399136 0.921661
2.574770 -0.399070 0.921662
2.577077 -0.399001 0.921660
2.579380 -0.398935 0.921661
2.581686 -0.398866 0.921660
2.566502 -0.402643 0.921656
2.568801 -0.402577 0.921658
2.571101 -0.402511 0.921659
2.573402 -0.402442 0.921657
2.575701 -0.402376 0.921658
2.578003 -0.402307 0.921656
2.580302 -0.402241 0.921657
2.565151 -0.406004 0.921654
2.567446 -0.405938 0.921655
2.569743 -0.405869 0.921654
2.572037 -0.405804 0.921655
2.574334 -0.405735 0.921653
2.576629 -0.405669 0.921654
2.578923 -0.405603 0.921655
2.563806 -0.409352 0.921652
2.566098 -0.409283 0.921650
2.568388 -0.409217 0.921651
2.570680 -0.409148 0.921650
2.572970 -0.409083 0.921651
2.575260 -0.409017 0.921652
2.577552 -0.408948 0.921650
2.560180 -0.412751 0.921649
2.562468 -0.412683 0.921647
2.564753 -0.412617 0.921648
2.567041 -0.412548 0.921646
2.569326 -0.412483 0.921647
2.571612 -0.412417 0.921648
2.573899 -0.412348 0.921647
2.576184 -0.412283 0.921648
2.558852 -0.416069 0.921644
2.561133 -0.416003 0.921645
2.563414 -0.415938 0.921646
2.565697 -0.415869 0.921644
2.567978 -0.415804 0.921645
2.570261 -0.415735 0.921643
2.572541 -0.415669 0.921644
2.574822 -0.415604 0.921646
2.552972 -0.419510 0.921642
2.555251 -0.419441 0.921640
2.557527 -0.419376 0.921641
2.559804 -0.419311 0.921642
2.562082 -0.419242 0.921641
2.564358 -0.419177 0.921642
2.566637 -0.419108 0.921640
2.568913 -0.419043 0.921641
2.571189 -0.418977 0.921642
2.573467 -0.418909 0.921641
2.549390 -0.422869 0.921639
2.551664 -0.422801 0.921637
2.553936 -0.422735 0.921638
2.556208 -0.422670 0.921639
2.558482 -0.422602 0.921637
2.560754 -0.422536 0.921638
2.563027 -0.422468 0.921637
2.565299 -0.422402 0.921638
2.567571 -0.422337 0.921639
2.569845 -0.422269 0.921637
2.572116 -0.422203 0.921638
2.545822 -0.426215 0.921635
2.548092 -0.426146 0.921634
2.550359 -0.426081 0.921635
2.552627 -0.426016 0.921636
2.554896 -0.425948 0.921634
2.557163 -0.425882 0.921635
2.559433 -0.425814 0.921634
2.561700 -0.425749 0.921635
2.563967 -0.425684 0.921636
2.566236 -0.425615 0.921634
2.568503 -0.425550 0.921635
2.570772 -0.425482 0.921633
2.544534 -0.429479 0.921630
2.546797 -0.429414 0.921631
2.549060 -0.429348 0.921633
2.551324 -0.429280 0.921631
2.553587 -0.429215 0.921632
2.555852 -0.429147 0.921630
2.558115 -0.429082 0.921631
2.560377 -0.429017 0.921632
2.562642 -0.428949 0.921631
2.564905 -0.428883 0.921632
2.567169 -0.428815 0.921630
2.569432 -0.428750 0.921631
2.540990 -0.432798 0.921627
2.543248 -0.432733 0.921628
2.545507 -0.432668 0.921629
2.547767 -0.432600 0.921628
2.550025 -0.432535 0.921629
2.552286 -0.432467 0.921627
2.554544 -0.432402 0.921628
2.556802 -0.432337 0.921629
2.559062 -0.432269 0.921627
2.561320 -0.432204 0.921629
2.563581 -0.432136 0.921627
2.565839 -0.432070 0.921628
2.568097 -0.432005 0.921629
2.537458 -0.436107 0.921627
2.539714 -0.436039 0.921625
2.541968 -0.435974 0.921626
2.544224 -0.435906 0.921624
2.546477 -0.435841 0.921625
2.548733 -0.435773 0.921624
2.550987 -0.435708 0.921625
2.553241 -0.435643 0.921626
2.555497 -0.435575 0.921624
2.557750 -0.435510 0.921625
2.560006 -0.435443 0.921624
2.562260 -0.435378 0.921625
2.564513 -0.435313 0.921626
2.566769 -0.435245 0.921624
2.536193 -0.439332 0.921622
2.538443 -0.439267 0.921623
2.540694 -0.439199 0.921621
2.542944 -0.439134 0.921622
2.545195 -0.439067 0.921621
2.547445 -0.439002 0.921622
2.549694 -0.438937 0.921623
2.551945 -0.438869 0.921621
2.554194 -0.438804 0.921622
2.556446 -0.438737 0.921620
2.558695 -0.438672 0.921621
2.560944 -0.438607 0.921623
2.563195 -0.438539 0.921621
2.565444 -0.438474 0.921622
2.534932 -0.442547 0.921620
2.537179 -0.442479 0.921618
2.539424 -0.442415 0.921619
2.541671 -0.442347 0.921617
2.543916 -0.442282 0.921618
2.546161 -0.442218 0.921619
2.548408 -0.442150 0.921618
2.550653 -0.442085 0.921619
2.552899 -0.442018 0.921617
2.555144 -0.441953 0.921618
2.557389 -0.441888 0.921619
2.559636 -0.441820 0.921618
2.561880 -0.441756 0.921619
2.564127 -0.441688 0.921617
2.533677 -0.445747 0.921615
2.535918 -0.445682 0.921616
2.538159 -0.445617 0.921617
2.540401 -0.445550 0.921615
2.542642 -0.445485 0.921616
2.544884 -0.445418 0.921615
2.547125 -0.445353 0.921616
2.549367 -0.445286 0.921614
2.551608 -0.445221 0.921615
2.553848 -0.445156 0.921616
2.556090 -0.445089 0.921614
2.558331 -0.445024 0.921616
2.560573 -0.444957 0.921614
2.562813 -0.444892 0.921615
2.532426 -0.448937 0.921613
2.534662 -0.448872 0.921614
2.536900 -0.448805 0.921612
2.539137 -0.448740 0.921613
2.541375 -0.448673 0.921611
2.543611 -0.448608 0.921612
2.545847 -0.448544 0.921614
2.548085 -0.448476 0.921612
2.550321 -0.448412 0.921613
2.552559 -0.448344 0.921611
2.554795 -0.448280 0.921612
2.557032 -0.448212 0.921611
2.559268 -0.448148 0.921612
2.561504 -0.448083 0.921613
2.531179 -0.452114 0.921610
2.533413 -0.452047 0.921609
2.535645 -0.451982 0.921610
2.537879 -0.451915 0.921608
2.540110 -0.451850 0.921609
2.542342 -0.451786 0.921610
2.544576 -0.451719 0.921609
2.546807 -0.451654 0.921610
2.549041 -0.451587 0.921608
2.551273 -0.451522 0.921609
2.553506 -0.451455 0.921607
2.555738 -0.451391 0.921609
2.557969 -0.451326 0.921610
2.560202 -0.451259 0.921608
2.529940 -0.455276 0.921606
2.532167 -0.455211 0.921607
2.534397 -0.455144 0.921605
2.536624 -0.455080 0.921606
2.538851 -0.455016 0.921607
2.541081 -0.454948 0.921606
2.543308 -0.454884 0.921607
2.545537 -0.454817 0.921605
2.547764 -0.454752 0.921606
2.549993 -0.454685 0.921604
2.552221 -0.454621 0.921605
2.554448 -0.454557 0.921606
2.556677 -0.454489 0.921605
2.558904 -0.454425 0.921606
2.528703 -0.458428 0.921604
2.530928 -0.458361 0.921602
2.533151 -0.458297 0.921603
2.535374 -0.458233 0.921604
2.537599 -0.458166 0.921602
2.539822 -0.458101 0.921603
2.542047 -0.458034 0.921602
2.544270 -0.457970 0.921603
2.546495 -0.457903 0.921601
2.548717 -0.457839 0.921602
2.550940 -0.457774 0.921603
2.553165 -0.457707 0.921602
2.555388 -0.457643 0.921603
2.557612 -0.457576 0.921601
2.527473 -0.461565 0.921599
2.529692 -0.461501 0.921600
2.531911 -0.461437 0.921601
2.534131 -0.461370 0.921599
2.536350 -0.461306 0.921600
2.538570 -0.461239 0.921599
2.540789 -0.461175 0.921600
2.543007 -0.461111 0.921601
2.545228 -0.461044 0.921599
2.547446 -0.460980 0.921600
2.549667 -0.460913 0.921598
2.551885 -0.460848 0.921600
2.554106 -0.460781 0.921598
2.556324 -0.460717 0.921599
2.526246 -0.464693 0.921597
2.528460 -0.464629 0.921598
2.530677 -0.464562 0.921596
2.532891 -0.464498 0.921597
2.535107 -0.464431 0.921595
2.537322 -0.464367 0.921597
2.539536 -0.464303 0.921598
2.541752 -0.464236 0.921596
2.543966 -0.464172 0.921597
2.546182 -0.464105 0.921595
2.548396 -0.464041 0.921596
2.550610 -0.463977 0.921597
2.552826 -0.463910 0.921596
2.555040 -0.463846 0.921597
2.525024 -0.467809 0.921595
2.527236 -0.467742 0.921593
2.529446 -0.467678 0.921594
2.531658 -0.467611 0.921592
2.533868 -0.467547 0.921593
2.536078 -0.467483 0.921594
2.538290 -0.467417 0.921593
2.540499 -0.467353 0.921594
2.542711 -0.467286 0.921592
2.544921 -0.467222 0.921593
2.547131 -0.467158 0.921594
2.549343 -0.467091 0.921593
2.551552 -0.467027 0.921594
2.553764 -0.466960 0.921592
2.523808 -0.470909 0.921590
2.526014 -0.470845 0.921591
2.528222 -0.470779 0.921589
2.530427 -0.470715 0.921590
2.532633 -0.470651 0.921591
2.534841 -0.470584 0.921590
2.537046 -0.470520 0.921591
2.539254 -0.470454 0.921589
2.541459 -0.470390 0.921590
2.543665 -0.470326 0.921591
2.545872 -0.470260 0.921590
2.548078 -0.470196 0.921591
2.550285 -0.470129 0.921589
2.552491 -0.470065 0.921590
2.522595 -0.474001 0.921588
2.524799 -0.473934 0.921586
2.527000 -0.473870 0.921587
2.529202 -0.473806 0.921588
2.531405 -0.473740 0.921587
2.533606 -0.473676 0.921588
2.535810 -0.473610 0.921586
2.538011 -0.473546 0.921587
2.540212 -0.473482 0.921588
2.542416 -0.473416 0.921587
2.544617 -0.473352 0.921588
2.546820 -0.473285 0.921586
2.549021 -0.473222 0.921587
2.551224 -0.473155 0.921585
2.521389 -0.477077 0.921583
2.523586 -0.477013 0.921584
2.525784 -0.476950 0.921585
2.527983 -0.476883 0.921584
2.530180 -0.476820 0.921585
2.532379 -0.476753 0.921583
2.534576 -0.476690 0.921584
2.536773 -0.476626 0.921585
2.538972 -0.476560 0.921583
2.541169 -0.476496 0.921584
2.543368 -0.476429 0.921583
2.545565 -0.476366 0.921584
2.547762 -0.476302 0.921585
2.549961 -0.476236 0.921583
2.520186 -0.480144 0.921581
2.522379 -0.480081 0.921582
2.524574 -0.480015 0.921580
2.526767 -0.479951 0.921582
2.528961 -0.479885 0.921580
2.531154 -0.479821 0.921581
2.533347 -0.479758 0.921582
2.535542 -0.479691 0.921580
2.537735 -0.479628 0.921581
2.539929 -0.479561 0.921580
2.542122 -0.479498 0.921581
2.544315 -0.479434 0.921582
2.546509 -0.479368 0.921580
2.548702 -0.479304 0.921581
2.518987 -0.483200 0.921579
2.521178 -0.483134 0.921577
2.523366 -0.483070 0.921578
2.525557 -0.483004 0.921577
2.527746 -0.482941 0.921578
2.529934 -0.482877 0.921579
2.532125 -0.482811 0.921577
2.534313 -0.482748 0.921578
2.536504 -0.482681 0.921577
2.538692 -0.482618 0.921578
2.540881 -0.482554 0.921579
2.543071 -0.482488 0.921577
2.545260 -0.482425 0.921578
2.547450 -0.482359 0.921577
2.517795 -0.486241 0.921574
2.519979 -0.486178 0.921575
2.522166 -0.486112 0.921574
2.524350 -0.486048 0.921575
2.526535 -0.485985 0.921576
2.528721 -0.485919 0.921574
2.530905 -0.485855 0.921575
2.533092 -0.485789 0.921574
2.535276 -0.485726 0.921575
2.537460 -0.485663 0.921576
2.539647 -0.485596 0.921574
2.541831 -0.485533 0.921575
2.544017 -0.485467 0.921574
2.546201 -0.485404 0.921575
2.516605 -0.489273 0.921572
2.518787 -0.489207 0.921571
2.520968 -0.489144 0.921572
2.523148 -0.489080 0.921573
2.525330 -0.489015 0.921571
2.527510 -0.488951 0.921572
2.529693 -0.488885 0.921571
2.531873 -0.488822 0.921572
2.534053 -0.488759 0.921573
2.536235 -0.488693 0.921571
2.538415 -0.488629 0.921572
2.540597 -0.488564 0.921571
2.542777 -0.488500 0.921572
2.544957 -0.488437 0.921573
2.515420 -0.492293 0.921570
2.517598 -0.492228 0.921569
2.519774 -0.492164 0.921570
2.521952 -0.492098 0.921568
2.524128 -0.492035 0.921569
2.526306 -0.491969 0.921568
2.528482 -0.491906 0.921569
2.530659 -0.491843 0.921570
2.532836 -0.491777 0.921568
2.535012 -0.491714 0.921569
2.537190 -0.491648 0.921567
2.539366 -0.491585 0.921569
2.541542 -0.491522 0.921570
2.543720 -0.491456 0.921568
2.514242 -0.495299 0.921566
2.516414 -0.495236 0.921567
2.518587 -0.495171 0.921565
2.520759 -0.495108 0.921566
2.522931 -0.495044 0.921567
2.525105 -0.494979 0.921566
2.527277 -0.494916 0.921567
2.529451 -0.494850 0.921565
2.531623 -0.494787 0.921566
2.533796 -0.494721 0.921564
2.535968 -0.494658 0.921566
2.538140 -0.494595 0.921567
2.540313 -0.494529 0.921565
2.542485 -0.494466 0.921566
2.513066 -0.498297 0.921564
2.515235 -0.498231 0.921562
2.517403 -0.498168 0.921563
2.519571 -0.498105 0.921564
2.521741 -0.498039 0.921563
2.523909 -0.497976 0.921564
2.526078 -0.497911 0.921562
2.528246 -0.497848 0.921563
2.530415 -0.497782 0.921561
2.532583 -0.497719 0.921563
2.534751 -0.497656 0.921564
2.536920 -0.497591 0.921562
2.539088 -0.497528 0.921563
2.541257 -0.497462 0.921561
2.511896 -0.501280 0.921559
2.514060 -0.501217 0.921560
2.516224 -0.501154 0.921561
2.518389 -0.501089 0.921560
2.520553 -0.501026 0.921561
2.522718 -0.500960 0.921559
2.524882 -0.500897 0.921560
2.527047 -0.500832 0.921558
2.529211 -0.500769 0.921560
2.531374 -0.500706 0.921561
2.533540 -0.500640 0.921559
2.535703 -0.500577 0.921560
2.537868 -0.500512 0.921558
2.540032 -0.500449 0.921559
2.510729 -0.504254 0.921557
2.512889 -0.504191 0.921558
2.515050 -0.504126 0.921557
2.517210 -0.504063 0.921558
2.519371 -0.503998 0.921556
2.521531 -0.503935 0.921557
2.523692 -0.503870 0.921556
2.525852 -0.503807 0.921557
2.528011 -0.503744 0.921558
2.530172 -0.503679 0.921556
2.532332 -0.503616 0.921557
2.534493 -0.503550 0.921555
2.536652 -0.503488 0.921556
2.538811 -0.503425 0.921557
2.509567 -0.507217 0.921555
2.511724 -0.507152 0.921554
2.513880 -0.507089 0.921555
2.516037 -0.507024 0.921553
2.518192 -0.506961 0.921554
2.520350 -0.506896 0.921553
2.522505 -0.506833 0.921554
2.524660 -0.506771 0.921555
2.526817 -0.506705 0.921553
2.528973 -0.506643 0.921554
2.531130 -0.506577 0.921552
2.533285 -0.506515 0.921553
2.535440 -0.506452 0.921554
2.537597 -0.506387 0.921553
2.508410 -0.510167 0.921551
2.510562 -0.510104 0.921552
2.512715 -0.510039 0.921550
2.514866 -0.509976 0.921551
2.517018 -0.509914 0.921552
2.519171 -0.509848 0.921551
2.521322 -0.509786 0.921552
2.523475 -0.509721 0.921550
2.525627 -0.509658 0.921551
2.527780 -0.509593 0.921549
2.529931 -0.509530 0.921551
2.532082 -0.509467 0.921552
2.534235 -0.509402 0.921550
2.536386 -0.509340 0.921551
2.507257 -0.513107 0.921549
2.509406 -0.513042 0.921547
2.511553 -0.512980 0.921548
2.513701 -0.512917 0.921549
2.515850 -0.512852 0.921548
2.517997 -0.512789 0.921549
2.520146 -0.512724 0.921547
2.522293 -0.512662 0.921548
2.524440 -0.512599 0.921549
2.526589 -0.512534 0.921548
2.528737 -0.512472 0.921549
2.530885 -0.512407 0.921547
2.533033 -0.512344 0.921548
2.535181 -0.512279 0.921546
2.506109 -0.516034 0.921544
2.508252 -0.515972 0.921545
2.510396 -0.515909 0.921546
2.512541 -0.515844 0.921545
2.514684 -0.515782 0.921546
2.516829 -0.515717 0.921544
2.518972 -0.515654 0.921545
2.521116 -0.515592 0.921546
2.523260 -0.515527 0.921545
2.525404 -0.515465 0.921546
2.527548 -0.515400 0.921544
2.529691 -0.515337 0.921545
2.531836 -0.515272 0.921543
2.533979 -0.515210 0.921545
2.504964 -0.518953 0.921542
2.507103 -0.518890 0.921543
2.509245 -0.518825 0.921542
2.511384 -0.518763 0.921543
2.513525 -0.518698 0.921541
2.515664 -0.518636 0.921542
2.517803 -0.518573 0.921543
2.519944 -0.518509 0.921542
2.522083 -0.518446 0.921543
2.524224 -0.518381 0.921541
2.526363 -0.518319 0.921542
2.528504 -0.518254 0.921541
2.530643 -0.518192 0.921542
2.532782 -0.518129 0.921543
2.503824 -0.521860 0.921540
2.505961 -0.521795 0.921539
2.508096 -0.521733 0.921540
2.510233 -0.521668 0.921538
2.512368 -0.521606 0.921539
2.514503 -0.521544 0.921540
2.516640 -0.521479 0.921539
2.518775 -0.521417 0.921540
2.520912 -0.521352 0.921538
2.523047 -0.521290 0.921539
2.525184 -0.521225 0.921538
2.527319 -0.521163 0.921539
2.529454 -0.521100 0.921540
2.531591 -0.521036 0.921538
2.502689 -0.524754 0.921536
2.504820 -0.524692 0.921537
2.506953 -0.524627 0.921535
2.509084 -0.524565 0.921536
2.511216 -0.524503 0.921537
2.513349 -0.524438 0.921536
2.515480 -0.524376 0.921537
2.517613 -0.524311 0.921535
2.519744 -0.524249 0.921536
2.521876 -0.524185 0.921535
2.524007 -0.524122 0.921536
2.526138 -0.524060 0.921537
2.528271 -0.523996 0.921535
2.530402 -0.523933 0.921536
2.501557 -0.527640 0.921534
2.503686 -0.527575 0.921533
2.505813 -0.527513 0.921534
2.507940 -0.527451 0.921535
2.510069 -0.527386 0.921533
2.512196 -0.527324 0.921534
2.514325 -0.527260 0.921532
2.516452 -0.527198 0.921533
2.518580 -0.527136 0.921534
2.520708 -0.527071 0.921533
2.522835 -0.527009 0.921534
2.524964 -0.526944 0.921532
2.527091 -0.526882 0.921533
2.529220 -0.526818 0.921532
2.500431 -0.530512 0.921530
2.502554 -0.530450 0.921531
2.504677 -0.530388 0.921532
2.506802 -0.530323 0.921530
2.508926 -0.530261 0.921531
2.511050 -0.530197 0.921530
2.513174 -0.530135 0.921531
2.515297 -0.530073 0.921532
2.517422 -0.530009 0.921530
2.519545 -0.529947 0.921531
2.521669 -0.529882 0.921529
2.523792 -0.529820 0.921530
2.525915 -0.529758 0.921531
2.528040 -0.529694 0.921530
2.499307 -0.533376 0.921528
2.501426 -0.533314 0.921529
2.503547 -0.533250 0.921527
2.505667 -0.533188 0.921528
2.507788 -0.533123 0.921527
2.509907 -0.533061 0.921528
2.512026 -0.533000 0.921529
2.514147 -0.532935 0.921527
2.516266 -0.532873 0.921528
2.518387 -0.532809 0.921527
2.520506 -0.532747 0.921528
2.522625 -0.532685 0.921529
2.524746 -0.532621 0.921527
2.526865 -0.532559 0.921528
2.498188 -0.536229 0.921526
2.500305 -0.536165 0.921524
2.502420 -0.536103 0.921525
2.504537 -0.536039 0.921524
2.506653 -0.535977 0.921525
2.508768 -0.535915 0.921526
2.510885 -0.535851 0.921524
2.513000 -0.535789 0.921525
2.515117 -0.535725 0.921524
2.517232 -0.535663 0.921525
2.519347 -0.535601 0.921526
2.521464 -0.535537 0.921524
2.523579 -0.535475 0.921525
2.525696 -0.535411 0.921524
2.497074 -0.539069 0.921522
2.499186 -0.539008 0.921523
2.501299 -0.538943 0.921521
2.503410 -0.538882 0.921522
2.505522 -0.538820 0.921523
2.507635 -0.538756 0.921521
2.509746 -0.538694 0.921522
2.511859 -0.538630 0.921521
2.513970 -0.538568 0.921522
2.516081 -0.538507 0.921523
2.518194 -0.538443 0.921521
2.520306 -0.538381 0.921522
2.522418 -0.538317 0.921521
2.524529 -0.538255 0.921522
2.495963 -0.541901 0.921520
2.498072 -0.541837 0.921518
2.500180 -0.541776 0.921519
2.502287 -0.541714 0.921520
2.504396 -0.541650 0.921519
2.506504 -0.541589 0.921520
2.508613 -0.541524 0.921518
2.510720 -0.541463 0.921519
2.512828 -0.541401 0.921520
2.514937 -0.541337 0.921518
2.517044 -0.541276 0.921519
2.519153 -0.541212 0.921518
2.521260 -0.541150 0.921519
2.523367 -0.541088 0.921520
2.494858 -0.544721 0.921515
2.496961 -0.544659 0.921516
2.499065 -0.544597 0.921517
2.501170 -0.544534 0.921516
2.503274 -0.544472 0.921517
2.505379 -0.544408 0.921515
2.507483 -0.544347 0.921516
2.509586 -0.544285 0.921517
2.511691 -0.544221 0.921516
2.513795 -0.544160 0.921517
2.515900 -0.544096 0.921515
2.518003 -0.544034 0.921516
2.520106 -0.543973 0.921517
2.522211 -0.543909 0.921516
2.395604 -0.394211 0.921672
2.397925 -0.394144 0.921673
2.400248 -0.394074 0.921671
2.402569 -0.394008 0.921673
2.404892 -0.393938 0.921671
2.407213 -0.393872 0.921672
2.409534 -0.393805 0.921673
2.411856 -0.393736 0.921671
2.414177 -0.393669 0.921672
2.416500 -0.393600 0.921671
2.418821 -0.393533 0.921672
2.421141 -0.393467 0.921673
2.423464 -0.393397 0.921671
2.394591 -0.397618 0.921670
2.396909 -0.397549 0.921668
2.399225 -0.397483 0.921669
2.401543 -0.397413 0.921667
2.403860 -0.397347 0.921669
2.406176 -0.397280 0.921670
2.408494 -0.397211 0.921668
2.410810 -0.397144 0.921669
2.413128 -0.397075 0.921667
2.415444 -0.397009 0.921668
2.417760 -0.396942 0.921670
2.420078 -0.396873 0.921668
2.422394 -0.396806 0.921669
2.393583 -0.401009 0.921665
2.395895 -0.400943 0.921666
2.398208 -0.400874 0.921664
2.400520 -0.400807 0.921665
2.402832 -0.400741 0.921666
2.405145 -0.400672 0.921665
2.407456 -0.400605 0.921666
2.409769 -0.400536 0.921664
2.412081 -0.400470 0.921665
2.414392 -0.400404 0.921666
2.416705 -0.400334 0.921664
2.419017 -0.400268 0.921665
2.421328 -0.400202 0.921667
2.392578 -0.404389 0.921662
2.394887 -0.404320 0.921661
2.397194 -0.404254 0.921662
2.399501 -0.404188 0.921663
2.401809 -0.404119 0.921661
2.404116 -0.404052 0.921662
2.406425 -0.403983 0.921661
2.408732 -0.403917 0.921662
2.411038 -0.403851 0.921663
2.413347 -0.403782 0.921661
2.415653 -0.403715 0.921662
2.417960 -0.403649 0.921663
2.420268 -0.403580 0.921661
2.391579 -0.407753 0.921657
2.393882 -0.407687 0.921658
2.396184 -0.407621 0.921659
2.398488 -0.407552 0.921658
2.400790 -0.407485 0.921659
2.403094 -0.407416 0.921657
2.405396 -0.407350 0.921658
2.407698 -0.407284 0.921659
2.410002 -0.407215 0.921658
2.412304 -0.407149 0.921659
2.414606 -0.407083 0.921660
2.416909 -0.407014 0.921658
2.419211 -0.406948 0.921659
2.390582 -0.411106 0.921655
2.392880 -0.411040 0.921656
2.395179 -0.410971 0.921654
2.397477 -0.410905 0.921655
2.399776 -0.410836 0.921654
2.402074 -0.410770 0.921655
2.404371 -0.410704 0.921656
2.406670 -0.410635 0.921654
2.408968 -0.410569 0.921655
2.411265 -0.410503 0.921656
2.413564 -0.410434 0.921655
2.415861 -0.410368 0.921656
2.418160 -0.410299 0.921654
2.389591 -0.414442 0.921650
2.391884 -0.414376 0.921651
2.394177 -0.414310 0.921652
2.396472 -0.414241 0.921650
2.398765 -0.414175 0.921652
2.401058 -0.414109 0.921653
2.403352 -0.414041 0.921651
2.405645 -0.413975 0.921652
2.407939 -0.413906 0.921650
2.410232 -0.413840 0.921651
2.412525 -0.413774 0.921652
2.414819 -0.413705 0.921651
2.417112 -0.413639 0.921652
2.388602 -0.417767 0.921648
2.390891 -0.417702 0.921649
2.393181 -0.417633 0.921647
2.395469 -0.417567 0.921648
2.397757 -0.417501 0.921649
2.400047 -0.417433 0.921648
2.402336 -0.417367 0.921649
2.404625 -0.417298 0.921647
2.406913 -0.417232 0.921648
2.409202 -0.417167 0.921649
2.411491 -0.417098 0.921647
2.413779 -0.417032 0.921649
2.416067 -0.416966 0.921650
2.387618 -0.421080 0.921645
2.389903 -0.421011 0.921644
2.392187 -0.420945 0.921645
2.394471 -0.420880 0.921646
2.396756 -0.420811 0.921644
2.399040 -0.420745 0.921645
2.401325 -0.420677 0.921644
2.403608 -0.420611 0.921645
2.405892 -0.420546 0.921646
2.408177 -0.420477 0.921644
2.410460 -0.420411 0.921645
2.412744 -0.420346 0.921646
2.415029 -0.420277 0.921645
2.386638 -0.424376 0.921640
2.388918 -0.424310 0.921642
2.391197 -0.424245 0.921643
2.393478 -0.424176 0.921641
2.395757 -0.424111 0.921642
2.398037 -0.424042 0.921640
2.400316 -0.423976 0.921641
2.402595 -0.423911 0.921642
2.404876 -0.423842 0.921641
2.407155 -0.423777 0.921642
2.409435 -0.423708 0.921640
2.411714 -0.423643 0.921641
2.413993 -0.423577 0.921642
2.385662 -0.427661 0.921638
2.387936 -0.427596 0.921639
2.390212 -0.427528 0.921638
2.392487 -0.427462 0.921639
2.394763 -0.427394 0.921637
2.397038 -0.427328 0.921638
2.399312 -0.427263 0.921639
2.401588 -0.427194 0.921638
2.403863 -0.427129 0.921639
2.406138 -0.427061 0.921637
2.408413 -0.426995 0.921638
2.410687 -0.426930 0.921639
2.412963 -0.426861 0.921637
2.384689 -0.430934 0.921636
2.386960 -0.430866 0.921634
2.389230 -0.430800 0.921635
2.391502 -0.430732 0.921634
2.393772 -0.430667 0.921635
2.396042 -0.430601 0.921636
2.398313 -0.430533 0.921634
2.400583 -0.430468 0.921635
2.402855 -0.430400 0.921634
2.405125 -0.430334 0.921635
2.407394 -0.430269 0.921636
2.409666 -0.430201 0.921634
2.411935 -0.430135 0.921635
2.383721 -0.434191 0.921631
2.385987 -0.434125 0.921632
2.388254 -0.434057 0.921630
2.390519 -0.433992 0.921632
2.392785 -0.433927 0.921633
2.395052 -0.433858 0.921631
2.397317 -0.433793 0.921632
2.399584 -0.433725 0.921630
2.401849 -0.433660 0.921631
2.404115 -0.433595 0.921632
2.406382 -0.433526 0.921631
2.408647 -0.433461 0.921632
2.410912 -0.433396 0.921633
2.382756 -0.437437 0.921629
2.385019 -0.437369 0.921627
2.387280 -0.437304 0.921628
2.389541 -0.437239 0.921629
2.391803 -0.437171 0.921628
2.394064 -0.437105 0.921629
2.396326 -0.437037 0.921627
2.398587 -0.436972 0.921628
2.400848 -0.436907 0.921629
2.403110 -0.436839 0.921628
2.405371 -0.436774 0.921629
2.407632 -0.436709 0.921630
2.409894 -0.436641 0.921628
2.386309 -0.440537 0.921626
2.388567 -0.440470 0.921624
2.390824 -0.440405 0.921626
2.393082 -0.440337 0.921624
2.395338 -0.440272 0.921625
2.397594 -0.440207 0.921626
2.399852 -0.440139 0.921624
2.402109 -0.440074 0.921625
2.404365 -0.440009 0.921626
2.406623 -0.439941 0.921625
2.408879 -0.439876 0.921626
2.387596 -0.443691 0.921622
2.389850 -0.443623 0.921621
2.392102 -0.443558 0.921622
2.394354 -0.443493 0.921623
2.396607 -0.443425 0.921621
2.398859 -0.443360 0.921622
2.401111 -0.443295 0.921623
2.403364 -0.443227 0.921622
2.405616 -0.443162 0.921623
2.407869 -0.443095 0.921621
2.388878 -0.446831 0.921618
2.391126 -0.446766 0.921620
2.393375 -0.446699 0.921618
2.395622 -0.446634 0.921619
2.397871 -0.446566 0.921617
2.400118 -0.446501 0.921618
2.402366 -0.446436 0.921619
2.404615 -0.446369 0.921618
2.406862 -0.446304 0.921619
2.390155 -0.449959 0.921615
2.392398 -0.449894 0.921616
2.394643 -0.449827 0.921614
2.396886 -0.449762 0.921615
2.399128 -0.449697 0.921616
2.401373 -0.449630 0.921615
2.403616 -0.449565 0.921616
2.405859 -0.449500 0.921617
2.389187 -0.453142 0.921613
2.391427 -0.453075 0.921611
2.393665 -0.453010 0.921612
2.395904 -0.452945 0.921613
2.398144 -0.452878 0.921611
2.400382 -0.452813 0.921612
2.402621 -0.452749 0.921613
2.404861 -0.452681 0.921612
2.390458 -0.456245 0.921609
2.392692 -0.456181 0.921610
2.394928 -0.456113 0.921608
2.397162 -0.456049 0.921609
2.399397 -0.455982 0.921608
2.401631 -0.455917 0.921609
2.403865 -0.455852 0.921610
2.389493 -0.459403 0.921607
2.391724 -0.459336 0.921605
2.393954 -0.459272 0.921606
2.396185 -0.459205 0.921604
2.398415 -0.459140 0.921605
2.400644 -0.459076 0.921607
2.402875 -0.459008 0.921605
2.388533 -0.462546 0.921602
2.390758 -0.462482 0.921603
2.392985 -0.462415 0.921601
2.395211 -0.462351 0.921602
2.397436 -0.462286 0.921603
2.399663 -0.462219 0.921602
2.401888 -0.462155 0.921603
2.389798 -0.465613 0.921598
2.392019 -0.465549 0.921599
2.394240 -0.465484 0.921600
2.396462 -0.465417 0.921599
2.398683 -0.465353 0.921600
2.400904 -0.465289 0.921601
2.386623 -0.468798 0.921595
2.388840 -0.468734 0.921596
2.391057 -0.468670 0.921597
2.393275 -0.468603 0.921595
2.395491 -0.468539 0.921596
2.397708 -0.468475 0.921598
2.399926 -0.468408 0.921596
2.385673 -0.471907 0.921593
2.387885 -0.471843 0.921594
2.390099 -0.471776 0.921592
2.392312 -0.471712 0.921593
2.394524 -0.471648 0.921594
2.396738 -0.471582 0.921593
2.398950 -0.471517 0.921594
2.384727 -0.475004 0.921591
2.386936 -0.474937 0.921589
2.389144 -0.474873 0.921590
2.391354 -0.474807 0.921589
2.393562 -0.474743 0.921590
2.395770 -0.474679 0.921591
2.397979 -0.474612 0.921589
2.381580 -0.478153 0.921588
2.383785 -0.478086 0.921586
2.385989 -0.478022 0.921587
2.388195 -0.477956 0.921586
2.390398 -0.477892 0.921587
2.392602 -0.477828 0.921588
2.394807 -0.477761 0.921586
2.397011 -0.477698 0.921587
2.380647 -0.481223 0.921583
2.382846 -0.481159 0.921584
2.385047 -0.481092 0.921582
2.387247 -0.481029 0.921583
2.389446 -0.480965 0.921585
2.391647 -0.480899 0.921583
2.393847 -0.480835 0.921584
2.396046 -0.480771 0.921585
2.379716 -0.484283 0.921581
2.381913 -0.484217 0.921579
2.384108 -0.484153 0.921580
2.386303 -0.484090 0.921581
2.388500 -0.484024 0.921580
2.390695 -0.483960 0.921581
2.392890 -0.483896 0.921582
2.395087 -0.483830 0.921580
2.376597 -0.487396 0.921578
2.378790 -0.487330 0.921576
2.380981 -0.487266 0.921577
2.383172 -0.487203 0.921578
2.385364 -0.487136 0.921577
2.387555 -0.487073 0.921578
2.389746 -0.487009 0.921579
2.391939 -0.486943 0.921577
2.394129 -0.486880 0.921578
2.375679 -0.490430 0.921573
2.377866 -0.490367 0.921574
2.380053 -0.490303 0.921575
2.382241 -0.490237 0.921574
2.384428 -0.490174 0.921575
2.386614 -0.490110 0.921576
2.388803 -0.490044 0.921574
2.390989 -0.489981 0.921575
2.393177 -0.489915 0.921574
2.372580 -0.493519 0.921570
2.374763 -0.493456 0.921571
2.376945 -0.493392 0.921572
2.379129 -0.493326 0.921571
2.381312 -0.493263 0.921572
2.383495 -0.493200 0.921573
2.385679 -0.493134 0.921571
2.387861 -0.493070 0.921572
2.390045 -0.493004 0.921571
2.392227 -0.492941 0.921572
2.371671 -0.496533 0.921568
2.373850 -0.496470 0.921569
2.376030 -0.496404 0.921568
2.378208 -0.496340 0.921569
2.380387 -0.496277 0.921570
2.382567 -0.496211 0.921568
2.384745 -0.496148 0.921569
2.386925 -0.496082 0.921568
2.389103 -0.496019 0.921569
2.391281 -0.495956 0.921570
2.368592 -0.499598 0.921565
2.370767 -0.499535 0.921566
2.372942 -0.499469 0.921565
2.375117 -0.499406 0.921566
2.377291 -0.499343 0.921567
2.379467 -0.499277 0.921565
2.381641 -0.499214 0.921566
2.383816 -0.499148 0.921565
2.385991 -0.499085 0.921566
2.388165 -0.499022 0.921567
2.390340 -0.498956 0.921565
2.367695 -0.502589 0.921563
2.369866 -0.502523 0.921562
2.372037 -0.502460 0.921563
2.374207 -0.502397 0.921564
2.376378 -0.502331 0.921562
2.378548 -0.502268 0.921563
2.380720 -0.502202 0.921562
2.382890 -0.502139 0.921563
2.385060 -0.502076 0.921564
2.387231 -0.502011 0.921562
2.389401 -0.501947 0.921563
2.366802 -0.505565 0.921559
2.368968 -0.505502 0.921560
2.371134 -0.505439 0.921561
2.373302 -0.505374 0.921559
2.375468 -0.505311 0.921560
2.377635 -0.505245 0.921559
2.379801 -0.505182 0.921560
2.381967 -0.505119 0.921561
2.384134 -0.505053 0.921559
2.386300 -0.504990 0.921560
2.388466 -0.504927 0.921561
2.363750 -0.508596 0.921556
2.365912 -0.508533 0.921557
2.368074 -0.508470 0.921558
2.370237 -0.508404 0.921556
2.372399 -0.508341 0.921557
2.374562 -0.508276 0.921556
2.376724 -0.508213 0.921557
2.378886 -0.508150 0.921558
2.381049 -0.508085 0.921556
2.383211 -0.508022 0.921557
2.385372 -0.507959 0.921558
2.387535 -0.507894 0.921556
2.362867 -0.511552 0.921554
2.365025 -0.511489 0.921555
2.367184 -0.511424 0.921553
2.369342 -0.511361 0.921554
2.371501 -0.511296 0.921553
2.373659 -0.511233 0.921554
2.375816 -0.511170 0.921555
2.377975 -0.511105 0.921553
2.380133 -0.511042 0.921554
2.382291 -0.510979 0.921555
2.384450 -0.510914 0.921554
2.386607 -0.510851 0.921555
2.359833 -0.514560 0.921551
2.361987 -0.514497 0.921552
2.364142 -0.514432 0.921550
2.366296 -0.514369 0.921551
2.368451 -0.514304 0.921550
2.370605 -0.514241 0.921551
2.372758 -0.514178 0.921552
2.374913 -0.514113 0.921550
2.377067 -0.514050 0.921551
2.379221 -0.513988 0.921552
2.381376 -0.513922 0.921551
2.383529 -0.513860 0.921552
2.385684 -0.513795 0.921550
2.358961 -0.517493 0.921549
2.361112 -0.517428 0.921547
2.363262 -0.517366 0.921548
2.365413 -0.517301 0.921547
2.367563 -0.517238 0.921548
2.369712 -0.517175 0.921549
2.371863 -0.517110 0.921547
2.374013 -0.517048 0.921548
2.376162 -0.516985 0.921549
2.378313 -0.516920 0.921548
2.380463 -0.516857 0.921549
2.382613 -0.516792 0.921547
2.384763 -0.516729 0.921548
2.358093 -0.520414 0.921544
2.360239 -0.520351 0.921545
2.362385 -0.520288 0.921546
2.364532 -0.520223 0.921545
2.366677 -0.520161 0.921546
2.368824 -0.520096 0.921544
2.370970 -0.520033 0.921545
2.373115 -0.519971 0.921546
2.375262 -0.519906 0.921545
2.377408 -0.519843 0.921546
2.379554 -0.519778 0.921544
2.381700 -0.519716 0.921545
2.383845 -0.519653 0.921546
2.357228 -0.523325 0.921542
2.359369 -0.523263 0.921543
2.361512 -0.523198 0.921542
2.363654 -0.523135 0.921543
2.365797 -0.523070 0.921541
2.367938 -0.523008 0.921542
2.370080 -0.522946 0.921543
2.372223 -0.522881 0.921542
2.374364 -0.522818 0.921543
2.376505 -0.522756 0.921544
2.378648 -0.522691 0.921542
2.380790 -0.522628 0.921543
2.382932 -0.522564 0.921542
2.356365 -0.526226 0.921541
2.358504 -0.526161 0.921539
2.360642 -0.526099 0.921540
2.362781 -0.526034 0.921538
2.364918 -0.525971 0.921539
2.367056 -0.525909 0.921540
2.369195 -0.525844 0.921539
2.371332 -0.525782 0.921540
2.373469 -0.525720 0.921541
2.375608 -0.525655 0.921539
2.377745 -0.525592 0.921540
2.379884 -0.525528 0.921539
2.382021 -0.525465 0.921540
2.355508 -0.529113 0.921536
2.357641 -0.529051 0.921537
2.359776 -0.528986 0.921535
2.361910 -0.528924 0.921536
2.364043 -0.528861 0.921538
2.366178 -0.528797 0.921536
2.368311 -0.528735 0.921537
2.370445 -0.528672 0.921538
2.372580 -0.528608 0.921536
2.374713 -0.528545 0.921537
2.376848 -0.528481 0.921536
2.378981 -0.528418 0.921537
2.381114 -0.528356 0.921538
2.354652 -0.531992 0.921534
2.356783 -0.531927 0.921533
2.358912 -0.531865 0.921534
2.361042 -0.531803 0.921535
2.363173 -0.531738 0.921533
2.365302 -0.531676 0.921534
2.367431 -0.531614 0.921535
2.369562 -0.531549 0.921533
2.371692 -0.531487 0.921534
2.373822 -0.531423 0.921533
2.375952 -0.531360 0.921534
2.378081 -0.531298 0.921535
2.380211 -0.531234 0.921533
2.353800 -0.534857 0.921530
2.355926 -0.534795 0.921531
2.358052 -0.534733 0.921532
2.360178 -0.534669 0.921530
2.362304 -0.534607 0.921531
2.364429 -0.534545 0.921532
2.366556 -0.534480 0.921531
2.368682 -0.534418 0.921532
2.370808 -0.534354 0.921530
2.372934 -0.534292 0.921531
2.375059 -0.534229 0.921532
2.377186 -0.534165 0.921530
2.379311 -0.534103 0.921532
2.352951 -0.537715 0.921528
2.355073 -0.537653 0.921529
2.357195 -0.537588 0.921527
2.359317 -0.537526 0.921528
2.361439 -0.537464 0.921529
2.363561 -0.537400 0.921528
2.365683 -0.537338 0.921529
2.367806 -0.537274 0.921527
2.369927 -0.537212 0.921528
2.372048 -0.537150 0.921529
2.374171 -0.537085 0.921528
2.376292 -0.537023 0.921529
2.378414 -0.536961 0.921530
2.352105 -0.540561 0.921526
2.354224 -0.540497 0.921524
2.356341 -0.540435 0.921525
2.358459 -0.540373 0.921526
2.360578 -0.540309 0.921525
2.362695 -0.540247 0.921526
2.364814 -0.540183 0.921524
2.366932 -0.540121 0.921525
2.369049 -0.540059 0.921526
2.371168 -0.539995 0.921525
2.373285 -0.539933 0.921526
2.375403 -0.539871 0.921527
2.377521 -0.539807 0.921525
2.351263 -0.543395 0.921522
2.353376 -0.543333 0.921523
2.355490 -0.543271 0.921524
2.357605 -0.543207 0.921522
2.359719 -0.543145 0.921523
2.361834 -0.543081 0.921521
2.363947 -0.543019 0.921522
2.366061 -0.542957 0.921523
2.368176 -0.542893 0.921522
2.370289 -0.542832 0.921523
2.372403 -0.542770 0.921524
2.374517 -0.542706 0.921522
2.376631 -0.542644 0.921523
2.350423 -0.546220 0.921520
2.352533 -0.546158 0.921521
2.354644 -0.546094 0.921519
2.356753 -0.546033 0.921520
2.358864 -0.545969 0.921519
2.360974 -0.545907 0.921520
2.363084 -0.545845 0.921521
2.365195 -0.545781 0.921519
2.367304 -0.545720 0.921520
2.369414 -0.545658 0.921521
2.371525 -0.545594 0.921520
2.373634 -0.545532 0.921521
2.375745 -0.545468 0.921519
2.349586 -0.549035 0.921518
2.351693 -0.548971 0.921516
2.353799 -0.548909 0.921517
2.355906 -0.548846 0.921516
2.358012 -0.548784 0.921517
2.360118 -0.548722 0.921518
2.362225 -0.548658 0.921516
2.364330 -0.548597 0.921517
2.366436 -0.548535 0.921518
2.368543 -0.548471 0.921517
2.370649 -0.548410 0.921518
2.372755 -0.548346 0.921516
2.374861 -0.548284 0.921517
2.348753 -0.551837 0.921514
2.350855 -0.551776 0.921515
2.352959 -0.551712 0.921513
2.355061 -0.551650 0.921514
2.357162 -0.551589 0.921515
2.359266 -0.551525 0.921513
2.361367 -0.551463 0.921514
2.363469 -0.551402 0.921515
2.365572 -0.551338 0.921514
2.367674 -0.551277 0.921515
2.369777 -0.551213 0.921513
2.371879 -0.551151 0.921514
2.373980 -0.551090 0.921515
2.347923 -0.554631 0.921512
2.350021 -0.554570 0.921513
2.352120 -0.554506 0.921511
2.354218 -0.554445 0.921512
2.356317 -0.554381 0.921511
2.358415 -0.554319 0.921512
2.360513 -0.554258 0.921513
2.362613 -0.554194 0.921511
2.364710 -0.554133 0.921512
2.366810 -0.554069 0.921511
2.368907 -0.554008 0.921512
2.371005 -0.553946 0.921513
2.373104 -0.553883 0.921511
2.347095 -0.557415 0.921510
2.349191 -0.557351 0.921508
2.351285 -0.557290 0.921509
2.353380 -0.557226 0.921508
2.355474 -0.557165 0.921509
2.357568 -0.557104 0.921510
2.359664 -0.557040 0.921508
2.361758 -0.556979 0.921509
2.363853 -0.556915 0.921508
2.365947 -0.556854 0.921509
2.368041 -0.556792 0.921510
2.370136 -0.556729 0.921508
2.372230 -0.556667 0.921509
2.346272 -0.560186 0.921506
2.348362 -0.560125 0.921507
2.350454 -0.560061 0.921505
2.352544 -0.560000 0.921506
2.354634 -0.559939 0.921507
2.356726 -0.559875 0.921505
2.358816 -0.559814 0.921506
2.360908 -0.559751 0.921505
2.362998 -0.559689 0.921506
2.365088 -0.559628 0.921507
2.367179 -0.559565 0.921505
2.369269 -0.559503 0.921506
2.371359 -0.559442 0.921507
2.345450 -0.562949 0.921504
2.347538 -0.562886 0.921502
2.349624 -0.562825 0.921503
2.351711 -0.562764 0.921504
2.353799 -0.562700 0.921503
2.355885 -0.562639 0.921504
2.357973 -0.562576 0.921502
2.360059 -0.562514 0.921503
2.362145 -0.562453 0.921504
2.364233 -0.562390 0.921503
2.366319 -0.562329 0.921504
2.368405 -0.562268 0.921505
2.370493 -0.562204 0.921503
2.344633 -0.565700 0.921500
2.346716 -0.565639 0.921500
2.348798 -0.565578 0.921501
2.350882 -0.565515 0.921500
2.352965 -0.565454 0.921501
2.355049 -0.565390 0.921499
2.357131 -0.565329 0.921500
2.359214 -0.565268 0.921501
2.361298 -0.565205 0.921500
2.363380 -0.565144 0.921501
2.365462 -0.565083 0.921502
2.367546 -0.565019 0.921500
2.369628 -0.564958 0.921501
2.343817 -0.568443 0.921498
2.345896 -0.568382 0.921499
2.347976 -0.568319 0.921497
2.350055 -0.568258 0.921498
2.352134 -0.568197 0.921499
2.354214 -0.568134 0.921498
2.356293 -0.568073 0.921499
2.358373 -0.568010 0.921497
2.360451 -0.567949 0.921498
2.362530 -0.567888 0.921499
2.364610 -0.567824 0.921498
2.366689 -0.567763 0.921498
2.368768 -0.567700 0.921497
2.343005 -0.571176 0.921496
2.345081 -0.571113 0.921494
2.347156 -0.571052 0.921495
2.349231 -0.570991 0.921496
2.351308 -0.570928 0.921495
2.353383 -0.570867 0.921496
2.355459 -0.570804 0.921494
2.357534 -0.570743 0.921495
2.359609 -0.570682 0.921496
2.361685 -0.570619 0.921495
2.363759 -0.570558 0.921496
2.365836 -0.570495 0.921494
2.367910 -0.570434 0.921495
2.342197 -0.573897 0.921492
2.344268 -0.573836 0.921493
2.346339 -0.573775 0.921494
2.348412 -0.573712 0.921492
2.350483 -0.573651 0.921493
2.352555 -0.573588 0.921492
2.354626 -0.573528 0.921493
2.356698 -0.573467 0.921494
2.358770 -0.573404 0.921492
2.360841 -0.573343 0.921493
2.362913 -0.573280 0.921491
2.364984 -0.573219 0.921492
2.367055 -0.573158 0.921493
2.341390 -0.576610 0.921490
2.343457 -0.576549 0.921491
2.345526 -0.576486 0.921489
2.347594 -0.576426 0.921490
2.349662 -0.576363 0.921489
2.351730 -0.576302 0.921490
2.353797 -0.576241 0.921491
2.355866 -0.576178 0.921489
2.357933 -0.576118 0.921490
2.360002 -0.576055 0.921489
2.362069 -0.575994 0.921490
2.364136 -0.575933 0.921491
2.366205 -0.575870 0.921489
2.340586 -0.579313 0.921488
2.342651 -0.579250 0.921487
2.344715 -0.579190 0.921488
2.346780 -0.579127 0.921486
2.348844 -0.579066 0.921487
2.350907 -0.579005 0.921488
2.352972 -0.578943 0.921487
2.355036 -0.578882 0.921488
2.357101 -0.578819 0.921486
2.359164 -0.578759 0.921487
2.361228 -0.578698 0.921488
2.363292 -0.578635 0.921486
2.365356 -0.578575 0.921487
2.339787 -0.582004 0.921484
2.341847 -0.581944 0.921485
2.343908 -0.581881 0.921483
2.345968 -0.581820 0.921484
2.348028 -0.581760 0.921485
2.350089 -0.581697 0.921484
2.352149 -0.581636 0.921485
2.354210 -0.581574 0.921483
2.356270 -0.581513 0.921484
2.358330 -0.581453 0.921485
2.360391 -0.581390 0.921484
2.362450 -0.581329 0.921485
2.364511 -0.581267 0.921483
2.338989 -0.584688 0.921482
2.341046 -0.584625 0.921481
2.343103 -0.584565 0.921482
2.345159 -0.584504 0.921483
2.347216 -0.584441 0.921481
2.349273 -0.584381 0.921482
2.351330 -0.584318 0.921481
2.353386 -0.584258 0.921482
2.355442 -0.584198 0.921483
2.357500 -0.584135 0.921481
2.359556 -0.584074 0.921482
2.361613 -0.584012 0.921481
2.363669 -0.583951 0.921482
2.338195 -0.587359 0.921478
2.340248 -0.587299 0.921479
2.342300 -0.587239 0.921480
2.344354 -0.587176 0.921478
2.346407 -0.587116 0.921479
2.348460 -0.587053 0.921478
2.350513 -0.586993 0.921479
2.352565 -0.586932 0.921480
2.354619 -0.586870 0.921478
2.356671 -0.586810 0.921479
2.358725 -0.586747 0.921478
2.360777 -0.586687 0.921479
2.362829 -0.586626 0.921480
2.337403 -0.590023 0.921476
2.339452 -0.589963 0.921477
2.341502 -0.589901 0.921476
2.343551 -0.589840 0.921477
2.345601 -0.589778 0.921475
2.347650 -0.589718 0.921476
2.349698 -0.589657 0.921477
2.351748 -0.589595 0.921476
2.353797 -0.589535 0.921477
2.355847 -0.589472 0.921475
2.357896 -0.589412 0.921476
2.359944 -0.589352 0.921477
2.361994 -0.589289 0.921476
2.336614 -0.592678 0.921475
2.338660 -0.592616 0.921473
2.340705 -0.592555 0.921474
2.342752 -0.592493 0.921473
2.344797 -0.592433 0.921474
2.346842 -0.592373 0.921475
2.348888 -0.592310 0.921473
2.350933 -0.592250 0.921474
2.352979 -0.592188 0.921472
2.355024 -0.592128 0.921473
2.357069 -0.592067 0.921474
2.359115 -0.592005 0.921473
2.361160 -0.591945 0.921474
2.335829 -0.595321 0.921470
2.337870 -0.595261 0.921471
2.339913 -0.595198 0.921470
2.341954 -0.595138 0.921471
2.343996 -0.595078 0.921472
2.346038 -0.595016 0.921470
2.348080 -0.594956 0.921471
2.350122 -0.594894 0.921470
2.352164 -0.594834 0.921471
2.354205 -0.594773 0.921472
2.356247 -0.594711 0.921470
2.358289 -0.594651 0.921471
2.360331 -0.594589 0.921470
2.335045 -0.597956 0.921469
2.337084 -0.597894 0.921467
2.339122 -0.597834 0.921468
2.341160 -0.597774 0.921469
2.343199 -0.597712 0.921468
2.345237 -0.597652 0.921469
2.347275 -0.597590 0.921467
2.349313 -0.597530 0.921468
2.351351 -0.597470 0.921469
2.353390 -0.597408 0.921468
2.355427 -0.597348 0.921469
2.357466 -0.597285 0.921467
2.359504 -0.597225 0.921468
2.334266 -0.600580 0.921465
2.336300 -0.600520 0.921466
2.338334 -0.600460 0.921467
2.340369 -0.600398 0.921465
2.342403 -0.600338 0.921466
2.344439 -0.600276 0.921465
2.346473 -0.600216 0.921466
2.348507 -0.600156 0.921466
2.350542 -0.600094 0.921465
2.352576 -0.600034 0.921466
2.354611 -0.599972 0.921464
2.356645 -0.599912 0.921465
2.358679 -0.599852 0.921466
2.333488 -0.603197 0.921463
2.335518 -0.603137 0.921464
2.337550 -0.603075 0.921462
2.339581 -0.603015 0.921463
2.341612 -0.602953 0.921462
2.343643 -0.602893 0.921463
2.345673 -0.602833 0.921464
2.347705 -0.602771 0.921462
2.349735 -0.602712 0.921463
2.351767 -0.602650 0.921462
2.353797 -0.602590 0.921463
2.355827 -0.602530 0.921464
2.357859 -0.602468 0.921462
2.332713 -0.605804 0.921461
2.334741 -0.605742 0.921460
2.336768 -0.605682 0.921461
2.338796 -0.605620 0.921459
2.340823 -0.605561 0.921460
2.342849 -0.605501 0.921461
2.344877 -0.605439 0.921460
2.346904 -0.605379 0.921461
2.348932 -0.605317 0.921459
2.350959 -0.605258 0.921460
2.352985 -0.605198 0.921461
2.355013 -0.605136 0.921460
2.357040 -0.605076 0.921461
2.331941 -0.608400 0.921457
2.333965 -0.608340 0.921458
2.335989 -0.608278 0.921457
2.338012 -0.608218 0.921458
2.340036 -0.608159 0.921459
2.342060 -0.608097 0.921457
2.344083 -0.608037 0.921458
2.346108 -0.607976 0.921457
2.348131 -0.607916 0.921458
2.350154 -0.607856 0.921459
2.352178 -0.607795 0.921457
2.354201 -0.607735 0.921458
2.356225 -0.607673 0.921456
2.331172 -0.610988 0.921456
2.333193 -0.610926 0.921454
2.335212 -0.610867 0.921455
2.337232 -0.610807 0.921456
2.339253 -0.610746 0.921455
2.341272 -0.610686 0.921455
2.343293 -0.610624 0.921454
2.345313 -0.610565 0.921455
2.347332 -0.610505 0.921456
2.349353 -0.610444 0.921454
2.351372 -0.610384 0.921455
2.353393 -0.610322 0.921454
2.355412 -0.610263 0.921455
2.330406 -0.613565 0.921452
2.332422 -0.613506 0.921452
2.334438 -0.613447 0.921453
2.336456 -0.613385 0.921452
2.338472 -0.613325 0.921453
2.340489 -0.613264 0.921451
2.342505 -0.613204 0.921452
2.344521 -0.613145 0.921453
2.346538 -0.613083 0.921452
2.348554 -0.613024 0.921453
2.350571 -0.612962 0.921451
2.352587 -0.612903 0.921452
2.354603 -0.612843 0.921453
2.329642 -0.616136 0.921450
2.331654 -0.616076 0.921451
2.333668 -0.616015 0.921449
2.335681 -0.615955 0.921450
2.337694 -0.615894 0.921449
2.339707 -0.615835 0.921450
2.341719 -0.615775 0.921451
2.343733 -0.615714 0.921449
2.345745 -0.615654 0.921450
2.347759 -0.615593 0.921449
2.349771 -0.615534 0.921450
2.351783 -0.615474 0.921451
2.353797 -0.615413 0.921449
2.328880 -0.618697 0.921448
2.330891 -0.618636 0.921447
2.332900 -0.618576 0.921448
2.334910 -0.618515 0.921446
2.336919 -0.618456 0.921447
2.338927 -0.618396 0.921448
2.340938 -0.618335 0.921447
2.342946 -0.618276 0.921448
2.344956 -0.618214 0.921446
2.346965 -0.618155 0.921447
2.348974 -0.618096 0.921448
2.350984 -0.618034 0.921447
2.352992 -0.617975 0.921448
2.328123 -0.621247 0.921444
2.330128 -0.621188 0.921445
2.332135 -0.621126 0.921444
2.334140 -0.621067 0.921445
2.336146 -0.621008 0.921446
2.338152 -0.620947 0.921444
2.340157 -0.620887 0.921445
2.342164 -0.620826 0.921444
2.344169 -0.620767 0.921445
2.346174 -0.620708 0.921445
2.348181 -0.620646 0.921444
2.350186 -0.620587 0.921445
2.352192 -0.620526 0.921443
2.053003 -0.362522 0.921718
2.055389 -0.362451 0.921716
2.057775 -0.362383 0.921717
2.060160 -0.362315 0.921718
2.062546 -0.362244 0.921716
2.064932 -0.362176 0.921717
2.067318 -0.362104 0.921716
2.069704 -0.362036 0.921717
2.072089 -0.361968 0.921718
2.074475 -0.361897 0.921716
2.076860 -0.361829 0.921717
2.079246 -0.361761 0.921718
2.052682 -0.366083 0.921712
2.055063 -0.366015 0.921713
2.057444 -0.365947 0.921714
2.059825 -0.365876 0.921713
2.062206 -0.365808 0.921714
2.064587 -0.365737 0.921712
2.066967 -0.365669 0.921713
2.069348 -0.365602 0.921714
2.071729 -0.365530 0.921713
2.074109 -0.365463 0.921714
2.076490 -0.365395 0.921715
2.078871 -0.365324 0.921713
2.052363 -0.369632 0.921710
2.054739 -0.369565 0.921711
2.057115 -0.369494 0.921709
2.059491 -0.369426 0.921710
2.061867 -0.369358 0.921711
2.064243 -0.369287 0.921710
2.066618 -0.369219 0.921711
2.068994 -0.369149 0.921709
2.071370 -0.369081 0.921710
2.073745 -0.369013 0.921711
2.076121 -0.368942 0.921709
2.078497 -0.368874 0.921711
2.052045 -0.373167 0.921707
2.054417 -0.373096 0.921705
2.056788 -0.373028 0.921707
2.059158 -0.372961 0.921708
2.061529 -0.372890 0.921706
2.063900 -0.372822 0.921707
2.066271 -0.372752 0.921705
2.068642 -0.372684 0.921706
2.071012 -0.372616 0.921708
2.073383 -0.372545 0.921706
2.075754 -0.372478 0.921707
2.078125 -0.372407 0.921705
2.051729 -0.376684 0.921702
2.054095 -0.376616 0.921703
2.056461 -0.376549 0.921704
2.058827 -0.376478 0.921702
2.061193 -0.376410 0.921704
2.063559 -0.376340 0.921702
2.065925 -0.376272 0.921703
2.068291 -0.376205 0.921704
2.070657 -0.376134 0.921702
2.073022 -0.376066 0.921703
2.075388 -0.375996 0.921702
2.077754 -0.375928 0.921703
2.051414 -0.380189 0.921699
2.053775 -0.380121 0.921701
2.056137 -0.380051 0.921699
2.058497 -0.379983 0.921700
2.060859 -0.379913 0.921698
2.063220 -0.379845 0.921699
2.065580 -0.379778 0.921700
2.067942 -0.379707 0.921699
2.070302 -0.379640 0.921700
2.072663 -0.379569 0.921698
2.075024 -0.379502 0.921699
2.077385 -0.379434 0.921700
2.051100 -0.383679 0.921697
2.053457 -0.383609 0.921695
2.055813 -0.383542 0.921696
2.058169 -0.383471 0.921695
2.060525 -0.383404 0.921696
2.062881 -0.383336 0.921697
2.065238 -0.383266 0.921695
2.067593 -0.383199 0.921696
2.069950 -0.383128 0.921695
2.072305 -0.383061 0.921696
2.074661 -0.382994 0.921697
2.077017 -0.382923 0.921695
2.050788 -0.387152 0.921692
2.053139 -0.387085 0.921693
2.055491 -0.387015 0.921691
2.057842 -0.386948 0.921692
2.060193 -0.386880 0.921693
2.062545 -0.386810 0.921692
2.064896 -0.386743 0.921693
2.067247 -0.386673 0.921691
2.069598 -0.386605 0.921692
2.071949 -0.386538 0.921693
2.074300 -0.386468 0.921692
2.076651 -0.386401 0.921693
2.050477 -0.390614 0.921689
2.052824 -0.390544 0.921688
2.055170 -0.390477 0.921689
2.057516 -0.390410 0.921690
2.059863 -0.390339 0.921688
2.062209 -0.390272 0.921689
2.064555 -0.390205 0.921690
2.066902 -0.390135 0.921689
2.069248 -0.390068 0.921690
2.071594 -0.389998 0.921688
2.073940 -0.389931 0.921689
2.076286 -0.389864 0.921690
2.050167 -0.394058 0.921684
2.052509 -0.393991 0.921685
2.054850 -0.393924 0.921686
2.057192 -0.393854 0.921685
2.059534 -0.393787 0.921686
2.061875 -0.393720 0.921687
2.064217 -0.393650 0.921685
2.066558 -0.393583 0.921686
2.068900 -0.393513 0.921685
2.071241 -0.393446 0.921686
2.073582 -0.393379 0.921687
2.075924 -0.393309 0.921685
2.049859 -0.397492 0.921682
2.052195 -0.397425 0.921683
2.054532 -0.397355 0.921681
2.056869 -0.397288 0.921682
2.059205 -0.397221 0.921683
2.061542 -0.397151 0.921682
2.063879 -0.397084 0.921683
2.066216 -0.397014 0.921681
2.068552 -0.396947 0.921682
2.070889 -0.396881 0.921683
2.073225 -0.396811 0.921682
2.075562 -0.396744 0.921683
2.049551 -0.400911 0.921679
2.051883 -0.400841 0.921678
2.054215 -0.400774 0.921679
2.056547 -0.400707 0.921680
2.058879 -0.400638 0.921678
2.061211 -0.400571 0.921679
2.063543 -0.400501 0.921678
2.065875 -0.400434 0.921679
2.068206 -0.400367 0.921680
2.070538 -0.400298 0.921678
2.072870 -0.400231 0.921679
2.075201 -0.400164 0.921680
2.049245 -0.404313 0.921674
2.051572 -0.404246 0.921675
2.053899 -0.404180 0.921677
2.056227 -0.404110 0.921675
2.058554 -0.404043 0.921676
2.060881 -0.403973 0.921674
2.063208 -0.403907 0.921675
2.065535 -0.403840 0.921676
2.067862 -0.403770 0.921675
2.070189 -0.403704 0.921676
2.072516 -0.403637 0.921677
2.074843 -0.403567 0.921675
2.048940 -0.407704 0.921672
2.051263 -0.407638 0.921673
2.053586 -0.407568 0.921671
2.055908 -0.407501 0.921672
2.058230 -0.407432 0.921671
2.060553 -0.407365 0.921672
2.062875 -0.407299 0.921673
2.065197 -0.407229 0.921671
2.067519 -0.407162 0.921672
2.069841 -0.407096 0.921673
2.072164 -0.407026 0.921672
2.074486 -0.406960 0.921673
2.032338 -0.508676 1.012502
2.050955 -0.411012 0.921668
2.053272 -0.410945 0.921669
2.055590 -0.410876 0.921667
2.057908 -0.410810 0.921668
2.060225 -0.410743 0.921670
2.062543 -0.410674 0.921668
2.064860 -0.410607 0.921669
2.067178 -0.410541 0.921670
2.069495 -0.410471 0.921668
2.071813 -0.410405 0.921669
2.074130 -0.410335 0.921668
2.032178 -0.511036 1.011870
2.034152 -0.511649 1.012499
2.052961 -0.414306 0.921664
2.055274 -0.414240 0.921665
2.057586 -0.414174 0.921666
2.059900 -0.414104 0.921664
2.062212 -0.414038 0.921666
2.064525 -0.413971 0.921667
2.066838 -0.413902 0.921665
2.069150 -0.413836 0.921666
2.071464 -0.413766 0.921664
2.073776 -0.413700 0.921665
2.032182 -0.512411 1.010323
2.033974 -0.514092 1.011955
2.052650 -0.417656 0.921662
2.054958 -0.417590 0.921663
2.057267 -0.417521 0.921661
2.059575 -0.417455 0.921662
2.061883 -0.417388 0.921663
2.064191 -0.417319 0.921662
2.066499 -0.417253 0.921663
2.068807 -0.417184 0.921661
2.071115 -0.417117 0.921662
2.073423 -0.417051 0.921663
2.032245 -0.513438 1.008449
2.033937 -0.515704 1.010637
2.035721 -0.517379 1.012269
2.054645 -0.420924 0.921658
2.056948 -0.420858 0.921659
2.059251 -0.420791 0.921660
2.061555 -0.420722 0.921658
2.063858 -0.420656 0.921659
2.066162 -0.420587 0.921658
2.068465 -0.420521 0.921659
2.070768 -0.420455 0.921660
2.073072 -0.420386 0.921658
2.032329 -0.514336 1.006453
2.033963 -0.516944 1.008971
2.035614 -0.519387 1.011333
2.037475 -0.520559 1.012495
2.056631 -0.424181 0.921656
2.058930 -0.424112 0.921655
2.061228 -0.424046 0.921656
2.063527 -0.423977 0.921654
2.065826 -0.423911 0.921655
2.068124 -0.423845 0.921656
2.070423 -0.423776 0.921655
2.072722 -0.423710 0.921656
2.032442 -0.515065 1.004294
2.034021 -0.517998 1.007129
2.035567 -0.521047 1.010071
2.037239 -0.523286 1.012248
2.056315 -0.427487 0.921651
2.058609 -0.427422 0.921652
2.060903 -0.427353 0.921651
2.063197 -0.427287 0.921652
2.065491 -0.427221 0.921653
2.067786 -0.427152 0.921651
2.070079 -0.427086 0.921652
2.072374 -0.427017 0.921651
2.032556 -0.515790 1.002129
2.034094 -0.518964 1.005201
2.035545 -0.522555 1.008670
2.037051 -0.525738 1.011749
2.056000 -0.430784 0.921649
2.058289 -0.430718 0.921650
2.060579 -0.430649 0.921649
2.062868 -0.430583 0.921650
2.065158 -0.430515 0.921648
2.067447 -0.430449 0.921649
2.069737 -0.430380 0.921647
2.072026 -0.430314 0.921648
2.032681 -0.516454 0.999903
2.034171 -0.519908 1.003252
2.035539 -0.523975 1.007186
2.036882 -0.528073 1.011148
2.038697 -0.529415 1.012484
2.057972 -0.433998 0.921645
2.060256 -0.433933 0.921646
2.062541 -0.433864 0.921645
2.064826 -0.433798 0.921646
2.067111 -0.433730 0.921644
2.069396 -0.433664 0.921645
2.071680 -0.433598 0.921646
2.032809 -0.517095 0.997651
2.034260 -0.520785 1.001237
2.035532 -0.525403 1.005711
2.036672 -0.530645 1.010781
2.038416 -0.532364 1.012481
2.057655 -0.437268 0.921643
2.059935 -0.437200 0.921641
2.062215 -0.437134 0.921642
2.064496 -0.437066 0.921641
2.066776 -0.437000 0.921642
2.069056 -0.436934 0.921643
2.071336 -0.436866 0.921641
2.032942 -0.517715 0.995376
2.034345 -0.521681 0.999240
2.035507 -0.526931 1.004333
2.036385 -0.533646 1.010833
2.038135 -0.535303 1.012480
2.057339 -0.440522 0.921638
2.059615 -0.440457 0.921639
2.061891 -0.440388 0.921637
2.064166 -0.440323 0.921638
2.066442 -0.440257 0.921640
2.068718 -0.440189 0.921638
2.070993 -0.440123 0.921639
2.033074 -0.518338 0.993100
2.034430 -0.522581 0.997243
2.035441 -0.528692 1.003183
2.035988 -0.537258 1.011486
2.054754 -0.443832 0.921635
2.057025 -0.443766 0.921636
2.059296 -0.443698 0.921634
2.061567 -0.443632 0.921635
2.063838 -0.443567 0.921636
2.066110 -0.443499 0.921635
2.068381 -0.443433 0.921636
2.070652 -0.443365 0.921634
2.033206 -0.518962 0.990820
2.034516 -0.523479 0.995242
2.035328 -0.530721 1.002295
2.035561 -0.541040 1.012318
2.054445 -0.447062 0.921633
2.056712 -0.446994 0.921631
2.058979 -0.446929 0.921632
2.061245 -0.446864 0.921633
2.063512 -0.446795 0.921631
2.065778 -0.446730 0.921632
2.068045 -0.446662 0.921631
2.070312 -0.446597 0.921632
2.033333 -0.519621 0.988571
2.034587 -0.524462 0.993322
2.034964 -0.534178 1.002795
2.035259 -0.544106 1.012474
2.054138 -0.450277 0.921628
2.056400 -0.450212 0.921629
2.058662 -0.450147 0.921630
2.060925 -0.450079 0.921628
2.063187 -0.450014 0.921629
2.065449 -0.449946 0.921627
2.067711 -0.449880 0.921629
2.069973 -0.449812 0.921627
2.033460 -0.520283 0.986322
2.034651 -0.525484 0.991438
2.032961 -0.546992 1.012408
2.035552 -0.543810 1.009373
2.053832 -0.453483 0.921625
2.056090 -0.453417 0.921627
2.058348 -0.453349 0.921625
2.060605 -0.453284 0.921626
2.062863 -0.453216 0.921624
2.065120 -0.453151 0.921625
2.067378 -0.453083 0.921624
2.069635 -0.453018 0.921625
2.033576 -0.521007 0.984129
2.030674 -0.549858 1.012334
2.032949 -0.548420 1.010990
2.035948 -0.542942 1.005705
2.053528 -0.456672 0.921621
2.055781 -0.456607 0.921622
2.058034 -0.456542 0.921623
2.060287 -0.456474 0.921621
2.062540 -0.456409 0.921622
2.064793 -0.456341 0.921620
2.067046 -0.456276 0.921621
2.069299 -0.456211 0.921623
2.028370 -0.552858 1.012402
2.030620 -0.551523 1.011154
2.033269 -0.547952 1.007717
2.036381 -0.541874 1.001827
2.053224 -0.459852 0.921618
2.055472 -0.459787 0.921619
2.057721 -0.459719 0.921618
2.059970 -0.459654 0.921619
2.062219 -0.459587 0.921617
2.064467 -0.459522 0.921618
2.066716 -0.459457 0.921619
2.068964 -0.459389 0.921618
2.028421 -0.553919 1.010637
2.030916 -0.551175 1.008000
2.033606 -0.547401 1.004352
2.036831 -0.540718 0.997849
2.052921 -0.463019 0.921616
2.055166 -0.462951 0.921615
2.057410 -0.462887 0.921616
2.059654 -0.462819 0.921614
2.061898 -0.462754 0.921615
2.064142 -0.462689 0.921616
2.066387 -0.462622 0.921614
2.068631 -0.462557 0.921616
2.028704 -0.553623 1.007533
2.031219 -0.550791 1.004801
2.033946 -0.546834 1.000961
2.037375 -0.539041 0.993342
2.052620 -0.466171 0.921611
2.054860 -0.466106 0.921612
2.057100 -0.466039 0.921611
2.059340 -0.465974 0.921612
2.061579 -0.465909 0.921613
2.063819 -0.465842 0.921611
2.066059 -0.465777 0.921612
2.068299 -0.465710 0.921611
2.028990 -0.553322 1.004414
2.031526 -0.550388 1.001572
2.034288 -0.546255 0.997546
2.050085 -0.469378 0.921608
2.052320 -0.469313 0.921609
2.054556 -0.469246 0.921608
2.056791 -0.469181 0.921609
2.059026 -0.469116 0.921610
2.061262 -0.469049 0.921608
2.063497 -0.468984 0.921609
2.065733 -0.468917 0.921608
2.067968 -0.468852 0.921609
2.029276 -0.553019 1.001284
2.031835 -0.549981 0.998329
2.034649 -0.545582 0.994026
2.049790 -0.472507 0.921606
2.052022 -0.472440 0.921604
2.054252 -0.472376 0.921606
2.056483 -0.472311 0.921607
2.058715 -0.472244 0.921605
2.060945 -0.472179 0.921606
2.063177 -0.472112 0.921604
2.065407 -0.472048 0.921605
2.067639 -0.471980 0.921604
2.029562 -0.552720 0.998148
2.032144 -0.549579 0.995081
2.035015 -0.544885 0.990469
2.049497 -0.475622 0.921601
2.051724 -0.475558 0.921602
2.053951 -0.475490 0.921601
2.056177 -0.475426 0.921602
2.058404 -0.475362 0.921603
2.060631 -0.475295 0.921601
2.062857 -0.475230 0.921602
2.065084 -0.475163 0.921601
2.067310 -0.475099 0.921602
2.029852 -0.552404 0.994985
2.032464 -0.549118 0.991764
2.035392 -0.544133 0.986847
2.049205 -0.478727 0.921599
2.051428 -0.478660 0.921598
2.053650 -0.478596 0.921599
2.055872 -0.478532 0.921600
2.058094 -0.478465 0.921598
2.060316 -0.478400 0.921599
2.062539 -0.478333 0.921597
2.064761 -0.478269 0.921599
2.066983 -0.478205 0.921600
2.030149 -0.552055 0.991779
2.032789 -0.548632 0.988411
2.035795 -0.543239 0.983067
2.048914 -0.481818 0.921594
2.051132 -0.481753 0.921596
2.053350 -0.481689 0.921597
2.055568 -0.481622 0.921595
2.057786 -0.481558 0.921596
2.060004 -0.481491 0.921594
2.062222 -0.481427 0.921595
2.064439 -0.481363 0.921596
2.066657 -0.481296 0.921595
2.030447 -0.551704 0.988562
2.033114 -0.548152 0.985051
2.036211 -0.542279 0.979208
2.048624 -0.484899 0.921592
2.050838 -0.484835 0.921593
2.053052 -0.484768 0.921592
2.055265 -0.484704 0.921593
2.057479 -0.484637 0.921591
2.059692 -0.484573 0.921592
2.061906 -0.484509 0.921593
2.064120 -0.484442 0.921592
2.066333 -0.484378 0.921593
2.030747 -0.551345 0.985326
2.033446 -0.547639 0.981649
2.036667 -0.541102 0.975116
2.048335 -0.487968 0.921590
2.050545 -0.487901 0.921589
2.052754 -0.487837 0.921590
2.054964 -0.487770 0.921588
2.057173 -0.487706 0.921589
2.059382 -0.487642 0.921590
2.061591 -0.487576 0.921589
2.063800 -0.487512 0.921590
2.066010 -0.487445 0.921588
2.031047 -0.550995 0.982087
2.033790 -0.547062 0.978169
2.037187 -0.539574 0.970653
2.048048 -0.491022 0.921586
2.050253 -0.490958 0.921587
2.052458 -0.490892 0.921585
2.054663 -0.490828 0.921586
2.056868 -0.490764 0.921587
2.059073 -0.490697 0.921585
2.061278 -0.490633 0.921587
2.063483 -0.490567 0.921585
2.065688 -0.490503 0.921586
2.031356 -0.550590 0.978783
2.034135 -0.546485 0.974677
2.037871 -0.537138 0.965249
2.047761 -0.494067 0.921584
2.049962 -0.494001 0.921582
2.052163 -0.493937 0.921583
2.054364 -0.493873 0.921584
2.056565 -0.493807 0.921582
2.058765 -0.493743 0.921583
2.060966 -0.493676 0.921582
2.063167 -0.493613 0.921583
2.065367 -0.493546 0.921581
2.031668 -0.550178 0.975463
2.034491 -0.545854 0.971119
2.045279 -0.497164 0.921580
2.047476 -0.497098 0.921579
2.049673 -0.497034 0.921580
2.051869 -0.496971 0.921581
2.054066 -0.496904 0.921579
2.056262 -0.496841 0.921580
2.058459 -0.496774 0.921579
2.060655 -0.496711 0.921580
2.062852 -0.496644 0.921578
2.065048 -0.496580 0.921579
2.031982 -0.549763 0.972127
2.034861 -0.545145 0.967469
2.045000 -0.500183 0.921576
2.047192 -0.500120 0.921577
2.049384 -0.500056 0.921578
2.051576 -0.499990 0.921576
2.053769 -0.499926 0.921577
2.055961 -0.499860 0.921576
2.058153 -0.499796 0.921577
2.060346 -0.499730 0.921575
2.062538 -0.499667 0.921576
2.064729 -0.499603 0.921577
2.032298 -0.549337 0.968769
2.035233 -0.544435 0.963805
2.044720 -0.503193 0.921574
2.046908 -0.503130 0.921575
2.049097 -0.503064 0.921573
2.051285 -0.503000 0.921574
2.053473 -0.502934 0.921573
2.055661 -0.502871 0.921574
2.057849 -0.502804 0.921572
2.060037 -0.502741 0.921573
2.062225 -0.502677 0.921574
2.064413 -0.502611 0.921573
2.032625 -0.548854 0.965341
2.035636 -0.543553 0.959950
2.044442 -0.506192 0.921572
2.046627 -0.506126 0.921570
2.048810 -0.506062 0.921571
2.050994 -0.505996 0.921570
2.053178 -0.505933 0.921571
2.055362 -0.505867 0.921569
2.057546 -0.505803 0.921570
2.059729 -0.505740 0.921571
2.061913 -0.505674 0.921570
2.064097 -0.505611 0.921571
2.032955 -0.548359 0.961890
2.036043 -0.542657 0.956067
2.044166 -0.509176 0.921567
2.046345 -0.509113 0.921568
2.048525 -0.509047 0.921567
2.050705 -0.508983 0.921568
2.052885 -0.508918 0.921566
2.055064 -0.508854 0.921567
2.057244 -0.508791 0.921568
2.059423 -0.508725 0.921566
2.061603 -0.508662 0.921568
2.063783 -0.508596 0.921566
2.033285 -0.547869 0.958433
2.036502 -0.541478 0.951876
2.043890 -0.512151 0.921565
2.046066 -0.512086 0.921564
2.048241 -0.512022 0.921565
2.050416 -0.511959 0.921566
2.052592 -0.511893 0.921564
2.054767 -0.511830 0.921565
2.056943 -0.511764 0.921563
2.059118 -0.511701 0.921565
2.061294 -0.511635 0.921563
2.063469 -0.511572 0.921564
2.033631 -0.547296 0.954877
2.036993 -0.540126 0.947489
2.043615 -0.515113 0.921561
2.045787 -0.515050 0.921562
2.047958 -0.514987 0.921563
2.050130 -0.514921 0.921561
2.052301 -0.514858 0.921562
2.054472 -0.514792 0.921560
2.056643 -0.514729 0.921562
2.058815 -0.514663 0.921560
2.060986 -0.514600 0.921561
2.063157 -0.514537 0.921562
2.033979 -0.546717 0.951303
2.037612 -0.538065 0.942346
2.043342 -0.518066 0.921559
2.045509 -0.518002 0.921560
2.047676 -0.517937 0.921558
2.049843 -0.517874 0.921559
2.052011 -0.517808 0.921558
2.054178 -0.517745 0.921559
2.056345 -0.517680 0.921557
2.058512 -0.517617 0.921558
2.060679 -0.517554 0.921559
2.062846 -0.517488 0.921557
2.034330 -0.546127 0.947705
2.040906 -0.521070 0.921556
2.043069 -0.521007 0.921557
2.045232 -0.520941 0.921555
2.047395 -0.520879 0.921556
2.049559 -0.520813 0.921555
2.051721 -0.520750 0.921556
2.053885 -0.520685 0.921554
2.056047 -0.520622 0.921555
2.058210 -0.520559 0.921556
2.060373 -0.520493 0.921554
2.062536 -0.520430 0.921555
2.034704 -0.545411 0.943963
2.040638 -0.524000 0.921554
2.042798 -0.523935 0.921552
2.044956 -0.523872 0.921553
2.047116 -0.523806 0.921552
2.049274 -0.523744 0.921553
2.051434 -0.523678 0.921551
2.053592 -0.523615 0.921552
2.055751 -0.523553 0.921553
2.057910 -0.523487 0.921551
2.060069 -0.523424 0.921552
2.062228 -0.523359 0.921551
2.035080 -0.544692 0.940203
2.040372 -0.526917 0.921549
2.042527 -0.526854 0.921550
2.044682 -0.526788 0.921549
2.046837 -0.526726 0.921550
2.048992 -0.526660 0.921548
2.051147 -0.526598 0.921549
2.053301 -0.526535 0.921550
2.055456 -0.526470 0.921548
2.057611 -0.526407 0.921550
2.059766 -0.526342 0.921548
2.061920 -0.526279 0.921549
2.035475 -0.543869 0.936321
2.040107 -0.529824 0.921547
2.042258 -0.529759 0.921546
2.044408 -0.529697 0.921547
2.046559 -0.529634 0.921548
2.048710 -0.529569 0.921546
2.050861 -0.529506 0.921547
2.053012 -0.529441 0.921546
2.055162 -0.529378 0.921547
2.057313 -0.529313 0.921545
2.059463 -0.529251 0.921546
2.061614 -0.529188 0.921547
2.035886 -0.542966 0.932340
2.039842 -0.532719 0.921543
2.041989 -0.532656 0.921544
2.044136 -0.532594 0.921545
2.046283 -0.532529 0.921543
2.048429 -0.532466 0.921544
2.050576 -0.532401 0.921543
2.052723 -0.532339 0.921544
2.054869 -0.532273 0.921542
2.057016 -0.532211 0.921543
2.059162 -0.532148 0.921544
2.061309 -0.532083 0.921543
2.036328 -0.541893 0.928162
2.039579 -0.535605 0.921541
2.041721 -0.535542 0.921542
2.043864 -0.535477 0.921540
2.046007 -0.535415 0.921541
2.048150 -0.535350 0.921540
2.050292 -0.535288 0.921541
2.052435 -0.535223 0.921539
2.054577 -0.535160 0.921540
2.056720 -0.535098 0.921541
2.058863 -0.535033 0.921540
2.061005 -0.534970 0.921541
2.036801 -0.540653 0.923790
2.039316 -0.538480 0.921539
2.041455 -0.538415 0.921537
2.043594 -0.538353 0.921538
2.045733 -0.538288 0.921537
2.047871 -0.538226 0.921538
2.050010 -0.538161 0.921536
2.052148 -0.538098 0.921537
2.054287 -0.538036 0.921538
2.056425 -0.537971 0.921537
2.058564 -0.537909 0.921538
2.060702 -0.537844 0.921536
2.036920 -0.541406 0.921536
2.039055 -0.541342 0.921534
2.041190 -0.541279 0.921535
2.043324 -0.541215 0.921534
2.045459 -0.541152 0.921535
2.047594 -0.541088 0.921533
2.049728 -0.541025 0.921534
2.051863 -0.540963 0.921535
2.053997 -0.540898 0.921534
2.056132 -0.540836 0.921535
2.058266 -0.540771 0.921533
2.060401 -0.540709 0.921534
2.036664 -0.544258 0.921532
2.038794 -0.544195 0.921533
2.040925 -0.544131 0.921531
2.043056 -0.544068 0.921532
2.045187 -0.544004 0.921530
2.047317 -0.543942 0.921531
2.049448 -0.543879 0.921532
2.051578 -0.543815 0.921531
2.053709 -0.543753 0.921532
2.055839 -0.543688 0.921530
2.057970 -0.543626 0.921531
2.060100 -0.543564 0.921532
2.036408 -0.547100 0.921530
2.038535 -0.547036 0.921528
2.040662 -0.546974 0.921529
2.042789 -0.546909 0.921528
2.044915 -0.546847 0.921529
2.047042 -0.546785 0.921530
2.049168 -0.546720 0.921528
2.051295 -0.546658 0.921529
2.053421 -0.546594 0.921527
2.055548 -0.546532 0.921528
2.057674 -0.546470 0.921529
2.059801 -0.546405 0.921528
2.036154 -0.549930 0.921525
2.038277 -0.549868 0.921526
2.040399 -0.549804 0.921525
2.042522 -0.549741 0.921526
2.044644 -0.549679 0.921527
2.046767 -0.549615 0.921525
2.048890 -0.549553 0.921526
2.051013 -0.549489 0.921525
2.053135 -0.549427 0.921526
2.055257 -0.549365 0.921527
2.057380 -0.549300 0.921525
2.059502 -0.549238 0.921526
2.035900 -0.552751 0.921523
2.038019 -0.552687 0.921522
2.040138 -0.552625 0.921523
2.042256 -0.552563 0.921524
2.044375 -0.552499 0.921522
2.046494 -0.552437 0.921523
2.048613 -0.552373 0.921522
2.050731 -0.552311 0.921523
2.052849 -0.552249 0.921524
2.054968 -0.552185 0.921522
2.057087 -0.552123 0.921523
2.059205 -0.552058 0.921522
2.035648 -0.555560 0.921519
2.037762 -0.555498 0.921520
2.039877 -0.555436 0.921521
2.041992 -0.555372 0.921519
2.044107 -0.555310 0.921520
2.046222 -0.555246 0.921519
2.048336 -0.555184 0.921520
2.050451 -0.555123 0.921521
2.052566 -0.555058 0.921519
2.054680 -0.554997 0.921520
2.056795 -0.554932 0.921519
2.058909 -0.554871 0.921520
2.035396 -0.558361 0.921517
2.037507 -0.558299 0.921518
2.039618 -0.558235 0.921517
2.041728 -0.558173 0.921518
2.043840 -0.558109 0.921516
2.045950 -0.558047 0.921517
2.048061 -0.557985 0.921518
2.050172 -0.557921 0.921517
2.052282 -0.557860 0.921518
2.054393 -0.557796 0.921516
2.056504 -0.557734 0.921517
2.058614 -0.557672 0.921518
2.035145 -0.561151 0.921515
2.037252 -0.561087 0.921514
2.039359 -0.561025 0.921515
2.041466 -0.560961 0.921513
2.043573 -0.560899 0.921514
2.045680 -0.560838 0.921515
2.047787 -0.560774 0.921514
2.049893 -0.560712 0.921515
2.052000 -0.560648 0.921513
2.054107 -0.560587 0.921514
2.056214 -0.560525 0.921515
2.058320 -0.560461 0.921514
2.034895 -0.563928 0.921511
2.036998 -0.563867 0.921512
2.039102 -0.563803 0.921510
2.041205 -0.563741 0.921511
2.043307 -0.563680 0.921512
2.045411 -0.563616 0.921511
2.047513 -0.563554 0.921512
2.049616 -0.563490 0.921510
2.051719 -0.563429 0.921511
2.053822 -0.563367 0.921512
2.055925 -0.563303 0.921511
2.058028 -0.563242 0.921512
2.034646 -0.566698 0.921509
2.036746 -0.566634 0.921508
2.038845 -0.566572 0.921509
2.040944 -0.566511 0.921510
2.043043 -0.566447 0.921508
2.045142 -0.566386 0.921509
2.047241 -0.566322 0.921508
2.049340 -0.566260 0.921509
2.051439 -0.566199 0.921510
2.053538 -0.566135 0.921508
2.055637 -0.566074 0.921509
2.057736 -0.566010 0.921507
2.034399 -0.569455 0.921505
2.036494 -0.569393 0.921506
2.038589 -0.569332 0.921507
2.040684 -0.569268 0.921505
2.042779 -0.569207 0.921506
2.044875 -0.569143 0.921505
2.046970 -0.569082 0.921506
2.049065 -0.569020 0.921507
2.051160 -0.568957 0.921505
2.053255 -0.568895 0.921506
2.055351 -0.568832 0.921505
2.057445 -0.568770 0.921506
2.034151 -0.572204 0.921503
2.036243 -0.572142 0.921504
2.038334 -0.572079 0.921503
2.040426 -0.572018 0.921504
2.042517 -0.571954 0.921502
2.044608 -0.571893 0.921503
2.046700 -0.571831 0.921504
2.048791 -0.571768 0.921502
2.050882 -0.571707 0.921503
2.052974 -0.571643 0.921502
2.055065 -0.571582 0.921503
2.057156 -0.571518 0.921501
2.033905 -0.574943 0.921501
2.035993 -0.574879 0.921500
2.038080 -0.574818 0.921501
2.040168 -0.574755 0.921499
2.042256 -0.574693 0.921500
2.044343 -0.574632 0.921501
2.046431 -0.574569 0.921500
2.048518 -0.574508 0.921501
2.050606 -0.574444 0.921499
2.052693 -0.574383 0.921500
2.054780 -0.574319 0.921499
2.056867 -0.574258 0.921500
2.033660 -0.577669 0.921497
2.035744 -0.577608 0.921498
2.037828 -0.577545 0.921496
2.039911 -0.577484 0.921497
2.041995 -0.577423 0.921498
2.044079 -0.577359 0.921497
2.046162 -0.577298 0.921498
2.048246 -0.577235 0.921496
2.050329 -0.577174 0.921497
2.052413 -0.577110 0.921496
2.054497 -0.577049 0.921497
2.056580 -0.576988 0.921498
2.033416 -0.580388 0.921495
2.035496 -0.580325 0.921494
2.037576 -0.580264 0.921495
2.039655 -0.580203 0.921496
2.041735 -0.580140 0.921494
2.043815 -0.580079 0.921495
2.045895 -0.580015 0.921494
2.047975 -0.579954 0.921495
2.050055 -0.579891 0.921493
2.052134 -0.579830 0.921494
2.054214 -0.579769 0.921495
2.056294 -0.579706 0.921493
2.033172 -0.583095 0.921491
2.035248 -0.583034 0.921492
2.037324 -0.582973 0.921493
2.039401 -0.582910 0.921491
2.041477 -0.582849 0.921492
2.043553 -0.582786 0.921491
2.045629 -0.582725 0.921492
2.047704 -0.582664 0.921493
2.049781 -0.582601 0.921491
2.051856 -0.582540 0.921492
2.053933 -0.582477 0.921491
2.056008 -0.582416 0.921492
2.032930 -0.585794 0.921489
2.035002 -0.585733 0.921490
2.037074 -0.585670 0.921489
2.039147 -0.585609 0.921490
2.041219 -0.585546 0.921488
2.043291 -0.585485 0.921489
2.045363 -0.585425 0.921490
2.047436 -0.585361 0.921489
2.049508 -0.585301 0.921490
2.051580 -0.585238 0.921488
2.053652 -0.585177 0.921489
2.055724 -0.585114 0.921487
2.032688 -0.588483 0.921487
2.034757 -0.588420 0.921486
2.036825 -0.588360 0.921487
2.038894 -0.588297 0.921485
2.040962 -0.588236 0.921486
2.043030 -0.588175 0.921487
2.045099 -0.588112 0.921486
2.047167 -0.588051 0.921487
2.049236 -0.587988 0.921485
2.051304 -0.587928 0.921486
2.053373 -0.587865 0.921485
2.055441 -0.587804 0.921486
2.032447 -0.591160 0.921483
2.034512 -0.591100 0.921484
2.036577 -0.591037 0.921483
2.038642 -0.590976 0.921484
2.040706 -0.590916 0.921485
2.042771 -0.590853 0.921483
2.044836 -0.590792 0.921484
2.046900 -0.590729 0.921483
2.048965 -0.590669 0.921484
2.051030 -0.590606 0.921482
2.053094 -0.590545 0.921483
2.055159 -0.590484 0.921484
2.184907 -0.488778 1.018069
2.187179 -0.488212 1.017613
2.193704 -0.474911 1.005638
2.197456 -0.470041 1.001290
2.200629 -0.466946 0.998548
2.203522 -0.464716 0.996589
2.206242 -0.463015 0.995107
2.208836 -0.461703 0.993978
2.184812 -0.484013 1.010864
2.184377 -0.491696 1.017893
2.186503 -0.491560 1.017825
2.194391 -0.474188 1.002116
2.198065 -0.469570 0.997982
2.201186 -0.466646 0.995385
2.204047 -0.464520 0.993514
2.206749 -0.462886 0.992088
2.209335 -0.461607 0.990985
2.184373 -0.486675 1.010441
2.184028 -0.494063 1.017226
2.185817 -0.494934 1.018075
2.195112 -0.473368 0.998493
2.198670 -0.469113 0.994676
2.201738 -0.466360 0.992226
2.204579 -0.464308 0.990415
2.207262 -0.462740 0.989045
2.209831 -0.461521 0.987993
2.184195 -0.488538 1.009297
2.184033 -0.495360 1.015587
2.185231 -0.498000 1.018056
2.187521 -0.497348 1.017516
2.199260 -0.468708 0.991406
2.202301 -0.466049 0.989035
2.205112 -0.464095 0.987307
2.207777 -0.462594 0.985994
2.210328 -0.461437 0.984995
2.184128 -0.490059 1.007844
2.184160 -0.496284 1.013608
2.184897 -0.500305 1.017350
2.186718 -0.501045 1.018084
2.199859 -0.468280 0.988105
2.202850 -0.465783 0.985875
2.205637 -0.463913 0.984219
2.208284 -0.462474 0.982958
2.210827 -0.461350 0.981986
2.184139 -0.491345 1.006176
2.184306 -0.497152 1.011575
2.184998 -0.501306 1.015453
2.186209 -0.503859 1.017858
2.188298 -0.503782 1.017842
2.203399 -0.465521 0.982709
2.206161 -0.463736 0.981126
2.208788 -0.462367 0.979925
2.211315 -0.461301 0.979003
2.184198 -0.492484 1.004373
2.184481 -0.497932 1.009460
2.185212 -0.501969 1.013242
2.186187 -0.505222 1.016300
2.187650 -0.506992 1.017990
2.189845 -0.506590 1.017675
2.206682 -0.463572 0.978036
2.209293 -0.462260 0.976884
2.211803 -0.461254 0.976015
2.185511 -0.483421 0.993062
2.184273 -0.493575 1.002526
2.184671 -0.498672 1.007303
2.185439 -0.502593 1.010992
2.186417 -0.505836 1.014052
2.187556 -0.508561 1.016631
2.189126 -0.509990 1.018010
2.191339 -0.509526 1.017637
2.209792 -0.462174 0.973854
2.212292 -0.461207 0.973018
2.184942 -0.486486 0.993016
2.184395 -0.494524 1.000545
2.184864 -0.499402 1.005136
2.185675 -0.503191 1.008714
2.186677 -0.506365 1.011720
2.187810 -0.509107 1.014324
2.189058 -0.511478 1.016584
2.190629 -0.512878 1.017940
2.192750 -0.512673 1.017806
2.212778 -0.461174 0.970025
2.184745 -0.488415 0.991923
2.184519 -0.495470 0.998560
2.185082 -0.500058 1.002896
2.185927 -0.503746 1.006391
2.186947 -0.506866 1.009358
2.188095 -0.509565 1.011930
2.189328 -0.511980 1.014239
2.190659 -0.514078 1.016251
2.192174 -0.515615 1.017740
2.194124 -0.515890 1.018052
2.184673 -0.489962 0.990476
2.184680 -0.496301 0.996466
2.185297 -0.500727 1.000665
2.186182 -0.504293 1.004059
2.187230 -0.507328 1.006955
2.188386 -0.510006 1.009517
2.189635 -0.512376 1.011790
2.190959 -0.514496 1.013831
2.192345 -0.516410 1.015676
2.193820 -0.518041 1.017259
2.184682 -0.491266 0.988803
2.184842 -0.497133 0.994370
2.185521 -0.501370 0.998406
2.186436 -0.504845 1.001725
2.187512 -0.507799 1.004555
2.188689 -0.510416 1.007069
2.189953 -0.512743 1.009310
2.191282 -0.514850 1.011345
2.192666 -0.516772 1.013205
2.194110 -0.518498 1.014881
2.184737 -0.492427 0.986996
2.185026 -0.497900 0.992210
2.185757 -0.501977 0.996108
2.186707 -0.505349 0.999343
2.187797 -0.508262 1.002144
2.188998 -0.510809 1.004601
2.190272 -0.513109 1.006823
2.191612 -0.515188 1.008838
2.193010 -0.517072 1.010669
2.194457 -0.518792 1.012346
2.186269 -0.482672 0.974811
2.184813 -0.493527 0.985131
2.185218 -0.498645 0.990027
2.185991 -0.502594 0.993818
2.186978 -0.505853 0.996956
2.188092 -0.508697 0.999702
2.189305 -0.511209 1.002133
2.190592 -0.513475 1.004332
2.191951 -0.515502 1.006304
2.193359 -0.517358 1.008116
2.194812 -0.519065 1.009785
2.185525 -0.486278 0.975287
2.184938 -0.494478 0.983124
2.185416 -0.499371 0.987823
2.186237 -0.503174 0.991488
2.187249 -0.506361 0.994569
2.188389 -0.509128 0.997251
2.189615 -0.511604 0.999656
2.190924 -0.513808 1.001803
2.192292 -0.515812 1.003761
2.193708 -0.517650 1.005561
2.195172 -0.519327 1.007208
2.185063 -0.495429 0.981115
2.185631 -0.500048 0.985569
2.186494 -0.503725 0.989127
2.187530 -0.506841 0.992151
2.188687 -0.509560 0.994795
2.189934 -0.511975 0.997151
2.191255 -0.514146 0.999275
2.192634 -0.516122 1.001212
2.194059 -0.517937 1.002997
2.195536 -0.519582 1.004618
2.185849 -0.500717 0.983305
2.186749 -0.504285 0.986770
2.187816 -0.507307 0.989714
2.188987 -0.509985 0.992328
2.190255 -0.512345 0.994640
2.191588 -0.514483 0.996739
2.192974 -0.516438 0.998663
2.194418 -0.518204 1.000406
2.195905 -0.519823 1.002009
2.187012 -0.504821 0.984385
2.188101 -0.507782 0.987280
2.189299 -0.510381 0.989829
2.190578 -0.512708 0.992116
2.191919 -0.514825 0.994202
2.193326 -0.516726 0.996081
2.194780 -0.518466 0.997806
2.196275 -0.520064 0.999395
2.187284 -0.505332 0.981973
2.188391 -0.508242 0.984829
2.189610 -0.510780 0.987327
2.190901 -0.513076 0.989593
2.192263 -0.515136 0.991631
2.193679 -0.517011 0.993491
2.195142 -0.518729 0.995200
2.196646 -0.520306 0.996775
2.188691 -0.508673 0.982344
2.189922 -0.511180 0.984821
2.191231 -0.513423 0.987043
2.192607 -0.515448 0.989054
2.194032 -0.517300 0.990899
2.195506 -0.518992 0.992589
2.197020 -0.520544 0.994144
2.188993 -0.509102 0.979853
2.190238 -0.511569 0.982299
2.191566 -0.513761 0.984480
2.192950 -0.515762 0.986475
2.194385 -0.517591 0.988303
2.195873 -0.519246 0.989963
2.197401 -0.520763 0.991489
2.190563 -0.511935 0.979750
2.191901 -0.514102 0.981913
2.193295 -0.516078 0.983890
2.194748 -0.517857 0.985676
2.196245 -0.519491 0.987321
2.197782 -0.520988 0.988834
2.190889 -0.512301 0.977194
2.192237 -0.514439 0.979337
2.193650 -0.516365 0.981272
2.195112 -0.518123 0.983044
2.196619 -0.519731 0.984670
2.198164 -0.521208 0.986167
2.191216 -0.512667 0.974633
2.192580 -0.514762 0.976741
2.194004 -0.516657 0.978653
2.195476 -0.518392 0.980408
2.196993 -0.519975 0.982015
2.198547 -0.521431 0.983497
2.191554 -0.513001 0.972036
2.192930 -0.515066 0.974121
2.194362 -0.516942 0.976021
2.195842 -0.518657 0.977763
2.197369 -0.520214 0.979349
2.198939 -0.521632 0.980800
2.191910 -0.513289 0.969388
2.193286 -0.515355 0.971481
2.194723 -0.517221 0.973377
2.196216 -0.518903 0.975092
2.197754 -0.520434 0.976659
2.199332 -0.521832 0.978094
2.190986 -0.511197 0.964322
2.192283 -0.513529 0.966685
2.193654 -0.515614 0.968804
2.195098 -0.517463 0.970691
2.196596 -0.519134 0.972401
2.198142 -0.520645 0.973953
2.199727 -0.522030 0.975380
2.191372 -0.511400 0.961569
2.192673 -0.513721 0.963930
2.194048 -0.515801 0.966051
2.195491 -0.517655 0.967948
2.196989 -0.519330 0.969668
2.198536 -0.520845 0.971229
2.200126 -0.522218 0.972650
2.190522 -0.509058 0.956218
2.191756 -0.511611 0.958818
2.193068 -0.513905 0.961158
2.194457 -0.515947 0.963249
2.195903 -0.517798 0.965150
2.197400 -0.519482 0.966884
2.198946 -0.521003 0.968457
2.200542 -0.522366 0.969872
2.189765 -0.506406 0.950533
2.190898 -0.509292 0.953474
2.192144 -0.511815 0.956052
2.193470 -0.514071 0.958363
2.194870 -0.516086 0.960434
2.196321 -0.517926 0.962330
2.197825 -0.519595 0.964056
2.199379 -0.521098 0.965616
2.200975 -0.522465 0.967040
2.190124 -0.506689 0.947821
2.191275 -0.509527 0.950724
2.192529 -0.512027 0.953288
2.193875 -0.514230 0.955554
2.195284 -0.516225 0.957611
2.196745 -0.518040 0.959489
2.198263 -0.519674 0.961185
2.199825 -0.521162 0.962735
2.201429 -0.522513 0.964149
2.189455 -0.503732 0.941788
2.190481 -0.506983 0.945114
2.191653 -0.509762 0.947967
2.192926 -0.512212 0.950489
2.194280 -0.514395 0.952743
2.195695 -0.516374 0.954792
2.197175 -0.518142 0.956629
2.198703 -0.519753 0.958308
2.200273 -0.521221 0.959843
2.201884 -0.522559 0.961248
2.189801 -0.504060 0.939097
2.190848 -0.507249 0.942373
2.192034 -0.509991 0.945197
2.193324 -0.512395 0.947682
2.194686 -0.514558 0.949923
2.196117 -0.516497 0.951938
2.197606 -0.518244 0.953761
2.199141 -0.519837 0.955428
2.200722 -0.521285 0.956947
2.202342 -0.522600 0.958334
2.189282 -0.500616 0.932524
2.190150 -0.504380 0.936393
2.191218 -0.507511 0.939620
2.192418 -0.510214 0.942416
2.193720 -0.512586 0.944876
2.195094 -0.514718 0.947094
2.196542 -0.516614 0.949073
2.198038 -0.518347 0.950886
2.199583 -0.519917 0.952535
2.201173 -0.521342 0.954037
2.202807 -0.522627 0.955398
2.189603 -0.501020 0.929885
2.190497 -0.504709 0.933691
2.191588 -0.507773 0.936862
2.192807 -0.510424 0.939613
2.194119 -0.512772 0.942058
2.195511 -0.514857 0.944235
2.196965 -0.516740 0.946207
2.198471 -0.518449 0.948004
2.200030 -0.519987 0.949625
2.201632 -0.521384 0.951104
2.203276 -0.522647 0.952447
2.189934 -0.501398 0.927215
2.190849 -0.505026 0.930971
2.191960 -0.508034 0.934095
2.193196 -0.510638 0.936809
2.194521 -0.512951 0.939226
2.195927 -0.515003 0.941377
2.197391 -0.516861 0.943330
2.198910 -0.518538 0.945099
2.200479 -0.520052 0.946703
2.202091 -0.521426 0.948164
2.203745 -0.522668 0.949490
2.190325 -0.501605 0.924364
2.191214 -0.505310 0.928211
2.192339 -0.508280 0.931307
2.193590 -0.510843 0.933988
2.194931 -0.513114 0.936369
2.196347 -0.515140 0.938501
2.197819 -0.516977 0.940440
2.199352 -0.518621 0.942182
2.200932 -0.520110 0.943765
2.202553 -0.521466 0.945213
2.204214 -0.522693 0.946528
2.190695 -0.501872 0.921567
2.191605 -0.505518 0.925367
2.192722 -0.508513 0.928499
2.193982 -0.511054 0.931166
2.195341 -0.513276 0.933506
2.196764 -0.515287 0.935629
2.198255 -0.517079 0.937528
2.199796 -0.518702 0.939254
2.201384 -0.520176 0.940827
2.203015 -0.521509 0.942256
2.204690 -0.522703 0.943542
2.190138 -0.504865 0.921565
2.192316 -0.504800 0.921563
2.193129 -0.508681 0.925617
2.194386 -0.511235 0.928306
2.195754 -0.513436 0.930633
2.197191 -0.515411 0.932726
2.198693 -0.517176 0.934603
2.200243 -0.518781 0.936317
2.201840 -0.520234 0.937874
2.203486 -0.521529 0.939269
2.205171 -0.522703 0.940538
2.189583 -0.507845 0.921560
2.191756 -0.507782 0.921561
2.193930 -0.507716 0.921560
2.194812 -0.511355 0.925377
2.196167 -0.513597 0.927753
2.197620 -0.515531 0.929812
2.199129 -0.517280 0.931679
2.200689 -0.518862 0.933375
2.202303 -0.520275 0.934896
2.203958 -0.521552 0.936276
2.205654 -0.522702 0.937526
2.189029 -0.510816 0.921559
2.191199 -0.510750 0.921557
2.193368 -0.510687 0.921558
2.195537 -0.510624 0.921559
2.196621 -0.513647 0.924751
2.198057 -0.515632 0.926869
2.199569 -0.517377 0.928739
2.201146 -0.518919 0.930399
2.202768 -0.520314 0.931906
2.204432 -0.521573 0.933273
2.206136 -0.522705 0.934508
2.188479 -0.513773 0.921554
2.190643 -0.513710 0.921555
2.192808 -0.513647 0.921556
2.194974 -0.513581 0.921554
2.197138 -0.513518 0.921555
2.198558 -0.515556 0.923736
2.200031 -0.517417 0.925733
2.201606 -0.518971 0.927410
2.203234 -0.520353 0.928909
2.204906 -0.521596 0.930264
2.206625 -0.522695 0.931469
2.187929 -0.516721 0.921552
2.190090 -0.516658 0.921553
2.192251 -0.516593 0.921551
2.194412 -0.516530 0.921552
2.196573 -0.516464 0.921551
2.198734 -0.516401 0.921552
2.200894 -0.516338 0.921553
2.202104 -0.518919 0.924304
2.203714 -0.520357 0.925867
2.205394 -0.521585 0.927210
2.207119 -0.522675 0.928411
2.187382 -0.519658 0.921550
2.189539 -0.519592 0.921548
2.191696 -0.519530 0.921549
2.193853 -0.519464 0.921548
2.196010 -0.519402 0.921549
2.198166 -0.519339 0.921550
2.200323 -0.519274 0.921548
2.202480 -0.519211 0.921549
2.204636 -0.519148 0.921550
2.205925 -0.521461 0.924032
2.207635 -0.522598 0.925285
2.186838 -0.522581 0.921546
2.188990 -0.522518 0.921547
2.191143 -0.522453 0.921545
2.193296 -0.522390 0.921546
2.195448 -0.522328 0.921547
2.197601 -0.522263 0.921545
2.199754 -0.522200 0.921546
2.201906 -0.522137 0.921547
2.204059 -0.522072 0.921546
2.206211 -0.522009 0.921547
2.208364 -0.521944 0.921545
2.186295 -0.525496 0.921544
2.188443 -0.525433 0.921545
2.190592 -0.525368 0.921543
2.192740 -0.525305 0.921544
2.194890 -0.525240 0.921542
2.197038 -0.525178 0.921543
2.199186 -0.525115 0.921544
2.201335 -0.525050 0.921543
2.203483 -0.524988 0.921544
2.205632 -0.524922 0.921542
2.207781 -0.524860 0.921543
2.185753 -0.528399 0.921542
2.187899 -0.528334 0.921540
2.190043 -0.528272 0.921541
2.192188 -0.528207 0.921540
2.194332 -0.528144 0.921541
2.196477 -0.528082 0.921542
2.198622 -0.528017 0.921540
2.200766 -0.527954 0.921541
2.202911 -0.527890 0.921539
2.205055 -0.527827 0.921540
2.207199 -0.527765 0.921541
2.185215 -0.531290 0.921537
2.187356 -0.531227 0.921538
2.189497 -0.531162 0.921537
2.191637 -0.531100 0.921538
2.193777 -0.531038 0.921539
2.195918 -0.530973 0.921537
2.198058 -0.530910 0.921538
2.200199 -0.530845 0.921537
2.202339 -0.530783 0.921538
2.204479 -0.530721 0.921539
2.206620 -0.530656 0.921537
2.184678 -0.534172 0.921535
2.186815 -0.534107 0.921534
2.188952 -0.534044 0.921535
2.191088 -0.533982 0.921536
2.193225 -0.533917 0.921534
2.195361 -0.533855 0.921535
2.197498 -0.533790 0.921534
2.199634 -0.533728 0.921535
2.201770 -0.533666 0.921536
2.203907 -0.533601 0.921534
2.206043 -0.533539 0.921535
2.184144 -0.537040 0.921531
2.186276 -0.536978 0.921532
2.188409 -0.536916 0.921533
2.190542 -0.536851 0.921531
2.192674 -0.536789 0.921532
2.194806 -0.536726 0.921533
2.196939 -0.536662 0.921532
2.199071 -0.536600 0.921533
2.201204 -0.536535 0.921531
2.203336 -0.536473 0.921532
2.205468 -0.536410 0.921533
2.183611 -0.539900 0.921529
2.185739 -0.539838 0.921530
2.187869 -0.539774 0.921528
2.189997 -0.539711 0.921529
2.192125 -0.539649 0.921530
2.194254 -0.539585 0.921529
2.196382 -0.539523 0.921530
2.198511 -0.539458 0.921528
2.200639 -0.539396 0.921529
2.202767 -0.539334 0.921530
2.204896 -0.539269 0.921529
2.183080 -0.542750 0.921527
2.185205 -0.542685 0.921526
2.187330 -0.542623 0.921527
2.189454 -0.542561 0.921528
2.191579 -0.542497 0.921526
2.193703 -0.542435 0.921527
2.195828 -0.542370 0.921525
2.197952 -0.542308 0.921526
2.200076 -0.542246 0.921527
2.202201 -0.542182 0.921526
2.204325 -0.542120 0.921527
2.182552 -0.545586 0.921523
2.184672 -0.545524 0.921524
2.186793 -0.545462 0.921525
2.188914 -0.545398 0.921523
2.191034 -0.545336 0.921524
2.193155 -0.545272 0.921523
2.195275 -0.545210 0.921524
2.197395 -0.545148 0.921525
2.199516 -0.545083 0.921523
2.201636 -0.545021 0.921524
2.203757 -0.544957 0.921522
2.182025 -0.548414 0.921521
2.184141 -0.548352 0.921522
2.186259 -0.548288 0.921520
2.188375 -0.548226 0.921521
2.190492 -0.548162 0.921520
2.192608 -0.548100 0.921521
2.194724 -0.548038 0.921522
2.196841 -0.547974 0.921520
2.198958 -0.547912 0.921521
2.201074 -0.547848 0.921520
2.203191 -0.547786 0.921521
2.181500 -0.551232 0.921519
2.183613 -0.551168 0.921517
2.185726 -0.551106 0.921518
2.187839 -0.551042 0.921517
2.189951 -0.550980 0.921518
2.192063 -0.550918 0.921519
2.194177 -0.550854 0.921517
2.196289 -0.550793 0.921518
2.198401 -0.550731 0.921519
2.200514 -0.550667 0.921518
2.202626 -0.550605 0.921519
2.180978 -0.554037 0.921515
2.183086 -0.553975 0.921516
2.185195 -0.553914 0.921517
2.187304 -0.553850 0.921515
2.189412 -0.553788 0.921516
2.191522 -0.553724 0.921515
2.193630 -0.553662 0.921516
2.195738 -0.553600 0.921517
2.197847 -0.553536 0.921515
2.199956 -0.553475 0.921516
2.202065 -0.553411 0.921514
2.180457 -0.556834 0.921513
2.182561 -0.556772 0.921514
2.184667 -0.556708 0.921512
2.186771 -0.556647 0.921513
2.188876 -0.556583 0.921512
2.190981 -0.556521 0.921513
2.193085 -0.556459 0.921514
2.195191 -0.556396 0.921512
2.197295 -0.556334 0.921513
2.199400 -0.556270 0.921512
2.201504 -0.556208 0.921513
2.179937 -0.559620 0.921511
2.182039 -0.559556 0.921509
2.184140 -0.559495 0.921510
2.186241 -0.559431 0.921509
2.188342 -0.559369 0.921510
2.190442 -0.559308 0.921511
2.192544 -0.559244 0.921509
2.194644 -0.559183 0.921510
2.196745 -0.559119 0.921509
2.198846 -0.559057 0.921510
2.200946 -0.558996 0.921511
2.179421 -0.562394 0.921507
2.181518 -0.562332 0.921508
2.183615 -0.562269 0.921506
2.185712 -0.562207 0.921507
2.187809 -0.562146 0.921508
2.189906 -0.562082 0.921507
2.192003 -0.562021 0.921508
2.194100 -0.561957 0.921506
2.196197 -0.561896 0.921507
2.198294 -0.561834 0.921508
2.200391 -0.561771 0.921506
2.178905 -0.565160 0.921505
2.180999 -0.565096 0.921503
2.183092 -0.565035 0.921504
2.185185 -0.564973 0.921505
2.187279 -0.564910 0.921504
2.189372 -0.564849 0.921505
2.191465 -0.564785 0.921503
2.193558 -0.564724 0.921504
2.195651 -0.564662 0.921505
2.197744 -0.564599 0.921504
2.199837 -0.564537 0.921505
2.178393 -0.567913 0.921501
2.180482 -0.567852 0.921502
2.182571 -0.567791 0.921503
2.184661 -0.567727 0.921501
2.186750 -0.567666 0.921502
2.188840 -0.567602 0.921500
2.190929 -0.567541 0.921501
2.193017 -0.567480 0.921502
2.195107 -0.567416 0.921501
2.197196 -0.567355 0.921502
2.199285 -0.567294 0.921503
2.177881 -0.570659 0.921499
2.179966 -0.570597 0.921500
2.182052 -0.570534 0.921498
2.184138 -0.570473 0.921499
2.186223 -0.570412 0.921500
2.188309 -0.570348 0.921499
2.190394 -0.570287 0.921500
2.192480 -0.570224 0.921498
2.194565 -0.570163 0.921499
2.196650 -0.570102 0.921500
2.198736 -0.570038 0.921499
2.177371 -0.573394 0.921497
2.179454 -0.573331 0.921495
2.181535 -0.573270 0.921496
2.183616 -0.573209 0.921497
2.185699 -0.573145 0.921496
2.187780 -0.573084 0.921497
2.189862 -0.573021 0.921495
2.191943 -0.572960 0.921496
2.194024 -0.572899 0.921497
2.196106 -0.572836 0.921496
2.198188 -0.572775 0.921497
2.176864 -0.576117 0.921493
2.178942 -0.576056 0.921494
2.181020 -0.575995 0.921495
2.183098 -0.575932 0.921493
2.185176 -0.575871 0.921494
2.187254 -0.575808 0.921493
2.189331 -0.575747 0.921494
2.191409 -0.575686 0.921495
2.193487 -0.575623 0.921493
2.195564 -0.575562 0.921494
2.197643 -0.575499 0.921492
2.176358 -0.578833 0.921491
2.178432 -0.578772 0.921492
2.180507 -0.578709 0.921490
2.182581 -0.578648 0.921491
2.184655 -0.578585 0.921490
2.186729 -0.578524 0.921491
2.188803 -0.578463 0.921492
2.190877 -0.578400 0.921490
2.192951 -0.578339 0.921491
2.195025 -0.578276 0.921490
2.197099 -0.578215 0.921491
2.175854 -0.581538 0.921489
2.177925 -0.581475 0.921488
2.179995 -0.581414 0.921489
2.182066 -0.581351 0.921487
2.184136 -0.581291 0.921488
2.186206 -0.581230 0.921489
2.188276 -0.581167 0.921488
2.190346 -0.581106 0.921489
2.192416 -0.581045 0.921490
2.194487 -0.580982 0.921488
2.196557 -0.580922 0.921489
2.175353 -0.584232 0.921485
2.177419 -0.584171 0.921486
2.179486 -0.584108 0.921484
2.181552 -0.584047 0.921485
2.183618 -0.583987 0.921486
2.185685 -0.583924 0.921485
2.187752 -0.583863 0.921486
2.189818 -0.583802 0.921487
2.191885 -0.583740 0.921485
2.193951 -0.583679 0.921486
2.196017 -0.583616 0.921485
2.174852 -0.586918 0.921483
2.176916 -0.586855 0.921482
2.178978 -0.586794 0.921483
2.181041 -0.586734 0.921484
2.183104 -0.586671 0.921482
2.185166 -0.586610 0.921483
2.187228 -0.586550 0.921484
2.189292 -0.586487 0.921483
2.191354 -0.586426 0.921484
2.193417 -0.586363 0.921482
2.195479 -0.586303 0.921483
2.174354 -0.589594 0.921482
2.176413 -0.589531 0.921480
2.178472 -0.589470 0.921481
2.180531 -0.589408 0.921479
2.182590 -0.589347 0.921480
2.184649 -0.589287 0.921481
2.186708 -0.589224 0.921480
2.188767 -0.589164 0.921481
2.190826 -0.589101 0.921479
2.192885 -0.589040 0.921480
2.194943 -0.588980 0.921481
2.173857 -0.592258 0.921477
2.175913 -0.592197 0.921478
2.177968 -0.592135 0.921477
2.180023 -0.592074 0.921478
2.182078 -0.592014 0.921479
2.184134 -0.591951 0.921477
2.186189 -0.591891 0.921478
2.188245 -0.591828 0.921477
2.190299 -0.591768 0.921478
2.192354 -0.591708 0.921479
2.194410 -0.591645 0.921477
2.173362 -0.594915 0.921476
2.175415 -0.594852 0.921474
2.177466 -0.594792 0.921475
2.179517 -0.594731 0.921476
2.181569 -0.594669 0.921475
2.183620 -0.594609 0.921475
2.185672 -0.594546 0.921474
2.187724 -0.594486 0.921475
2.189775 -0.594425 0.921476
2.191827 -0.594363 0.921474
2.193878 -0.594303 0.921475
2.172870 -0.597560 0.921471
2.174918 -0.597499 0.921472
2.176965 -0.597439 0.921473
2.179014 -0.597377 0.921472
2.181061 -0.597317 0.921473
2.183109 -0.597256 0.921474
2.185157 -0.597194 0.921472
2.187204 -0.597134 0.921473
2.189253 -0.597071 0.921472
2.191300 -0.597011 0.921473
2.193347 -0.596951 0.921474
1.925939 -0.560553 1.383945
1.927560 -0.561164 1.384305
1.929220 -0.561004 1.384242
1.930890 -0.560709 1.384104
1.932559 -0.560416 1.383967
1.934231 -0.560119 1.383829
1.935912 -0.559675 1.383609
1.924261 -0.562534 1.383132
1.925848 -0.563772 1.383840
1.927499 -0.563736 1.383845
1.929161 -0.563492 1.383734
1.930825 -0.563245 1.383623
1.932489 -0.563000 1.383512
1.934153 -0.562755 1.383401
1.935819 -0.562509 1.383290
1.924154 -0.566144 1.383251
1.925786 -0.566428 1.383433
1.927443 -0.566208 1.383335
1.929103 -0.565965 1.383225
1.930763 -0.565721 1.383114
1.932424 -0.565475 1.383003
1.934086 -0.565231 1.382892
1.935748 -0.564987 1.382782
1.920828 -0.568372 1.382563
1.922434 -0.569181 1.383038
1.924078 -0.569140 1.383039
1.925733 -0.568905 1.382933
1.927388 -0.568673 1.382829
1.929045 -0.568430 1.382719
1.930702 -0.568186 1.382607
1.932360 -0.567943 1.382497
1.934018 -0.567700 1.382386
1.935678 -0.567455 1.382275
1.919177 -0.570064 1.381606
1.920770 -0.571164 1.382245
1.922378 -0.571837 1.382646
1.924029 -0.571601 1.382539
1.925680 -0.571372 1.382436
1.927333 -0.571127 1.382323
1.928987 -0.570885 1.382213
1.930641 -0.570644 1.382103
1.932296 -0.570400 1.381992
1.933951 -0.570158 1.381881
1.935608 -0.569916 1.381771
1.917708 -0.567537 1.378286
1.919247 -0.570048 1.379719
1.920770 -0.572679 1.381220
1.922359 -0.573718 1.381827
1.923979 -0.574053 1.382040
1.925628 -0.573816 1.381932
1.927278 -0.573574 1.381821
1.928929 -0.573333 1.381711
1.930580 -0.573091 1.381599
1.932232 -0.572850 1.381489
1.933885 -0.572609 1.381379
1.935538 -0.572366 1.381268
1.914492 -0.566982 1.376035
1.917778 -0.567451 1.376349
1.919316 -0.570030 1.377827
1.920825 -0.573008 1.379529
1.922351 -0.575363 1.380879
1.923930 -0.576497 1.381543
1.925577 -0.576252 1.381430
1.927223 -0.576012 1.381320
1.928871 -0.575771 1.381209
1.930519 -0.575531 1.381099
1.932168 -0.575290 1.380988
1.933818 -0.575050 1.380877
1.935468 -0.574810 1.380767
1.914463 -0.569376 1.375495
1.916123 -0.569142 1.375388
1.917847 -0.567404 1.374431
1.919385 -0.570026 1.375938
1.920891 -0.573085 1.377693
1.922352 -0.576832 1.379836
1.923913 -0.578303 1.380692
1.925525 -0.578679 1.380930
1.927169 -0.578440 1.380820
1.928813 -0.578201 1.380710
1.930459 -0.577961 1.380599
1.932105 -0.577722 1.380489
1.933752 -0.577483 1.380379
1.935399 -0.577242 1.380267
1.914434 -0.571762 1.374957
1.916091 -0.571527 1.374848
1.917749 -0.571291 1.374740
1.919451 -0.570086 1.374081
1.920955 -0.573239 1.375896
1.922413 -0.577064 1.378092
1.923894 -0.580132 1.379859
1.925474 -0.581099 1.380432
1.927114 -0.580861 1.380322
1.928756 -0.580622 1.380212
1.930398 -0.580384 1.380102
1.932042 -0.580144 1.379991
1.933685 -0.579906 1.379881
1.935330 -0.579668 1.379771
1.914405 -0.574141 1.374421
1.916059 -0.573905 1.374312
1.917714 -0.573671 1.374204
1.919372 -0.573402 1.374076
1.921015 -0.573458 1.374133
1.922464 -0.577505 1.376465
1.923868 -0.582114 1.379117
1.925422 -0.583510 1.379937
1.927060 -0.583273 1.379827
1.928699 -0.583035 1.379716
1.930338 -0.582798 1.379606
1.931979 -0.582559 1.379495
1.933619 -0.582322 1.379385
1.935261 -0.582085 1.379275
1.914376 -0.576511 1.373887
1.916028 -0.576277 1.373779
1.917680 -0.576044 1.373670
1.919333 -0.575808 1.373561
1.921047 -0.574279 1.372711
1.922513 -0.577968 1.374847
1.923836 -0.584204 1.378440
1.925381 -0.585728 1.379337
1.927007 -0.585663 1.379325
1.928642 -0.585434 1.379219
1.930279 -0.585203 1.379113
1.931916 -0.584967 1.379003
1.933554 -0.584730 1.378892
1.935192 -0.584493 1.378782
1.914347 -0.578876 1.373356
1.915996 -0.578641 1.373247
1.917646 -0.578407 1.373138
1.919296 -0.578174 1.373030
1.920968 -0.577494 1.372664
1.922563 -0.578444 1.373235
1.923830 -0.585774 1.377471
1.925334 -0.588057 1.378807
1.926959 -0.587949 1.378770
1.928592 -0.587719 1.378664
1.930225 -0.587491 1.378558
1.931859 -0.587261 1.378451
1.933494 -0.587033 1.378345
1.935130 -0.586803 1.378239
1.914319 -0.581229 1.372825
1.915965 -0.580998 1.372717
1.917611 -0.580764 1.372608
1.919259 -0.580532 1.372500
1.920907 -0.580298 1.372391
1.922612 -0.578920 1.371621
1.923765 -0.588489 1.377165
1.925283 -0.590437 1.378313
1.926912 -0.590227 1.378218
1.928542 -0.589998 1.378111
1.930172 -0.589771 1.378005
1.931804 -0.589542 1.377899
1.933436 -0.589313 1.377792
1.935069 -0.589086 1.377686
1.914290 -0.583576 1.372297
1.915933 -0.583346 1.372189
1.917577 -0.583113 1.372080
1.919222 -0.582882 1.371972
1.920867 -0.582649 1.371863
1.922576 -0.581136 1.371012
1.923694 -0.591327 1.376938
1.925238 -0.592724 1.377772
1.926864 -0.592497 1.377665
1.928492 -0.592269 1.377559
1.930119 -0.592042 1.377453
1.931748 -0.591814 1.377347
1.933378 -0.591586 1.377240
1.935008 -0.591359 1.377134
1.914262 -0.585914 1.371770
1.915902 -0.585684 1.371662
1.917543 -0.585454 1.371554
1.919185 -0.585222 1.371445
1.920828 -0.584992 1.371337
1.922534 -0.583482 1.370485
1.923622 -0.594181 1.376728
1.925193 -0.594984 1.377221
1.926817 -0.594758 1.377115
1.928442 -0.594531 1.377009
1.930067 -0.594306 1.376903
1.931693 -0.594079 1.376797
1.933320 -0.593851 1.376690
1.934947 -0.593625 1.376584
1.914233 -0.588245 1.371245
1.915871 -0.588016 1.371137
1.917509 -0.587787 1.371029
1.919148 -0.587558 1.370921
1.920788 -0.587327 1.370813
1.922488 -0.585879 1.369994
1.923538 -0.597276 1.376669
1.925149 -0.597230 1.376668
1.926770 -0.597013 1.376567
1.928392 -0.596787 1.376460
1.930014 -0.596562 1.376355
1.931638 -0.596336 1.376248
1.933262 -0.596111 1.376143
1.934887 -0.595884 1.376036
1.914205 -0.590570 1.370723
1.915840 -0.590340 1.370615
1.917475 -0.590112 1.370507
1.919112 -0.589884 1.370399
1.920749 -0.589655 1.370291
1.921927 -0.598750 1.375645
1.923487 -0.599690 1.376221
1.925105 -0.599473 1.376119
1.926723 -0.599260 1.376020
1.928342 -0.599035 1.375914
1.929962 -0.598811 1.375808
1.931583 -0.598585 1.375702
1.933204 -0.598361 1.375596
1.934826 -0.598135 1.375490
1.914177 -0.592884 1.370201
1.915809 -0.592657 1.370094
1.917442 -0.592429 1.369986
1.919075 -0.592202 1.369878
1.920709 -0.591975 1.369770
1.921858 -0.601609 1.375463
1.923456 -0.601738 1.375564
1.925061 -0.601709 1.375572
1.926677 -0.601486 1.375467
1.928293 -0.601275 1.375369
1.929910 -0.601052 1.375263
1.931528 -0.600827 1.375157
1.933147 -0.600604 1.375051
1.934766 -0.600379 1.374945
1.914149 -0.595192 1.369682
1.915778 -0.594965 1.369574
1.917408 -0.594739 1.369467
1.919039 -0.594512 1.369359
1.920291 -0.602291 1.373978
1.921874 -0.602719 1.374257
1.923454 -0.603201 1.374567
1.925035 -0.603605 1.374831
1.926631 -0.603704 1.374915
1.928243 -0.603510 1.374827
1.929858 -0.603286 1.374720
1.931474 -0.603062 1.374614
1.933090 -0.602840 1.374509
1.934706 -0.602616 1.374402
1.914121 -0.597490 1.369163
1.915748 -0.597264 1.369056
1.917375 -0.597039 1.368948
1.919003 -0.596813 1.368841
1.920344 -0.602627 1.372313
1.921912 -0.603411 1.372804
1.923472 -0.604264 1.373335
1.925029 -0.605122 1.373869
1.926599 -0.605666 1.374218
1.928195 -0.605726 1.374279
1.929806 -0.605513 1.374179
1.931419 -0.605290 1.374073
1.933033 -0.605069 1.373967
1.934647 -0.604845 1.373861
1.914093 -0.599780 1.368647
1.915717 -0.599556 1.368539
1.917342 -0.599331 1.368432
1.918838 -0.601926 1.370002
1.920423 -0.602450 1.370340
1.921977 -0.603539 1.371014
1.923505 -0.605047 1.371937
1.925031 -0.606474 1.372813
1.926577 -0.607440 1.373413
1.928153 -0.607822 1.373666
1.929755 -0.607733 1.373640
1.931365 -0.607511 1.373533
1.932976 -0.607290 1.373428
1.934587 -0.607069 1.373323
1.914066 -0.602063 1.368132
1.915687 -0.601839 1.368024
1.917336 -0.600981 1.367538
1.918915 -0.601743 1.368019
1.920501 -0.602275 1.368363
1.922057 -0.603380 1.369050
1.923565 -0.605314 1.370231
1.925042 -0.607675 1.371668
1.926570 -0.608959 1.372461
1.928129 -0.609599 1.372869
1.929714 -0.609768 1.372996
1.931315 -0.609653 1.372953
1.932923 -0.609436 1.372850
1.934532 -0.609218 1.372745
1.914038 -0.604340 1.367619
1.915685 -0.603419 1.367094
1.917400 -0.601041 1.365693
1.918995 -0.601488 1.365988
1.920579 -0.602107 1.366386
1.922134 -0.603267 1.367108
1.923636 -0.605358 1.368388
1.925074 -0.608477 1.370285
1.926583 -0.610095 1.371281
1.928137 -0.610832 1.371749
1.929715 -0.611096 1.371934
1.931310 -0.611071 1.371945
1.932911 -0.610954 1.371901
1.934518 -0.610748 1.371803
1.914051 -0.605589 1.366494
1.915754 -0.603318 1.365153
1.917515 -0.599936 1.363144
1.919078 -0.601172 1.363915
1.920658 -0.601929 1.364397
1.922208 -0.603241 1.365213
1.923701 -0.605528 1.366617
1.925143 -0.608594 1.368489
1.926628 -0.610670 1.369764
1.928176 -0.611520 1.370303
1.929750 -0.611856 1.370531
1.931344 -0.611865 1.370563
1.932941 -0.611800 1.370550
1.934546 -0.611629 1.370473
1.914132 -0.605141 1.364345
1.915869 -0.602133 1.362553
1.917653 -0.598322 1.360277
1.919169 -0.600692 1.361736
1.920747 -0.601549 1.362281
1.922285 -0.603153 1.363277
1.923768 -0.605665 1.364822
1.925218 -0.608615 1.366631
1.926715 -0.610503 1.367798
1.928257 -0.611480 1.368415
1.929824 -0.611977 1.368742
1.931408 -0.612150 1.368873
1.933010 -0.612047 1.368837
1.934617 -0.611852 1.368745
1.914227 -0.604324 1.361965
1.916048 -0.599426 1.359020
1.917670 -0.599466 1.359071
1.919282 -0.599726 1.359256
1.920880 -0.600257 1.359605
1.922447 -0.601349 1.360295
1.923919 -0.604194 1.362048
1.925297 -0.608559 1.364722
1.926805 -0.610279 1.365793
1.928356 -0.611130 1.366335
1.929932 -0.611521 1.366599
1.931520 -0.611680 1.366722
1.933124 -0.611588 1.366693
1.934733 -0.611406 1.366609
1.914630 -0.595863 1.354921
1.916266 -0.595803 1.354912
1.917902 -0.595743 1.354902
1.919538 -0.595683 1.354893
1.921174 -0.595623 1.354883
1.922810 -0.595562 1.354874
1.924446 -0.595502 1.354865
1.926083 -0.595442 1.354855
1.927550 -0.598386 1.356675
1.928457 -0.610763 1.364239
1.930041 -0.611051 1.364441
1.931633 -0.611197 1.364557
1.933244 -0.611035 1.364485
1.934857 -0.610853 1.364401
1.914715 -0.595346 1.352690
1.916354 -0.595286 1.352681
1.917993 -0.595226 1.352672
1.919632 -0.595165 1.352662
1.921271 -0.595107 1.352654
1.922910 -0.595047 1.352644
1.924549 -0.594986 1.352635
1.926188 -0.594926 1.352626
1.927827 -0.594866 1.352616
1.929466 -0.594805 1.352607
1.931106 -0.594745 1.352597
1.932745 -0.594685 1.352588
1.934384 -0.594624 1.352579
1.936023 -0.594566 1.352570
1.914800 -0.594829 1.350453
1.916442 -0.594769 1.350443
1.918084 -0.594708 1.350434
1.919726 -0.594648 1.350424
1.921368 -0.594588 1.350415
1.923010 -0.594527 1.350406
1.924652 -0.594468 1.350397
1.926294 -0.594408 1.350388
1.927936 -0.594348 1.350378
1.929578 -0.594287 1.350369
1.931220 -0.594227 1.350359
1.932862 -0.594166 1.350350
1.934505 -0.594106 1.350341
1.936147 -0.594046 1.350331
1.914885 -0.594310 1.348207
1.916530 -0.594250 1.348198
1.918175 -0.594189 1.348188
1.919820 -0.594129 1.348179
1.921465 -0.594068 1.348169
1.923110 -0.594008 1.348160
1.924755 -0.593947 1.348150
1.926400 -0.593887 1.348141
1.928045 -0.593826 1.348131
1.929690 -0.593767 1.348123
1.931335 -0.593707 1.348113
1.932980 -0.593646 1.348104
1.934625 -0.593586 1.348094
1.936271 -0.593525 1.348085
1.914971 -0.593788 1.345952
1.916619 -0.593727 1.345943
1.918267 -0.593666 1.345933
1.919914 -0.593608 1.345925
1.921562 -0.593547 1.345915
1.923210 -0.593486 1.345906
1.924858 -0.593426 1.345896
1.926506 -0.593365 1.345887
1.928154 -0.593304 1.345877
1.929802 -0.593244 1.345868
1.931450 -0.593183 1.345858
1.933098 -0.593124 1.345850
1.934747 -0.593064 1.345840
1.936395 -0.593003 1.345831
1.915057 -0.593265 1.343691
1.916708 -0.593204 1.343681
1.918358 -0.593143 1.343672
1.920009 -0.593083 1.343662
1.921660 -0.593022 1.343652
1.923311 -0.592963 1.343644
1.924962 -0.592902 1.343634
1.926613 -0.592841 1.343625
1.928264 -0.592781 1.343615
1.929915 -0.592720 1.343606
1.931566 -0.592659 1.343596
1.933217 -0.592598 1.343587
1.934868 -0.592538 1.343577
1.936520 -0.592477 1.343567
1.915074 -0.594449 1.342486
1.916731 -0.594231 1.342378
1.918388 -0.594014 1.342271
1.920047 -0.593798 1.342165
1.921706 -0.593581 1.342058
1.923365 -0.593364 1.341951
1.925026 -0.593146 1.341843
1.926687 -0.592929 1.341736
1.928348 -0.592710 1.341628
1.930011 -0.592491 1.341520
1.931674 -0.592271 1.341411
1.933336 -0.592073 1.341316
1.934991 -0.592012 1.341307
1.936645 -0.591951 1.341297
1.915109 -0.595192 1.341006
1.916760 -0.595130 1.340995
1.918410 -0.595065 1.340984
1.920061 -0.595003 1.340973
1.921712 -0.594939 1.340961
1.923363 -0.594876 1.340951
1.925014 -0.594814 1.340940
1.926666 -0.594749 1.340928
1.928319 -0.594654 1.340897
1.929974 -0.594516 1.340839
1.931630 -0.594378 1.340781
1.933288 -0.594221 1.340711
1.934950 -0.594003 1.340603
1.936612 -0.593786 1.340496
