ply
format ascii 1.0
element vertex 15293
property float x
property float y
property float z
end_header
2.208185 -0.456393 1.018033
2.210281 -0.456485 1.018168
2.212480 -0.456279 1.018043
2.214679 -0.456073 1.017917
2.216866 -0.455904 1.017824
2.219044 -0.455762 1.017754
2.221210 -0.455652 1.017712
2.223361 -0.455587 1.017710
2.225493 -0.455573 1.017752
2.227615 -0.455589 1.017820
2.229728 -0.455625 1.017907
2.231828 -0.455697 1.018024
2.233930 -0.455763 1.018136
2.236128 -0.455567 1.018019
2.203188 -0.459918 1.018169
2.205421 -0.459596 1.017941
2.207676 -0.459213 1.017660
2.209993 -0.458655 1.017225
2.212316 -0.458085 1.016779
2.214610 -0.457605 1.016413
2.216885 -0.457183 1.016098
2.219113 -0.456899 1.015904
2.221301 -0.456731 1.015811
2.223451 -0.456669 1.015811
2.225560 -0.456721 1.015912
2.227630 -0.456878 1.016104
2.229666 -0.457128 1.016377
2.231686 -0.457415 1.016683
2.233684 -0.457757 1.017038
2.235654 -0.458169 1.017453
2.237674 -0.458444 1.017749
2.239721 -0.458640 1.017975
2.241795 -0.458764 1.018138
2.198264 -0.463278 1.018172
2.200503 -0.462923 1.017915
2.202815 -0.462354 1.017469
2.205289 -0.461320 1.016613
2.207771 -0.460272 1.015746
2.210208 -0.459368 1.015006
2.212580 -0.458663 1.014440
2.214903 -0.458103 1.014002
2.217187 -0.457662 1.013670
2.219420 -0.457368 1.013466
2.221609 -0.457202 1.013375
2.223753 -0.457161 1.013394
2.225852 -0.457246 1.013523
2.227911 -0.457437 1.013746
2.229934 -0.457724 1.014053
2.231930 -0.458080 1.014421
2.233889 -0.458532 1.014873
2.235811 -0.459076 1.015406
2.237698 -0.459704 1.016013
2.239568 -0.460371 1.016654
2.241444 -0.461013 1.017273
2.243379 -0.461493 1.017749
2.245388 -0.461772 1.018049
2.195509 -0.466522 1.018141
2.197807 -0.465975 1.017712
2.200329 -0.464773 1.016705
2.202979 -0.463203 1.015375
2.205566 -0.461841 1.014226
2.208097 -0.460657 1.013237
2.210563 -0.459676 1.012426
2.212958 -0.458911 1.011806
2.215295 -0.458322 1.011341
2.217572 -0.457907 1.011030
2.219802 -0.457629 1.010839
2.221986 -0.457481 1.010764
2.224121 -0.457473 1.010812
2.226216 -0.457573 1.010956
2.228271 -0.457781 1.011194
2.230287 -0.458092 1.011523
2.232259 -0.458517 1.011954
2.234193 -0.459038 1.012468
2.236089 -0.459657 1.013069
2.237947 -0.460367 1.013751
2.239784 -0.461124 1.014473
2.241593 -0.461943 1.015250
2.243364 -0.462853 1.016108
2.245143 -0.463730 1.016935
2.246975 -0.464460 1.017634
2.248942 -0.464832 1.018016
2.192752 -0.469795 1.018146
2.195073 -0.469162 1.017640
2.197765 -0.467434 1.016164
2.200582 -0.465353 1.014375
2.203327 -0.463514 1.012801
2.205968 -0.462002 1.011517
2.208507 -0.460804 1.010512
2.210964 -0.459857 1.009728
2.213360 -0.459097 1.009110
2.215695 -0.458517 1.008652
2.217975 -0.458103 1.008340
2.220204 -0.457835 1.008158
2.222379 -0.457719 1.008111
2.224509 -0.457729 1.008175
2.226597 -0.457856 1.008343
2.228642 -0.458096 1.008611
2.230642 -0.458455 1.008984
2.232603 -0.458915 1.009447
2.234531 -0.459458 1.009983
2.236421 -0.460095 1.010602
2.238272 -0.460827 1.011305
2.240081 -0.461661 1.012098
2.241850 -0.462591 1.012977
2.243575 -0.463623 1.013944
2.245297 -0.464649 1.014907
2.246981 -0.465762 1.015947
2.248676 -0.466833 1.016949
2.250469 -0.467640 1.017717
2.252430 -0.468009 1.018099
2.190010 -0.473041 1.018141
2.192267 -0.472588 1.017792
2.195021 -0.470648 1.016123
2.198058 -0.467892 1.013728
2.200992 -0.465476 1.011635
2.203750 -0.463606 1.010028
2.206395 -0.462092 1.008738
2.208950 -0.460856 1.007695
2.211414 -0.459899 1.006900
2.213809 -0.459149 1.006289
2.216136 -0.458604 1.005860
2.218410 -0.458210 1.005566
2.220629 -0.457979 1.005416
2.222798 -0.457887 1.005390
2.224924 -0.457916 1.005471
2.227005 -0.458067 1.005662
2.229040 -0.458342 1.005961
2.231034 -0.458723 1.006355
2.232988 -0.459208 1.006842
2.234902 -0.459793 1.007417
2.236773 -0.460484 1.008086
2.238600 -0.461285 1.008853
2.240393 -0.462165 1.009689
2.242153 -0.463119 1.010592
2.243871 -0.464171 1.011582
2.245546 -0.465321 1.012658
2.247171 -0.466589 1.013838
2.248794 -0.467845 1.015008
2.250379 -0.469181 1.016249
2.252021 -0.470357 1.017348
2.253890 -0.470948 1.017928
2.189433 -0.476119 1.018052
2.191986 -0.474761 1.016895
2.195298 -0.471147 1.013727
2.198501 -0.467905 1.010890
2.201442 -0.465481 1.008782
2.204228 -0.463542 1.007109
2.206872 -0.462039 1.005824
2.209413 -0.460855 1.004824
2.211872 -0.459921 1.004047
2.214255 -0.459215 1.003473
2.216576 -0.458693 1.003063
2.218842 -0.458331 1.002797
2.221053 -0.458129 1.002673
2.223218 -0.458056 1.002664
2.225337 -0.458109 1.002766
2.227409 -0.458293 1.002986
2.229438 -0.458589 1.003306
2.231427 -0.458989 1.003719
2.233375 -0.459495 1.004226
2.235278 -0.460113 1.004832
2.237140 -0.460833 1.005530
2.238961 -0.461654 1.006317
2.240741 -0.462573 1.007192
2.242477 -0.463594 1.008157
2.244164 -0.464728 1.009223
2.245822 -0.465926 1.010345
2.247437 -0.467220 1.011553
2.249007 -0.468614 1.012851
2.250535 -0.470096 1.014225
2.252055 -0.471583 1.015605
2.253587 -0.473022 1.016941
2.255325 -0.473926 1.017801
2.257345 -0.474117 1.018026
2.186723 -0.479298 1.018010
2.188906 -0.479039 1.017833
2.192078 -0.475807 1.014995
2.195767 -0.471076 1.010815
2.198991 -0.467784 1.007924
2.201953 -0.465308 1.005764
2.204720 -0.463438 1.004146
2.207350 -0.461986 1.002903
2.209879 -0.460848 1.001940
2.212333 -0.459937 1.001181
2.214711 -0.459254 1.000626
2.217030 -0.458747 1.000229
2.219286 -0.458422 0.999995
2.221492 -0.458239 0.999887
2.223651 -0.458190 0.999899
2.225759 -0.458281 1.000036
2.227823 -0.458491 1.000281
2.229847 -0.458809 1.000622
2.231827 -0.459239 1.001062
2.233760 -0.459791 1.001612
2.235653 -0.460441 1.002249
2.237508 -0.461183 1.002969
2.239323 -0.462025 1.003778
2.241095 -0.462967 1.004675
2.242817 -0.464028 1.005680
2.244494 -0.465194 1.006778
2.246124 -0.466465 1.007970
2.247705 -0.467849 1.009262
2.249257 -0.469290 1.010606
2.250755 -0.470850 1.012056
2.252197 -0.472534 1.013616
2.253637 -0.474202 1.015161
2.255065 -0.475881 1.016717
2.256722 -0.476973 1.017748
2.258703 -0.477249 1.018049
2.186083 -0.482568 1.018117
2.188373 -0.481974 1.017638
2.192462 -0.475980 1.012309
2.196287 -0.470855 1.007761
2.199530 -0.467523 1.004825
2.202458 -0.465162 1.002760
2.205213 -0.463334 1.001174
2.207841 -0.461901 0.999944
2.210367 -0.460780 0.998994
2.212807 -0.459921 0.998279
2.215179 -0.459264 0.997746
2.217484 -0.458802 0.997388
2.219736 -0.458498 0.997171
2.221936 -0.458339 0.997085
2.224083 -0.458330 0.997134
2.226186 -0.458442 0.997290
2.228246 -0.458669 0.997551
2.230261 -0.459017 0.997919
2.232230 -0.459484 0.998395
2.234158 -0.460053 0.998962
2.236044 -0.460727 0.999623
2.237888 -0.461505 1.000377
2.239687 -0.462393 1.001230
2.241441 -0.463385 1.002176
2.243155 -0.464470 1.003206
2.244824 -0.465660 1.004330
2.246445 -0.466959 1.005550
2.248009 -0.468387 1.006887
2.249520 -0.469933 1.008329
2.250986 -0.471576 1.009858
2.252409 -0.473309 1.011468
2.253764 -0.475191 1.013210
2.255105 -0.477088 1.014966
2.256448 -0.478956 1.016696
2.258075 -0.480101 1.017778
2.260114 -0.480221 1.017941
2.185484 -0.485710 1.018120
2.187805 -0.485007 1.017542
2.192989 -0.475727 1.009232
2.196870 -0.470450 1.004533
2.200063 -0.467283 1.001734
2.202987 -0.464946 0.999685
2.205727 -0.463176 0.998146
2.208338 -0.461802 0.996965
2.210852 -0.460725 0.996051
2.213281 -0.459905 0.995369
2.215644 -0.459285 0.994867
2.217940 -0.458857 0.994539
2.220187 -0.458574 0.994341
2.222375 -0.458458 0.994293
2.224518 -0.458468 0.994359
2.226615 -0.458601 0.994536
2.228666 -0.458861 0.994826
2.230672 -0.459238 0.995223
2.232635 -0.459725 0.995718
2.234556 -0.460318 0.996308
2.236437 -0.461012 0.996990
2.238269 -0.461827 0.997780
2.240058 -0.462742 0.998660
2.241803 -0.463764 0.999637
2.243503 -0.464889 1.000706
2.245152 -0.466133 1.001882
2.246757 -0.467476 1.003147
2.248311 -0.468934 1.004514
2.249811 -0.470509 1.005988
2.251244 -0.472238 1.007600
2.252611 -0.474111 1.009341
2.253949 -0.476036 1.011128
2.255204 -0.478145 1.013081
2.256439 -0.480280 1.015057
2.257712 -0.482296 1.016925
2.259386 -0.483307 1.017890
2.184907 -0.488778 1.018069
2.187179 -0.488212 1.017613
2.193704 -0.474911 1.005638
2.197456 -0.470041 1.001290
2.200629 -0.466946 0.998548
2.203522 -0.464716 0.996589
2.206242 -0.463015 0.995107
2.208836 -0.461703 0.993978
2.211334 -0.460683 0.993113
2.213758 -0.459889 0.992452
2.216106 -0.459316 0.991991
2.218400 -0.458904 0.991676
2.220634 -0.458664 0.991516
2.222817 -0.458572 0.991490
2.224954 -0.458603 0.991575
2.227042 -0.458769 0.991782
2.229083 -0.459061 0.992103
2.231082 -0.459463 0.992523
2.233041 -0.459968 0.993037
2.234954 -0.460589 0.993654
2.236823 -0.461318 0.994370
2.238647 -0.462158 0.995185
2.240430 -0.463094 0.996088
2.242168 -0.464138 0.997088
2.243854 -0.465304 0.998197
2.245490 -0.466582 0.999408
2.247077 -0.467973 1.000721
2.248612 -0.469481 1.002139
2.250090 -0.471117 1.003672
2.251507 -0.472885 1.005324
2.252856 -0.474804 1.007113
2.254121 -0.476912 1.009072
2.255353 -0.479079 1.011084
2.256482 -0.481474 1.013301
2.257608 -0.483848 1.015499
2.258844 -0.485929 1.017432
2.260665 -0.486559 1.018056
2.184812 -0.484013 1.010864
2.184377 -0.491696 1.017893
2.186503 -0.491560 1.017825
2.194391 -0.474188 1.002116
2.198065 -0.469570 0.997982
2.201186 -0.466646 0.995385
2.204047 -0.464520 0.993514
2.206749 -0.462886 0.992088
2.209335 -0.461607 0.990985
2.211821 -0.460630 0.990157
2.214233 -0.459878 0.989531
2.216575 -0.459334 0.989096
2.218859 -0.458957 0.988811
2.221084 -0.458751 0.988682
2.223262 -0.458678 0.988672
2.225390 -0.458741 0.988788
2.227470 -0.458937 0.989022
2.229505 -0.459251 0.989364
2.231499 -0.459674 0.989805
2.233447 -0.460213 0.990351
2.235350 -0.460866 0.991000
2.237210 -0.461625 0.991745
2.239028 -0.462484 0.992581
2.240801 -0.463450 0.993514
2.242525 -0.464534 0.994553
2.244201 -0.465730 0.995693
2.245830 -0.467030 0.996929
2.247405 -0.468456 0.998277
2.248918 -0.470021 0.999752
2.250372 -0.471718 1.001346
2.251768 -0.473541 1.003053
2.253092 -0.475525 1.004907
2.254340 -0.477676 1.006911
2.255483 -0.480060 1.009127
2.256579 -0.482535 1.011424
2.257552 -0.485285 1.013970
2.258552 -0.487936 1.016426
2.260039 -0.489375 1.017784
2.262146 -0.489296 1.017768
2.184373 -0.486675 1.010441
2.184028 -0.494063 1.017226
2.185817 -0.494934 1.018075
2.195112 -0.473368 0.998493
2.198670 -0.469113 0.994676
2.201738 -0.466360 0.992226
2.204579 -0.464308 0.990415
2.207262 -0.462740 0.989045
2.209831 -0.461521 0.987993
2.212311 -0.460572 0.987187
2.214708 -0.459873 0.986608
2.217044 -0.459352 0.986192
2.219315 -0.459023 0.985950
2.221536 -0.458836 0.985838
2.223706 -0.458792 0.985856
2.225824 -0.458891 0.986003
2.227898 -0.459108 0.986258
2.229929 -0.459441 0.986619
2.231911 -0.459900 0.987094
2.233850 -0.460468 0.987669
2.235749 -0.461138 0.988335
2.237601 -0.461921 0.989105
2.239409 -0.462813 0.989973
2.241169 -0.463817 0.990944
2.242882 -0.464934 0.992017
2.244549 -0.466154 0.993183
2.246165 -0.467492 0.994456
2.247724 -0.468960 0.995848
2.249225 -0.470557 0.997358
2.250664 -0.472296 0.998995
2.252029 -0.474199 1.000782
2.253329 -0.476243 1.002695
2.254540 -0.478484 1.004788
2.255657 -0.480934 1.007072
2.256655 -0.483650 1.009595
2.257568 -0.486542 1.012279
2.258395 -0.489612 1.015124
2.259440 -0.492118 1.017456
2.261260 -0.492725 1.018064
2.184195 -0.488538 1.009297
2.184033 -0.495360 1.015587
2.185231 -0.498000 1.018056
2.187521 -0.497348 1.017516
2.199260 -0.468708 0.991406
2.202301 -0.466049 0.989035
2.205112 -0.464095 0.987307
2.207777 -0.462594 0.985994
2.210328 -0.461437 0.984995
2.212793 -0.460541 0.984235
2.215184 -0.459867 0.983677
2.217508 -0.459392 0.983301
2.219773 -0.459086 0.983080
2.221988 -0.458924 0.982990
2.224146 -0.458920 0.983044
2.226258 -0.459040 0.983212
2.228327 -0.459279 0.983488
2.230347 -0.459648 0.983882
2.232322 -0.460131 0.984382
2.234256 -0.460719 0.984976
2.236146 -0.461416 0.985670
2.237988 -0.462232 0.986472
2.239786 -0.463154 0.987371
2.241538 -0.464183 0.988367
2.243243 -0.465324 0.989466
2.244896 -0.466584 0.990673
2.246496 -0.467967 0.991992
2.248042 -0.469470 0.993421
2.249531 -0.471102 0.994967
2.250947 -0.472898 0.996662
2.252298 -0.474836 0.998486
2.253560 -0.476975 1.000494
2.254739 -0.479298 1.002668
2.255813 -0.481852 1.005054
2.256754 -0.484706 1.007713
2.257559 -0.487861 1.010645
2.258195 -0.491391 1.013920
2.258961 -0.494567 1.016870
2.260557 -0.495708 1.017965
2.184128 -0.490059 1.007844
2.184160 -0.496284 1.013608
2.184897 -0.500305 1.017350
2.186718 -0.501045 1.018084
2.199859 -0.468280 0.988105
2.202850 -0.465783 0.985875
2.205637 -0.463913 0.984219
2.208284 -0.462474 0.982958
2.210827 -0.461350 0.981986
2.213276 -0.460509 0.981274
2.215658 -0.459872 0.980748
2.217970 -0.459437 0.980408
2.220230 -0.459153 0.980206
2.222432 -0.459036 0.980157
2.224585 -0.459054 0.980231
2.226694 -0.459191 0.980415
2.228750 -0.459470 0.980729
2.230763 -0.459863 0.981147
2.232733 -0.460366 0.981666
2.234662 -0.460973 0.982280
2.236539 -0.461710 0.983013
2.238373 -0.462551 0.983841
2.240164 -0.463495 0.984763
2.241908 -0.464551 0.985788
2.243598 -0.465733 0.986928
2.245241 -0.467022 0.988166
2.246831 -0.468433 0.989515
2.248360 -0.469984 0.990992
2.249826 -0.471674 0.992596
2.251231 -0.473499 0.994324
2.252557 -0.475502 0.996214
2.253798 -0.477695 0.998278
2.254932 -0.480128 1.000561
2.255960 -0.482794 1.003057
2.256851 -0.485768 1.005834
2.257526 -0.489239 1.009065
2.258034 -0.493074 1.012629
2.258432 -0.497135 1.016400
2.259854 -0.498683 1.017872
2.184139 -0.491345 1.006176
2.184306 -0.497152 1.011575
2.184998 -0.501306 1.015453
2.186209 -0.503859 1.017858
2.188298 -0.503782 1.017842
2.203399 -0.465521 0.982709
2.206161 -0.463736 0.981126
2.208788 -0.462367 0.979925
2.211315 -0.461301 0.979003
2.213757 -0.460489 0.978315
2.216125 -0.459899 0.977832
2.218432 -0.459488 0.977512
2.220681 -0.459244 0.977346
2.222876 -0.459151 0.977319
2.225024 -0.459191 0.977414
2.227122 -0.459365 0.977633
2.229172 -0.459667 0.977969
2.231179 -0.460081 0.978409
2.233142 -0.460609 0.978952
2.235059 -0.461254 0.979603
2.236930 -0.462011 0.980357
2.238758 -0.462871 0.981205
2.240541 -0.463842 0.982156
2.242270 -0.464939 0.983221
2.243953 -0.466145 0.984387
2.245585 -0.467465 0.985657
2.247160 -0.468918 0.987050
2.248674 -0.470506 0.988566
2.250127 -0.472233 0.990210
2.251506 -0.474127 0.992006
2.252810 -0.476184 0.993953
2.254024 -0.478444 0.996085
2.255132 -0.480941 0.998435
2.256099 -0.483757 1.001077
2.256916 -0.486909 1.004027
2.257506 -0.490583 1.007456
2.257798 -0.494939 1.011510
2.257846 -0.499835 1.016060
2.259123 -0.501724 1.017849
2.261358 -0.501296 1.017512
2.184198 -0.492484 1.004373
2.184481 -0.497932 1.009460
2.185212 -0.501969 1.013242
2.186187 -0.505222 1.016300
2.187650 -0.506992 1.017990
2.189845 -0.506590 1.017675
2.206682 -0.463572 0.978036
2.209293 -0.462260 0.976884
2.211803 -0.461254 0.976015
2.214235 -0.460481 0.975360
2.216592 -0.459929 0.974910
2.218892 -0.459547 0.974616
2.221131 -0.459338 0.974482
2.223321 -0.459266 0.974475
2.225459 -0.459341 0.974603
2.227548 -0.459546 0.974850
2.229594 -0.459867 0.975205
2.231593 -0.460309 0.975671
2.233546 -0.460869 0.976247
2.235455 -0.461539 0.976923
2.237321 -0.462315 0.977697
2.239139 -0.463208 0.978579
2.240909 -0.464214 0.979565
2.242632 -0.465333 0.980655
2.244307 -0.466561 0.981845
2.245924 -0.467923 0.983159
2.247484 -0.469417 0.984593
2.248988 -0.471034 0.986142
2.250419 -0.472817 0.987843
2.251781 -0.474752 0.989683
2.253058 -0.476880 0.991701
2.254242 -0.479215 0.993910
2.255309 -0.481811 0.996359
2.256232 -0.484736 0.999110
2.256960 -0.488104 1.002269
2.257438 -0.492045 1.005955
2.257452 -0.497068 1.010639
2.256987 -0.503191 1.016333
2.258354 -0.504847 1.017914
2.266676 -0.489874 1.004183
2.185511 -0.483421 0.993062
2.184273 -0.493575 1.002526
2.184671 -0.498672 1.007303
2.185439 -0.502593 1.010992
2.186417 -0.505836 1.014052
2.187556 -0.508561 1.016631
2.189126 -0.509990 1.018010
2.191339 -0.509526 1.017637
2.209792 -0.462174 0.973854
2.212292 -0.461207 0.973018
2.214710 -0.460485 0.972408
2.217062 -0.459956 0.971978
2.219348 -0.459620 0.971726
2.221583 -0.459432 0.971611
2.223763 -0.459396 0.971636
2.225893 -0.459498 0.971790
2.227977 -0.459724 0.972059
2.230015 -0.460072 0.972440
2.232004 -0.460547 0.972938
2.233951 -0.461129 0.973536
2.235853 -0.461821 0.974235
2.237708 -0.462633 0.975045
2.239516 -0.463556 0.975958
2.241277 -0.464590 0.976972
2.242992 -0.465733 0.978089
2.244652 -0.467001 0.979320
2.246258 -0.468396 0.980669
2.247810 -0.469911 0.982128
2.249293 -0.471585 0.983734
2.250708 -0.473410 0.985479
2.252051 -0.475395 0.987372
2.253303 -0.477585 0.989454
2.254451 -0.480010 0.991754
2.255481 -0.482698 0.994296
2.256355 -0.485738 0.997163
2.256996 -0.489317 1.000528
2.257307 -0.493659 1.004598
2.256922 -0.499640 1.010181
2.255905 -0.507077 1.017109
2.257568 -0.508009 1.018026
2.265910 -0.492997 1.004213
2.268121 -0.492692 1.003988
2.270369 -0.492301 1.003684
2.272787 -0.491513 1.003013
2.184942 -0.486486 0.993016
2.184395 -0.494524 1.000545
2.184864 -0.499402 1.005136
2.185675 -0.503191 1.008714
2.186677 -0.506365 1.011720
2.187810 -0.509107 1.014324
2.189058 -0.511478 1.016584
2.190629 -0.512878 1.017940
2.192750 -0.512673 1.017806
2.212778 -0.461174 0.970025
2.215184 -0.460494 0.969453
2.217523 -0.460011 0.969064
2.219803 -0.459701 0.968835
2.222030 -0.459542 0.968748
2.224200 -0.459541 0.968806
2.226325 -0.459662 0.968978
2.228402 -0.459914 0.969271
2.230430 -0.460294 0.969684
2.232415 -0.460789 0.970202
2.234355 -0.461393 0.970822
2.236246 -0.462120 0.971557
2.238092 -0.462960 0.972395
2.239892 -0.463907 0.973334
2.241647 -0.464963 0.974372
2.243346 -0.466150 0.975533
2.244996 -0.467451 0.976799
2.246591 -0.468875 0.978179
2.248125 -0.470438 0.979688
2.249595 -0.472146 0.981331
2.250995 -0.474011 0.983119
2.252311 -0.476064 0.985082
2.253541 -0.478311 0.987224
2.254657 -0.480813 0.989603
2.255633 -0.483634 0.992277
2.256445 -0.486825 0.995294
2.257000 -0.490608 0.998859
2.257100 -0.495458 1.003413
2.255964 -0.503245 1.010690
2.254907 -0.510757 1.017710
2.256868 -0.510958 1.017953
2.265090 -0.496243 1.004369
2.267360 -0.495786 1.004003
2.269586 -0.495440 1.003738
2.271889 -0.494912 1.003307
2.274353 -0.494017 1.002534
2.277064 -0.492557 1.001238
2.184745 -0.488415 0.991923
2.184519 -0.495470 0.998560
2.185082 -0.500058 1.002896
2.185927 -0.503746 1.006391
2.186947 -0.506866 1.009358
2.188095 -0.509565 1.011930
2.189328 -0.511980 1.014239
2.190659 -0.514078 1.016251
2.192174 -0.515615 1.017740
2.194124 -0.515890 1.018052
2.215652 -0.460524 0.966510
2.217979 -0.460084 0.966160
2.220254 -0.459795 0.965950
2.222468 -0.459680 0.965903
2.224634 -0.459698 0.965980
2.226753 -0.459844 0.966175
2.228818 -0.460133 0.966504
2.230840 -0.460536 0.966939
2.232819 -0.461050 0.967477
2.234749 -0.461687 0.968130
2.236634 -0.462436 0.968888
2.238475 -0.463292 0.969744
2.240269 -0.464262 0.970707
2.242008 -0.465361 0.971790
2.243699 -0.466573 0.972977
2.245338 -0.467903 0.974275
2.246918 -0.469371 0.975700
2.248437 -0.470974 0.977252
2.249893 -0.472720 0.978935
2.251269 -0.474645 0.980786
2.252570 -0.476737 0.982792
2.253766 -0.479069 0.985021
2.254845 -0.481661 0.987491
2.255780 -0.484580 0.990266
2.256515 -0.487958 0.993467
2.256952 -0.492027 0.997311
2.256760 -0.497577 1.002531
2.252327 -0.513319 1.017232
2.254041 -0.514110 1.018024
2.256526 -0.513045 1.017089
2.264277 -0.499466 1.004517
2.266541 -0.499015 1.004154
2.268792 -0.498598 1.003823
2.271077 -0.498103 1.003420
2.273489 -0.497318 1.002747
2.276078 -0.496131 1.001701
2.278907 -0.494404 1.000152
2.151697 -0.528661 1.026130
2.184673 -0.489962 0.990476
2.184680 -0.496301 0.996466
2.185297 -0.500727 1.000665
2.186182 -0.504293 1.004059
2.187230 -0.507328 1.006955
2.188386 -0.510006 1.009517
2.189635 -0.512376 1.011790
2.190959 -0.514496 1.013831
2.192345 -0.516410 1.015676
2.193820 -0.518041 1.017259
2.195599 -0.518790 1.018016
2.197764 -0.518441 1.017745
2.220699 -0.459909 0.963076
2.222907 -0.459819 0.963052
2.225068 -0.459856 0.963146
2.227174 -0.460045 0.963383
2.229235 -0.460353 0.963732
2.231252 -0.460776 0.964186
2.233219 -0.461327 0.964762
2.235141 -0.461989 0.965440
2.237020 -0.462761 0.966221
2.238851 -0.463647 0.967109
2.240633 -0.464653 0.968108
2.242367 -0.465768 0.969210
2.244052 -0.466999 0.970419
2.245673 -0.468378 0.971767
2.247241 -0.469878 0.973228
2.248750 -0.471511 0.974812
2.250181 -0.473320 0.976561
2.251544 -0.475279 0.978449
2.252814 -0.477450 0.980535
2.253987 -0.479839 0.982825
2.255028 -0.482525 0.985392
2.255911 -0.485569 0.988292
2.256565 -0.489143 0.991687
2.256845 -0.493588 0.995895
2.256180 -0.500279 1.002198
2.251282 -0.517112 1.017967
2.253459 -0.516774 1.017708
2.261928 -0.501414 1.003429
2.264327 -0.500636 1.002760
2.266449 -0.500520 1.002710
2.268551 -0.500452 1.002703
2.270706 -0.500259 1.002580
2.272939 -0.499885 1.002288
2.275332 -0.499147 1.001657
2.277967 -0.497858 1.000512
2.280946 -0.495794 0.998644
2.284653 -0.492095 0.995251
2.151569 -0.530361 1.024949
2.153490 -0.530690 1.025314
2.155410 -0.531017 1.025678
2.157309 -0.531403 1.026096
2.184682 -0.491266 0.988803
2.184842 -0.497133 0.994370
2.185521 -0.501370 0.998406
2.186436 -0.504845 1.001725
2.187512 -0.507799 1.004555
2.188689 -0.510416 1.007069
2.189953 -0.512743 1.009310
2.191282 -0.514850 1.011345
2.192666 -0.516772 1.013205
2.194110 -0.518498 1.014881
2.195609 -0.520040 1.016385
2.197216 -0.521263 1.017589
2.199097 -0.521700 1.018055
2.201305 -0.521222 1.017663
2.225496 -0.460035 0.960327
2.227596 -0.460246 0.960585
2.229652 -0.460574 0.960953
2.231657 -0.461035 0.961445
2.233618 -0.461609 0.962043
2.235534 -0.462293 0.962745
2.237402 -0.463097 0.963560
2.239222 -0.464016 0.964481
2.240996 -0.465046 0.965507
2.242721 -0.466189 0.966638
2.244390 -0.467466 0.967895
2.246006 -0.468862 0.969263
2.247564 -0.470389 0.970754
2.249050 -0.472080 0.972398
2.250467 -0.473926 0.974188
2.251804 -0.475954 0.976147
2.253056 -0.478168 0.978281
2.254190 -0.480653 0.980668
2.255190 -0.483439 0.983337
2.256015 -0.486627 0.986382
2.256578 -0.490419 0.989993
2.246687 -0.519650 1.017430
2.248492 -0.520205 1.018007
2.250680 -0.519828 1.017710
2.254050 -0.516622 1.014764
2.262632 -0.501022 1.000213
2.264855 -0.500671 0.999941
2.266912 -0.500714 1.000039
2.268946 -0.500810 1.000186
2.270982 -0.500900 1.000328
2.273044 -0.500929 1.000412
2.275179 -0.500786 1.000336
2.277469 -0.500289 0.999929
2.280066 -0.499095 0.998868
2.283192 -0.496710 0.996694
2.151535 -0.531752 1.023480
2.153361 -0.532387 1.024135
2.155279 -0.532714 1.024499
2.157152 -0.533180 1.024994
2.159006 -0.533698 1.025539
2.160857 -0.534219 1.026086
2.184737 -0.492427 0.986996
2.185026 -0.497900 0.992210
2.185757 -0.501977 0.996108
2.186707 -0.505349 0.999343
2.187797 -0.508262 1.002144
2.188998 -0.510809 1.004601
2.190272 -0.513109 1.006823
2.191612 -0.515188 1.008838
2.193010 -0.517072 1.010669
2.194457 -0.518792 1.012346
2.195947 -0.520364 1.013883
2.197481 -0.521795 1.015286
2.199061 -0.523076 1.016549
2.200733 -0.524083 1.017554
2.202615 -0.524499 1.018002
2.204706 -0.524337 1.017906
2.230064 -0.460814 0.958186
2.232063 -0.461297 0.958701
2.234017 -0.461893 0.959322
2.235924 -0.462607 0.960054
2.237781 -0.463445 0.960903
2.239594 -0.464389 0.961851
2.241358 -0.465446 0.962906
2.243068 -0.466633 0.964082
2.244727 -0.467937 0.965369
2.246332 -0.469362 0.966769
2.247871 -0.470940 0.968313
2.249351 -0.472650 0.969981
2.250746 -0.474554 0.971831
2.252063 -0.476632 0.973844
2.253281 -0.478932 0.976066
2.254385 -0.481489 0.978529
2.255346 -0.484372 0.981298
2.256099 -0.487732 0.984515
2.243746 -0.523137 1.017850
2.245740 -0.523221 1.017986
2.248066 -0.522500 1.017364
2.251205 -0.519829 1.014911
2.255437 -0.514568 1.010024
2.263447 -0.500370 0.996741
2.267618 -0.500340 0.996829
2.269534 -0.500720 0.997243
2.271520 -0.500933 0.997501
2.273535 -0.501075 0.997693
2.275562 -0.501188 0.997857
2.277638 -0.501187 0.997913
2.279857 -0.500860 0.997664
2.282396 -0.499807 0.996733
2.285801 -0.496811 0.993978
2.151801 -0.532167 1.021090
2.153601 -0.532891 1.021831
2.155393 -0.533627 1.022584
2.157054 -0.534768 1.023719
2.158848 -0.535471 1.024440
2.160698 -0.535990 1.024986
2.162531 -0.536549 1.025572
2.164315 -0.537254 1.026294
2.186269 -0.482672 0.974811
2.184813 -0.493527 0.985131
2.185218 -0.498645 0.990027
2.185991 -0.502594 0.993818
2.186978 -0.505853 0.996956
2.188092 -0.508697 0.999702
2.189305 -0.511209 1.002133
2.190592 -0.513475 1.004332
2.191951 -0.515502 1.006304
2.193359 -0.517358 1.008116
2.194812 -0.519065 1.009785
2.196309 -0.520624 1.011315
2.197843 -0.522056 1.012724
2.199415 -0.523364 1.014017
2.201025 -0.524547 1.015191
2.202674 -0.525609 1.016250
2.204373 -0.526519 1.017167
2.206193 -0.527089 1.017761
2.208140 -0.527307 1.018024
2.210213 -0.527184 1.017964
2.212467 -0.526577 1.017448
2.238160 -0.463796 0.958244
2.239964 -0.464765 0.959218
2.241714 -0.465866 0.960318
2.243415 -0.467077 0.961522
2.245064 -0.468411 0.962841
2.246650 -0.469887 0.964295
2.248178 -0.471498 0.965874
2.249636 -0.473263 0.967600
2.251019 -0.475199 0.969486
2.252312 -0.477337 0.971563
2.253504 -0.479702 0.973854
2.236972 -0.526105 1.017682
2.238890 -0.526371 1.017989
2.240953 -0.526278 1.017958
2.243177 -0.525789 1.017554
2.245787 -0.524369 1.016270
2.248767 -0.522067 1.014157
2.252234 -0.518619 1.010962
2.257659 -0.510529 1.003393
2.274147 -0.500949 0.994709
2.276116 -0.501201 0.995005
2.278133 -0.501342 0.995195
2.280185 -0.501400 0.995308
2.282350 -0.501200 0.995177
2.284956 -0.500007 0.994112
2.289621 -0.494206 0.988705
2.152067 -0.532586 1.018698
2.153869 -0.533308 1.019440
2.155631 -0.534142 1.020288
2.157293 -0.535285 1.021429
2.158949 -0.536425 1.022567
2.160601 -0.537562 1.023703
2.162330 -0.538443 1.024594
2.164113 -0.539145 1.025317
2.165893 -0.539843 1.026035
2.185525 -0.486278 0.975287
2.184938 -0.494478 0.983124
2.185416 -0.499371 0.987823
2.186237 -0.503174 0.991488
2.187249 -0.506361 0.994569
2.188389 -0.509128 0.997251
2.189615 -0.511604 0.999656
2.190924 -0.513808 1.001803
2.192292 -0.515812 1.003761
2.193708 -0.517650 1.005561
2.195172 -0.519327 1.007208
2.196675 -0.520872 1.008730
2.198220 -0.522277 1.010118
2.199800 -0.523567 1.011398
2.201414 -0.524746 1.012573
2.203061 -0.525818 1.013646
2.204739 -0.526789 1.014622
2.206449 -0.527663 1.015507
2.208196 -0.528424 1.016285
2.209983 -0.529069 1.016953
2.211822 -0.529565 1.017480
2.213749 -0.529820 1.017777
2.215729 -0.529933 1.017942
2.217742 -0.529958 1.018022
2.219778 -0.529922 1.018044
2.221832 -0.529839 1.018022
2.223884 -0.529760 1.018005
2.225928 -0.529703 1.018007
2.227964 -0.529665 1.018027
2.230009 -0.529605 1.018027
2.232075 -0.529491 1.017977
2.234173 -0.529298 1.017850
2.236331 -0.528960 1.017586
2.238631 -0.528271 1.016991
2.241096 -0.527186 1.016021
2.243722 -0.525718 1.014689
2.246540 -0.523802 1.012933
2.249674 -0.521141 1.010473
2.253424 -0.517031 1.006642
2.276836 -0.500835 0.991787
2.278707 -0.501315 0.992299
2.280711 -0.501491 0.992523
2.282760 -0.501559 0.992646
2.284956 -0.501296 0.992456
2.287909 -0.499339 0.990665
2.152334 -0.533003 1.016300
2.154136 -0.533727 1.017046
2.155870 -0.534659 1.017991
2.157532 -0.535803 1.019136
2.159189 -0.536943 1.020278
2.160818 -0.538154 1.021488
2.162310 -0.539775 1.023087
2.163911 -0.541032 1.024341
2.165689 -0.541731 1.025062
2.167437 -0.542510 1.025860
2.185063 -0.495429 0.981115
2.185631 -0.500048 0.985569
2.186494 -0.503725 0.989127
2.187530 -0.506841 0.992151
2.188687 -0.509560 0.994795
2.189934 -0.511975 0.997151
2.191255 -0.514146 0.999275
2.192634 -0.516122 1.001212
2.194059 -0.517937 1.002997
2.195536 -0.519582 1.004618
2.197052 -0.521093 1.006113
2.198606 -0.522476 1.007486
2.200193 -0.523751 1.008756
2.201815 -0.524913 1.009917
2.203468 -0.525974 1.010984
2.205151 -0.526936 1.011955
2.206865 -0.527803 1.012837
2.208611 -0.528573 1.013626
2.210387 -0.529251 1.014328
2.212193 -0.529842 1.014946
2.214031 -0.530338 1.015474
2.215903 -0.530737 1.015911
2.217808 -0.531047 1.016262
2.219746 -0.531266 1.016527
2.221722 -0.531382 1.016694
2.223735 -0.531402 1.016769
2.225785 -0.531328 1.016756
2.227875 -0.531149 1.016643
2.230013 -0.530853 1.016419
2.232207 -0.530419 1.016064
2.234461 -0.529839 1.015570
2.236803 -0.529048 1.014875
2.239228 -0.528057 1.013991
2.241772 -0.526788 1.012844
2.244467 -0.525163 1.011358
2.247384 -0.523019 1.009379
2.250655 -0.520043 1.006612
2.254822 -0.514952 1.001837
2.279444 -0.500924 0.989049
2.281287 -0.501469 0.989625
2.283294 -0.501640 0.989846
2.285360 -0.501676 0.989938
2.287711 -0.501073 0.989425
2.152601 -0.533421 1.013898
2.154405 -0.534145 1.014647
2.156108 -0.535178 1.015690
2.157772 -0.536319 1.016838
2.159430 -0.537459 1.017984
2.161018 -0.538804 1.019325
2.162509 -0.540425 1.020930
2.163996 -0.542037 1.022526
2.165459 -0.543698 1.024169
2.167173 -0.544572 1.025061
2.168883 -0.545445 1.025950
2.185849 -0.500717 0.983305
2.186749 -0.504285 0.986770
2.187816 -0.507307 0.989714
2.188987 -0.509985 0.992328
2.190255 -0.512345 0.994640
2.191588 -0.514483 0.996739
2.192974 -0.516438 0.998663
2.194418 -0.518204 1.000406
2.195905 -0.519823 1.002009
2.197431 -0.521311 1.003487
2.198993 -0.522677 1.004848
2.200590 -0.523929 1.006100
2.202219 -0.525075 1.007251
2.203881 -0.526116 1.008302
2.205573 -0.527060 1.009260
2.207294 -0.527914 1.010132
2.209046 -0.528670 1.010910
2.210830 -0.529335 1.011602
2.212642 -0.529912 1.012210
2.214486 -0.530400 1.012732
2.216364 -0.530790 1.013161
2.218273 -0.531096 1.013510
2.220218 -0.531303 1.013765
2.222199 -0.531414 1.013928
2.224221 -0.531418 1.013988
2.226283 -0.531318 1.013950
2.228393 -0.531097 1.013797
2.230553 -0.530752 1.013525
2.232776 -0.530253 1.013107
2.235067 -0.529588 1.012530
2.237436 -0.528738 1.011778
2.239901 -0.527661 1.010809
2.242498 -0.526273 1.009544
2.245256 -0.524507 1.007919
2.248266 -0.522151 1.005732
2.251719 -0.518752 1.002552
2.256746 -0.511622 0.995820
2.291561 -0.433658 0.921633
2.293832 -0.433593 0.921634
2.296105 -0.433525 0.921633
2.298377 -0.433459 0.921634
2.300648 -0.433394 0.921635
2.302921 -0.433325 0.921633
2.305193 -0.433260 0.921634
2.307465 -0.433192 0.921632
2.309737 -0.433126 0.921634
2.281950 -0.501257 0.986538
2.283860 -0.501653 0.986974
2.285885 -0.501786 0.987160
2.288042 -0.501623 0.987063
2.321096 -0.432794 0.921633
2.323367 -0.432728 0.921635
2.325639 -0.432660 0.921633
2.327911 -0.432595 0.921634
2.330182 -0.432529 0.921635
2.332454 -0.432461 0.921633
2.334725 -0.432395 0.921634
2.336997 -0.432327 0.921633
2.282725 -0.552997 1.036446
2.152869 -0.533840 1.011491
2.154674 -0.534564 1.012243
2.156348 -0.535695 1.013384
2.158012 -0.536838 1.014538
2.159671 -0.537979 1.015688
2.161217 -0.539455 1.017160
2.162709 -0.541076 1.018770
2.164196 -0.542688 1.020372
2.165543 -0.544703 1.022360
2.166909 -0.546630 1.024263
2.168617 -0.547502 1.025154
2.170323 -0.548369 1.026042
2.187012 -0.504821 0.984385
2.188101 -0.507782 0.987280
2.189299 -0.510381 0.989829
2.190578 -0.512708 0.992116
2.191919 -0.514825 0.994202
2.193326 -0.516726 0.996081
2.194780 -0.518466 0.997806
2.196275 -0.520064 0.999395
2.197811 -0.521530 1.000856
2.199382 -0.522875 1.002202
2.200988 -0.524107 1.003439
2.202626 -0.525233 1.004574
2.204296 -0.526256 1.005612
2.205997 -0.527179 1.006553
2.207728 -0.528011 1.007407
2.209489 -0.528751 1.008173
2.211280 -0.529401 1.008852
2.213103 -0.529957 1.009442
2.214957 -0.530424 1.009946
2.216843 -0.530801 1.010364
2.218763 -0.531081 1.010690
2.220720 -0.531265 1.010923
2.222712 -0.531353 1.011065
2.224746 -0.531333 1.011103
2.226824 -0.531201 1.011034
2.228953 -0.530939 1.010841
2.231138 -0.530542 1.010519
2.233382 -0.529998 1.010056
2.235696 -0.529287 1.009434
2.238095 -0.528372 1.008617
2.240605 -0.527195 1.007549
2.243240 -0.525723 1.006200
2.246069 -0.523797 1.004417
2.249182 -0.521204 1.001997
2.252879 -0.517235 0.998262
2.288510 -0.436979 0.921630
2.290778 -0.436913 0.921631
2.293046 -0.436845 0.921629
2.295313 -0.436780 0.921630
2.297580 -0.436715 0.921631
2.299848 -0.436646 0.921630
2.302115 -0.436581 0.921631
2.304384 -0.436513 0.921629
2.306651 -0.436448 0.921630
2.308917 -0.436382 0.921631
2.282755 -0.500724 0.983136
2.284450 -0.501614 0.984044
2.286445 -0.501820 0.984300
2.288520 -0.501846 0.984384
2.291193 -0.500544 0.983200
2.322522 -0.435982 0.921630
2.324788 -0.435917 0.921631
2.327055 -0.435851 0.921632
2.329323 -0.435783 0.921630
2.331589 -0.435718 0.921631
2.333857 -0.435650 0.921629
2.279971 -0.555904 1.036439
2.283056 -0.553503 1.034203
2.153137 -0.534261 1.009083
2.154918 -0.535068 1.009916
2.156587 -0.536215 1.011077
2.158252 -0.537358 1.012234
2.159912 -0.538499 1.013389
2.161416 -0.540107 1.014992
2.162909 -0.541727 1.016608
2.164397 -0.543339 1.018214
2.165680 -0.545548 1.020395
2.166947 -0.547774 1.022592
2.168336 -0.549602 1.024406
2.169981 -0.550644 1.025464
2.187284 -0.505332 0.981973
2.188391 -0.508242 0.984829
2.189610 -0.510780 0.987327
2.190901 -0.513076 0.989593
2.192263 -0.515136 0.991631
2.193679 -0.517011 0.993491
2.195142 -0.518729 0.995200
2.196646 -0.520306 0.996775
2.198190 -0.521751 0.998221
2.199770 -0.523077 0.999552
2.201388 -0.524281 1.000767
2.203036 -0.525384 1.001885
2.204715 -0.526386 1.002906
2.206426 -0.527289 1.003831
2.208166 -0.528103 1.004670
2.209938 -0.528818 1.005415
2.211737 -0.529452 1.006081
2.213570 -0.529988 1.006654
2.215434 -0.530434 1.007140
2.217332 -0.530786 1.007535
2.219263 -0.531045 1.007842
2.221231 -0.531206 1.008054
2.223239 -0.531261 1.008165
2.225290 -0.531206 1.008169
2.227386 -0.531036 1.008064
2.229531 -0.530743 1.007841
2.231732 -0.530312 1.007485
2.233996 -0.529728 1.006982
2.236336 -0.528961 1.006304
2.238773 -0.527961 1.005403
2.241311 -0.526725 1.004275
2.244013 -0.525102 1.002777
2.246917 -0.523008 1.000827
2.250167 -0.520100 0.998096
2.254216 -0.515304 0.993557
2.287735 -0.440221 0.921628
2.289999 -0.440152 0.921626
2.292262 -0.440087 0.921627
2.294524 -0.440022 0.921628
2.296788 -0.439954 0.921627
2.299050 -0.439889 0.921628
2.301314 -0.439821 0.921626
2.303577 -0.439756 0.921627
2.305839 -0.439690 0.921628
2.284645 -0.492969 0.972742
2.283650 -0.499996 0.979534
2.285044 -0.501570 0.981102
2.287013 -0.501841 0.981422
2.289067 -0.501920 0.981556
2.291483 -0.501195 0.980921
2.321679 -0.439225 0.921627
2.323941 -0.439160 0.921628
2.326204 -0.439092 0.921627
2.328466 -0.439027 0.921628
2.330729 -0.438959 0.921626
2.277227 -0.558802 1.036434
2.280455 -0.556080 1.033883
2.283728 -0.553287 1.031265
2.153406 -0.534681 1.006668
2.155156 -0.535588 1.007601
2.156827 -0.536735 1.008766
2.158493 -0.537879 1.009928
2.160117 -0.539136 1.011198
2.161616 -0.540760 1.012822
2.163109 -0.542380 1.014442
2.164544 -0.544155 1.016213
2.165817 -0.546393 1.018428
2.167084 -0.548620 1.020634
2.168137 -0.551454 1.023425
2.169632 -0.552935 1.024909
2.171270 -0.553970 1.025964
2.188691 -0.508673 0.982344
2.189922 -0.511180 0.984821
2.191231 -0.513423 0.987043
2.192607 -0.515448 0.989054
2.194032 -0.517300 0.990899
2.195506 -0.518992 0.992589
2.197020 -0.520544 0.994144
2.198576 -0.521959 0.995567
2.200168 -0.523257 0.996876
2.201794 -0.524440 0.998075
2.203452 -0.525521 0.999174
2.205141 -0.526503 1.000179
2.206859 -0.527390 1.001093
2.208611 -0.528179 1.001911
2.210391 -0.528878 1.002643
2.212202 -0.529487 1.003287
2.214044 -0.530005 1.003844
2.215919 -0.530428 1.004310
2.217828 -0.530756 1.004684
2.219772 -0.530990 1.004968
2.221753 -0.531126 1.005156
2.223775 -0.531153 1.005240
2.225838 -0.531072 1.005220
2.227948 -0.530873 1.005087
2.230111 -0.530545 1.004829
2.232329 -0.530080 1.004439
2.234621 -0.529433 1.003875
2.236993 -0.528596 1.003127
2.239455 -0.527546 1.002176
2.242047 -0.526189 1.000927
2.244795 -0.524467 0.999328
2.247787 -0.522170 0.997177
2.251215 -0.518849 0.994041
2.255962 -0.512402 0.987897
2.286964 -0.443447 0.921623
2.289222 -0.443382 0.921624
2.291480 -0.443316 0.921625
2.293740 -0.443249 0.921623
2.295998 -0.443183 0.921624
2.298257 -0.443115 0.921623
2.300515 -0.443050 0.921624
2.302773 -0.442985 0.921625
2.305032 -0.442917 0.921623
2.284439 -0.494744 0.971512
2.284272 -0.499887 0.976516
2.285641 -0.501523 0.978149
2.287580 -0.501868 0.978540
2.289628 -0.501964 0.978692
2.292025 -0.501288 0.978102
2.320839 -0.442456 0.921625
2.323098 -0.442388 0.921624
2.325355 -0.442323 0.921625
2.327614 -0.442255 0.921623
2.274495 -0.561686 1.036426
2.277695 -0.559007 1.033908
2.281378 -0.555321 1.030423
2.284405 -0.553064 1.028312
2.153675 -0.535102 1.004248
2.155396 -0.536107 1.005280
2.157068 -0.537255 1.006449
2.158734 -0.538399 1.007615
2.160316 -0.539790 1.009020
2.161816 -0.541413 1.010649
2.163310 -0.543033 1.012275
2.164680 -0.545005 1.014241
2.165954 -0.547241 1.016463
2.167221 -0.549464 1.018672
2.168165 -0.552625 1.021787
2.169284 -0.555220 1.024355
2.170905 -0.556295 1.025453
2.188993 -0.509102 0.979853
2.190238 -0.511569 0.982299
2.191566 -0.513761 0.984480
2.192950 -0.515762 0.986475
2.194385 -0.517591 0.988303
2.195873 -0.519246 0.989963
2.197401 -0.520763 0.991489
2.198967 -0.522155 0.992895
2.200567 -0.523435 0.994191
2.202201 -0.524600 0.995377
2.203868 -0.525660 0.996460
2.205567 -0.526622 0.997449
2.207296 -0.527487 0.998343
2.209056 -0.528257 0.999147
2.210846 -0.528936 0.999862
2.212667 -0.529524 1.000488
2.214520 -0.530019 1.001025
2.216406 -0.530419 1.001470
2.218326 -0.530727 1.001826
2.220281 -0.530938 1.002088
2.222275 -0.531045 1.002250
2.224309 -0.531049 1.002312
2.226387 -0.530939 1.002264
2.228513 -0.530709 1.002101
2.230696 -0.530336 1.001798
2.232941 -0.529811 1.001350
2.235256 -0.529118 1.000739
2.237651 -0.528234 0.999944
2.240158 -0.527085 0.998893
2.242787 -0.525648 0.997564
2.245610 -0.523754 0.995794
2.248707 -0.521218 0.993404
2.252356 -0.517381 0.989759
2.283941 -0.446728 0.921620
2.286195 -0.446663 0.921621
2.288450 -0.446595 0.921619
2.290703 -0.446530 0.921620
2.292957 -0.446465 0.921621
2.295212 -0.446397 0.921619
2.297465 -0.446332 0.921621
2.299719 -0.446267 0.921622
2.301974 -0.446199 0.921620
2.283824 -0.492646 0.966489
2.284240 -0.496504 0.970271
2.284687 -0.500250 0.973945
2.286190 -0.501587 0.975294
2.288146 -0.501899 0.975655
2.290203 -0.501983 0.975796
2.292944 -0.500552 0.974477
2.320004 -0.445671 0.921620
2.322257 -0.445606 0.921621
2.324511 -0.445538 0.921620
2.326764 -0.445473 0.921621
2.273748 -0.564503 1.036421
2.278610 -0.558256 1.030456
2.282305 -0.554556 1.026946
2.285085 -0.552837 1.025346
2.153944 -0.535526 1.001827
2.155636 -0.536630 1.002958
2.157308 -0.537777 1.004132
2.158976 -0.538921 1.005301
2.160516 -0.540444 1.006839
2.162017 -0.542067 1.008474
2.163511 -0.543687 1.010104
2.164818 -0.545852 1.012266
2.166092 -0.548087 1.014493
2.167255 -0.550621 1.017011
2.168192 -0.553797 1.020153
2.168931 -0.557514 1.023818
2.170440 -0.558910 1.025231
2.172055 -0.559977 1.026324
2.190563 -0.511935 0.979750
2.191901 -0.514102 0.981913
2.193295 -0.516078 0.983890
2.194748 -0.517857 0.985676
2.196245 -0.519491 0.987321
2.197782 -0.520988 0.988834
2.199357 -0.522357 0.990221
2.200966 -0.523613 0.991500
2.202610 -0.524759 0.992670
2.204287 -0.525798 0.993737
2.205993 -0.526742 0.994712
2.207732 -0.527586 0.995589
2.209502 -0.528336 0.996376
2.211302 -0.528994 0.997073
2.213133 -0.529559 0.997680
2.214997 -0.530031 0.998196
2.216894 -0.530413 0.998625
2.218825 -0.530698 0.998960
2.220793 -0.530883 0.999198
2.222800 -0.530964 0.999335
2.224848 -0.530937 0.999368
2.226944 -0.530790 0.999284
2.229091 -0.530515 0.999076
2.231294 -0.530100 0.998733
2.233558 -0.529537 0.998245
2.235894 -0.528802 0.997592
2.238327 -0.527833 0.996712
2.240868 -0.526611 0.995586
2.243556 -0.525041 0.994124
2.246445 -0.522998 0.992204
2.249674 -0.520159 0.989514
2.253642 -0.515572 0.985130
2.283180 -0.449931 0.921617
2.285430 -0.449863 0.921616
2.287679 -0.449799 0.921617
2.289928 -0.449734 0.921618
2.292179 -0.449666 0.921616
2.294428 -0.449601 0.921617
2.296677 -0.449536 0.921618
2.298927 -0.449468 0.921617
2.282623 -0.491861 0.962714
2.283391 -0.494943 0.965758
2.284041 -0.498259 0.969029
2.285018 -0.500804 0.971553
2.286719 -0.501701 0.972481
2.288709 -0.501941 0.972773
2.290792 -0.501972 0.972864
2.316922 -0.448941 0.921617
2.319171 -0.448876 0.921618
2.321420 -0.448808 0.921616
2.323669 -0.448743 0.921618
2.325918 -0.448678 0.921619
2.273006 -0.567304 1.036412
2.279528 -0.557502 1.026988
2.283145 -0.553985 1.023643
2.285767 -0.552612 1.022373
2.154198 -0.536002 0.999452
2.155875 -0.537153 1.000633
2.157549 -0.538300 1.001810
2.159209 -0.539470 1.003009
2.160716 -0.541099 1.004656
2.162217 -0.542722 1.006296
2.163674 -0.544458 1.008046
2.164955 -0.546703 1.010291
2.166229 -0.548936 1.012525
2.167283 -0.551796 1.015368
2.168220 -0.554967 1.018516
2.168711 -0.559412 1.022903
2.169977 -0.561517 1.025010
2.171548 -0.562702 1.026221
2.190889 -0.512301 0.977194
2.192237 -0.514439 0.979337
2.193650 -0.516365 0.981272
2.195112 -0.518123 0.983044
2.196619 -0.519731 0.984670
2.198164 -0.521208 0.986167
2.199748 -0.522559 0.987542
2.201367 -0.523792 0.988802
2.203020 -0.524917 0.989957
2.204704 -0.525941 0.991012
2.206423 -0.526857 0.991963
2.208170 -0.527683 0.992826
2.209951 -0.528410 0.993593
2.211760 -0.529050 0.994275
2.213602 -0.529592 0.994862
2.215478 -0.530041 0.995357
2.217385 -0.530400 0.995765
2.219330 -0.530656 0.996074
2.221311 -0.530813 0.996286
2.223333 -0.530864 0.996394
2.225398 -0.530802 0.996392
2.227509 -0.530626 0.996280
2.229673 -0.530315 0.996037
2.231894 -0.529864 0.995657
2.234176 -0.529264 0.995133
2.236549 -0.528445 0.994395
2.239012 -0.527414 0.993453
2.241594 -0.526101 0.992235
2.244332 -0.524421 0.990662
2.247309 -0.522178 0.988541
2.250700 -0.518962 0.985475
2.255265 -0.512965 0.979706
2.282422 -0.453119 0.921613
2.284667 -0.453054 0.921614
2.286912 -0.452989 0.921615
2.289158 -0.452922 0.921613
2.291402 -0.452857 0.921614
2.293647 -0.452792 0.921615
2.295893 -0.452725 0.921614
2.280969 -0.492101 0.959922
2.282028 -0.494537 0.962349
2.282998 -0.497147 0.964945
2.283956 -0.499757 0.967541
2.285375 -0.501303 0.969103
2.287252 -0.501808 0.969653
2.289281 -0.501967 0.969869
2.291460 -0.501792 0.969760
2.316096 -0.452133 0.921615
2.318342 -0.452065 0.921613
2.320586 -0.452001 0.921614
2.322830 -0.451936 0.921615
2.325076 -0.451868 0.921614
2.272265 -0.570099 1.036407
2.280451 -0.556744 1.023505
2.283825 -0.553759 1.020666
2.286451 -0.552385 1.019389
2.154437 -0.536526 0.997119
2.156116 -0.537674 0.998302
2.157790 -0.538822 0.999483
2.159409 -0.540126 1.000818
2.160916 -0.541755 1.002470
2.162417 -0.543380 1.004117
2.163811 -0.545309 1.006061
2.165092 -0.547552 1.008313
2.166367 -0.549783 1.010552
2.167311 -0.552972 1.013728
2.168241 -0.556157 1.016898
2.168491 -0.561310 1.021992
2.169453 -0.564298 1.024970
2.170968 -0.565634 1.026333
2.191216 -0.512667 0.974633
2.192580 -0.514762 0.976741
2.194004 -0.516657 0.978653
2.195476 -0.518392 0.980408
2.196993 -0.519975 0.982015
2.198547 -0.521431 0.983497
2.200142 -0.522754 0.984849
2.201773 -0.523960 0.986087
2.203437 -0.525059 0.987221
2.205132 -0.526060 0.988258
2.206860 -0.526956 0.989192
2.208618 -0.527759 0.990035
2.210407 -0.528467 0.990787
2.212227 -0.529085 0.991449
2.214079 -0.529608 0.992020
2.215965 -0.530034 0.992495
2.217886 -0.530365 0.992877
2.219842 -0.530598 0.993164
2.221836 -0.530730 0.993351
2.223870 -0.530757 0.993437
2.225949 -0.530668 0.993410
2.228077 -0.530456 0.993262
2.230255 -0.530117 0.992990
2.232498 -0.529620 0.992565
2.234814 -0.528945 0.991966
2.237209 -0.528081 0.991183
2.239706 -0.526977 0.990165
2.242338 -0.525553 0.988835
2.245145 -0.523716 0.987103
2.248224 -0.521241 0.984750
2.251815 -0.517559 0.981219
2.279426 -0.456362 0.921609
2.281667 -0.456297 0.921610
2.283907 -0.456232 0.921612
2.286148 -0.456165 0.921610
2.288389 -0.456100 0.921611
2.290629 -0.456035 0.921612
2.277830 -0.490842 0.955600
2.279090 -0.492851 0.957620
2.280377 -0.494777 0.959558
2.281572 -0.496891 0.961679
2.282714 -0.499101 0.963894
2.284069 -0.500808 0.965618
2.285812 -0.501624 0.966474
2.287804 -0.501874 0.966779
2.289876 -0.501944 0.966908
2.313034 -0.455377 0.921612
2.315276 -0.455310 0.921610
2.317515 -0.455245 0.921611
2.319755 -0.455180 0.921612
2.321996 -0.455113 0.921611
2.272269 -0.567106 1.030721
2.271527 -0.572880 1.036400
2.281378 -0.555983 1.020005
2.284506 -0.553533 1.017678
2.287138 -0.552156 1.016395
2.154677 -0.537048 0.994780
2.156357 -0.538199 0.995969
2.158032 -0.539346 0.997155
2.159609 -0.540784 0.998624
2.161117 -0.542412 1.000281
2.162618 -0.544037 1.001934
2.163949 -0.546160 1.004075
2.165229 -0.548404 1.006335
2.166395 -0.550962 1.008903
2.167339 -0.554147 1.012085
2.168020 -0.558068 1.015988
2.168049 -0.563862 1.021727
2.168835 -0.567353 1.025208
2.170574 -0.568020 1.025919
2.191554 -0.513001 0.972036
2.192930 -0.515066 0.974121
2.194362 -0.516942 0.976021
2.195842 -0.518657 0.977763
2.197369 -0.520214 0.979349
2.198939 -0.521632 0.980800
2.200544 -0.522932 0.982134
2.202183 -0.524120 0.983358
2.203856 -0.525199 0.984476
2.205562 -0.526175 0.985491
2.207298 -0.527054 0.986413
2.209065 -0.527839 0.987242
2.210864 -0.528528 0.987976
2.212695 -0.529119 0.988616
2.214559 -0.529620 0.989166
2.216455 -0.530025 0.989622
2.218387 -0.530335 0.989985
2.220355 -0.530542 0.990248
2.222361 -0.530650 0.990413
2.224410 -0.530647 0.990469
2.226503 -0.530529 0.990414
2.228647 -0.530284 0.990233
2.230850 -0.529892 0.989908
2.233117 -0.529344 0.989432
2.235453 -0.528627 0.988790
2.237879 -0.527697 0.987940
2.240418 -0.526500 0.986828
2.243095 -0.524976 0.985396
2.245971 -0.522985 0.983508
2.249178 -0.520214 0.980857
2.253075 -0.515814 0.976612
2.278678 -0.459527 0.921607
2.280914 -0.459462 0.921608
2.283151 -0.459395 0.921607
2.285387 -0.459330 0.921608
2.273993 -0.491169 0.952810
2.275544 -0.492525 0.954199
2.277067 -0.493932 0.955637
2.278515 -0.495495 0.957227
2.279880 -0.497231 0.958986
2.281207 -0.499034 0.960810
2.282638 -0.500581 0.962385
2.284373 -0.501427 0.963273
2.286328 -0.501769 0.963668
2.288372 -0.501909 0.963866
2.290635 -0.501561 0.963588
2.312221 -0.458541 0.921607
2.314457 -0.458477 0.921608
2.316692 -0.458412 0.921609
2.318929 -0.458345 0.921607
2.321164 -0.458280 0.921608
2.272136 -0.568598 1.029446
2.270806 -0.575623 1.036366
2.282309 -0.555219 1.016491
2.285189 -0.553309 1.014683
2.287826 -0.551929 1.013393
2.154917 -0.537573 0.992440
2.156598 -0.538724 0.993633
2.158274 -0.539872 0.994823
2.159809 -0.541441 0.996427
2.161318 -0.543070 0.998090
2.162798 -0.544761 0.999814
2.164086 -0.547014 1.002090
2.165367 -0.549254 1.004354
2.166423 -0.552141 1.007254
2.167366 -0.555324 1.010444
2.167800 -0.559975 1.015079
2.166706 -0.569063 1.024078
2.168205 -0.570435 1.025485
2.170382 -0.569811 1.024929
2.191910 -0.513289 0.969388
2.193286 -0.515355 0.971481
2.194723 -0.517221 0.973377
2.196216 -0.518903 0.975092
2.197754 -0.520434 0.976659
2.199332 -0.521832 0.978094
2.200946 -0.523112 0.979413
2.202594 -0.524279 0.980621
2.204277 -0.525337 0.981722
2.205991 -0.526294 0.982723
2.207737 -0.527154 0.983628
2.209514 -0.527916 0.984437
2.211323 -0.528583 0.985153
2.213164 -0.529157 0.985777
2.215039 -0.529634 0.986306
2.216946 -0.530018 0.986744
2.218889 -0.530302 0.987083
2.220870 -0.530486 0.987323
2.222889 -0.530568 0.987464
2.224954 -0.530531 0.987488
2.227067 -0.530371 0.987390
2.229231 -0.530083 0.987167
2.231452 -0.529654 0.986805
2.233738 -0.529068 0.986289
2.236103 -0.528290 0.985585
2.238565 -0.527279 0.984653
2.241137 -0.526012 0.983469
2.243877 -0.524345 0.981892
2.246840 -0.522157 0.979804
2.250189 -0.519059 0.976823
2.254650 -0.513321 0.971252
2.265959 -0.491287 0.949685
2.267885 -0.491791 0.950242
2.269755 -0.492421 0.950922
2.271540 -0.493243 0.951791
2.273268 -0.494186 0.952779
2.274920 -0.495297 0.953931
2.276490 -0.496584 0.955256
2.278008 -0.497977 0.956685
2.279498 -0.499416 0.958159
2.281096 -0.500598 0.959379
2.282883 -0.501335 0.960165
2.284843 -0.501675 0.960560
2.286889 -0.501818 0.960761
2.289066 -0.501667 0.960675
2.309179 -0.461760 0.921604
2.311410 -0.461696 0.921605
2.313641 -0.461631 0.921606
2.315873 -0.461564 0.921604
2.318104 -0.461500 0.921605
2.320337 -0.461432 0.921604
2.272004 -0.570086 1.028170
2.271217 -0.575937 1.033962
2.272016 -0.578355 1.036388
2.285875 -0.553082 1.011676
2.288517 -0.551699 1.010380
2.155157 -0.538099 0.990096
2.156839 -0.539250 0.991294
2.158494 -0.540466 0.992554
2.160009 -0.542100 0.994228
2.161519 -0.543728 0.995896
2.162936 -0.545615 0.997818
2.164224 -0.547866 1.000101
2.165500 -0.550121 1.002387
2.166451 -0.553320 1.005605
2.167324 -0.556709 1.009009
2.167580 -0.561876 1.014169
2.165902 -0.572668 1.024880
2.167369 -0.574113 1.026364
2.190986 -0.511197 0.964322
2.192283 -0.513529 0.966685
2.193654 -0.515614 0.968804
2.195098 -0.517463 0.970691
2.196596 -0.519134 0.972401
2.198142 -0.520645 0.973953
2.199727 -0.522030 0.975380
2.201350 -0.523289 0.976683
2.203007 -0.524438 0.977877
2.204698 -0.525478 0.978964
2.206421 -0.526417 0.979950
2.208176 -0.527255 0.980838
2.209964 -0.527994 0.981627
2.211782 -0.528643 0.982328
2.213635 -0.529191 0.982928
2.215521 -0.529646 0.983437
2.217441 -0.530002 0.983848
2.219397 -0.530260 0.984163
2.221393 -0.530414 0.984374
2.223427 -0.530462 0.984483
2.225508 -0.530392 0.984474
2.227636 -0.530203 0.984348
2.229815 -0.529883 0.984092
2.232054 -0.529418 0.983694
2.234367 -0.528773 0.983119
2.236764 -0.527927 0.982345
2.239252 -0.526864 0.981358
2.241882 -0.525464 0.980040
2.244679 -0.523672 0.978335
2.247740 -0.521257 0.976016
2.251298 -0.517672 0.972546
2.263215 -0.494071 0.949362
2.265224 -0.494369 0.949718
2.267187 -0.494774 0.950180
2.269082 -0.495334 0.950793
2.270910 -0.496043 0.951555
2.272667 -0.496911 0.952471
2.274363 -0.497909 0.953516
2.276033 -0.498956 0.954609
2.277706 -0.499985 0.955684
2.279456 -0.500824 0.956572
2.281341 -0.501350 0.957152
2.283348 -0.501592 0.957452
2.285401 -0.501727 0.957647
2.287589 -0.501559 0.957543
2.306148 -0.464967 0.921601
2.308375 -0.464902 0.921602
2.310602 -0.464838 0.921603
2.312830 -0.464771 0.921601
2.315057 -0.464706 0.921602
2.317284 -0.464639 0.921600
2.319511 -0.464575 0.921602
2.271871 -0.571576 1.026897
2.271446 -0.576644 1.031938
2.271682 -0.580257 1.035548
2.273237 -0.581043 1.036377
2.289210 -0.551471 1.007358
2.155399 -0.538623 0.987747
2.157081 -0.539775 0.988948
2.158695 -0.541126 0.990347
2.160210 -0.542760 0.992026
2.161720 -0.544388 0.993699
2.163073 -0.546471 0.995824
2.164361 -0.548721 0.998113
2.165528 -0.551304 1.000731
2.166479 -0.554502 1.003958
2.167103 -0.558625 1.008102
2.163601 -0.574908 1.024289
2.165073 -0.576337 1.025762
2.167346 -0.575409 1.024900
2.191372 -0.511400 0.961569
2.192673 -0.513721 0.963930
2.194048 -0.515801 0.966051
2.195491 -0.517655 0.967948
2.196989 -0.519330 0.969668
2.198536 -0.520845 0.971229
2.200126 -0.522218 0.972650
2.201756 -0.523464 0.973944
2.203423 -0.524590 0.975119
2.205125 -0.525604 0.976184
2.206859 -0.526518 0.977149
2.208624 -0.527336 0.978020
2.210422 -0.528054 0.978791
2.212252 -0.528678 0.979469
2.214115 -0.529205 0.980051
2.216011 -0.529638 0.980540
2.217944 -0.529969 0.980928
2.219912 -0.530203 0.981221
2.221920 -0.530331 0.981407
2.223969 -0.530351 0.981488
2.226064 -0.530253 0.981451
2.228206 -0.530035 0.981296
2.230404 -0.529678 0.981004
2.232671 -0.529150 0.980542
2.235009 -0.528452 0.979912
2.237428 -0.527560 0.979092
2.239966 -0.526384 0.977990
2.242634 -0.524904 0.976587
2.245502 -0.522950 0.974717
2.248698 -0.520224 0.972083
2.252691 -0.515608 0.967583
2.262570 -0.496942 0.949199
2.264585 -0.497217 0.949534
2.266574 -0.497549 0.949924
2.268506 -0.498013 0.950445
2.270379 -0.498608 0.951095
2.272225 -0.499260 0.951801
2.274039 -0.499977 0.952572
2.275899 -0.500581 0.953231
2.277814 -0.501049 0.953756
2.279802 -0.501347 0.954113
2.281844 -0.501518 0.954344
2.283923 -0.501603 0.954490
2.300906 -0.468228 0.921599
2.303130 -0.468161 0.921597
2.305352 -0.468096 0.921598
2.307575 -0.468032 0.921600
2.309798 -0.467965 0.921598
2.312021 -0.467901 0.921599
2.314244 -0.467834 0.921597
2.316466 -0.467769 0.921598
2.318689 -0.467705 0.921599
2.271740 -0.573062 1.025623
2.271676 -0.577350 1.029911
2.272124 -0.580509 1.033085
2.272508 -0.583770 1.036359
2.289905 -0.551239 1.004325
2.155640 -0.539151 0.985396
2.157323 -0.540303 0.986601
2.158895 -0.541786 0.988137
2.160411 -0.543420 0.989822
2.161915 -0.545066 0.991519
2.163211 -0.547326 0.993826
2.164499 -0.549575 0.996121
2.165556 -0.552490 0.999078
2.166506 -0.555683 1.002311
2.161074 -0.577830 1.024383
2.162528 -0.579310 1.025912
2.164686 -0.578703 1.025365
2.190522 -0.509058 0.956218
2.191756 -0.511611 0.958818
2.193068 -0.513905 0.961158
2.194457 -0.515947 0.963249
2.195903 -0.517798 0.965150
2.197400 -0.519482 0.966884
2.198946 -0.521003 0.968457
2.200542 -0.522366 0.969872
2.202178 -0.523598 0.971158
2.203851 -0.524713 0.972326
2.205560 -0.525714 0.973382
2.207303 -0.526610 0.974332
2.209077 -0.527407 0.975185
2.210884 -0.528109 0.975943
2.212724 -0.528712 0.976603
2.214597 -0.529218 0.977166
2.216504 -0.529628 0.977634
2.218448 -0.529938 0.978002
2.220430 -0.530144 0.978268
2.222449 -0.530248 0.978432
2.224511 -0.530245 0.978489
2.226620 -0.530117 0.978423
2.228785 -0.529849 0.978218
2.231007 -0.529439 0.977872
2.233293 -0.528874 0.977373
2.235654 -0.528129 0.976694
2.238115 -0.527142 0.975776
2.240685 -0.525898 0.974604
2.243425 -0.524253 0.973033
2.246391 -0.522075 0.970934
2.249791 -0.518870 0.967818
2.255043 -0.511247 0.960321
2.262158 -0.499251 0.948489
2.264202 -0.499451 0.948750
2.266233 -0.499680 0.949039
2.268239 -0.499961 0.949382
2.270211 -0.500322 0.949802
2.272200 -0.500636 0.950176
2.274194 -0.500935 0.950535
2.276222 -0.501152 0.950813
2.278278 -0.501301 0.951022
2.280346 -0.501421 0.951205
2.282510 -0.501321 0.951168
2.297904 -0.471409 0.921596
2.300123 -0.471342 0.921594
2.302341 -0.471278 0.921595
2.304560 -0.471211 0.921594
2.306779 -0.471147 0.921595
2.308997 -0.471082 0.921596
2.311216 -0.471015 0.921594
2.313434 -0.470951 0.921595
2.315652 -0.470887 0.921596
2.272776 -0.567847 1.017660
2.271607 -0.574549 1.024352
2.271905 -0.578058 1.027884
2.272352 -0.581216 1.031067
2.272912 -0.584106 1.033984
2.273745 -0.586391 1.036303
2.155881 -0.539679 0.983041
2.157567 -0.540829 0.984249
2.159096 -0.542448 0.985925
2.160612 -0.544081 0.987615
2.162053 -0.545923 0.989513
2.163348 -0.548184 0.991828
2.164627 -0.550461 0.994159
2.165584 -0.553673 0.997423
2.158470 -0.581005 1.024740
2.159953 -0.582392 1.026181
2.162293 -0.581232 1.025082
2.189765 -0.506406 0.950533
2.190898 -0.509292 0.953474
2.192144 -0.511815 0.956052
2.193470 -0.514071 0.958363
2.194870 -0.516086 0.960434
2.196321 -0.517926 0.962330
2.197825 -0.519595 0.964056
2.199379 -0.521098 0.965616
2.200975 -0.522465 0.967040
2.202614 -0.523696 0.968328
2.204291 -0.524805 0.969495
2.206002 -0.525805 0.970553
2.207752 -0.526687 0.971493
2.209533 -0.527473 0.972338
2.211350 -0.528155 0.973078
2.213199 -0.528739 0.973721
2.215083 -0.529225 0.974266
2.217001 -0.529614 0.974715
2.218955 -0.529902 0.975063
2.220947 -0.530087 0.975309
2.222983 -0.530158 0.975440
2.225063 -0.530114 0.975457
2.227192 -0.529943 0.975348
2.229373 -0.529643 0.975111
2.231615 -0.529195 0.974726
2.233923 -0.528583 0.974178
2.236321 -0.527754 0.973415
2.238816 -0.526696 0.972422
2.241445 -0.525316 0.971111
2.244255 -0.523514 0.969379
2.247376 -0.520974 0.966913
2.251161 -0.516855 0.962877
2.260278 -0.499976 0.946147
2.262312 -0.500204 0.946437
2.264369 -0.500376 0.946671
2.266432 -0.500528 0.946885
2.268492 -0.500687 0.947107
2.270558 -0.500829 0.947310
2.272624 -0.500967 0.947511
2.274696 -0.501091 0.947697
2.276787 -0.501168 0.947837
2.278975 -0.501022 0.947754
2.292699 -0.474642 0.921592
2.294913 -0.474578 0.921593
2.297128 -0.474511 0.921591
2.299342 -0.474447 0.921592
2.301557 -0.474380 0.921591
2.303771 -0.474316 0.921592
2.305984 -0.474252 0.921593
2.308199 -0.474185 0.921591
2.310413 -0.474121 0.921592
2.312626 -0.474057 0.921593
2.314841 -0.473990 0.921592
2.272643 -0.569346 1.016381
2.271685 -0.575585 1.022636
2.272135 -0.578767 1.025854
2.272582 -0.581922 1.029045
2.273271 -0.584538 1.031700
2.274249 -0.586519 1.033725
2.156124 -0.540206 0.980681
2.157774 -0.541468 0.982005
2.159297 -0.543110 0.983710
2.160814 -0.544743 0.985405
2.162191 -0.546783 0.987508
2.163486 -0.549041 0.989827
2.153954 -0.584097 1.024969
2.155441 -0.585479 1.026410
2.157700 -0.584532 1.025521
2.159977 -0.583547 1.024594
2.166396 -0.570361 1.011459
2.190124 -0.506689 0.947821
2.191275 -0.509527 0.950724
2.192529 -0.512027 0.953288
2.193875 -0.514230 0.955554
2.195284 -0.516225 0.957611
2.196745 -0.518040 0.959489
2.198263 -0.519674 0.961185
2.199825 -0.521162 0.962735
2.201429 -0.522513 0.964149
2.203069 -0.523746 0.965443
2.204747 -0.524857 0.966616
2.206463 -0.525851 0.967671
2.208214 -0.526736 0.968618
2.210003 -0.527506 0.969450
2.211825 -0.528179 0.970184
2.213683 -0.528747 0.970813
2.215577 -0.529212 0.971339
2.217508 -0.529573 0.971761
2.219475 -0.529835 0.972085
2.221481 -0.529992 0.972303
2.223531 -0.530034 0.972406
2.225626 -0.529959 0.972393
2.227772 -0.529757 0.972252
2.229972 -0.529415 0.971973
2.232236 -0.528918 0.971538
2.234580 -0.528228 0.970910
2.237010 -0.527331 0.970075
2.239555 -0.526159 0.968967
2.242251 -0.524628 0.967500
2.245180 -0.522545 0.965483
2.248512 -0.519509 0.962514
2.252898 -0.513965 0.957042
2.260808 -0.500028 0.943193
2.262820 -0.500316 0.943543
2.264876 -0.500493 0.943784
2.266961 -0.500602 0.943955
2.269052 -0.500692 0.944109
2.271161 -0.500742 0.944222
2.273451 -0.500368 0.943912
2.285303 -0.477929 0.921589
2.287514 -0.477862 0.921588
2.289724 -0.477798 0.921589
2.291934 -0.477734 0.921590
2.294144 -0.477668 0.921588
2.296354 -0.477604 0.921589
2.298565 -0.477537 0.921588
2.300774 -0.477473 0.921589
2.302984 -0.477409 0.921590
2.305194 -0.477342 0.921588
2.307404 -0.477278 0.921589
2.309613 -0.477214 0.921590
2.311824 -0.477148 0.921588
2.314033 -0.477084 0.921589
2.272509 -0.570845 1.015105
2.271916 -0.576293 1.020593
2.272366 -0.579474 1.023821
2.272811 -0.582631 1.027023
2.273631 -0.584969 1.029410
2.274608 -0.586953 1.031445
2.141660 -0.587260 1.025052
2.143573 -0.587353 1.025203
2.145486 -0.587447 1.025355
2.147203 -0.588142 1.026111
2.149158 -0.588097 1.026124
2.151258 -0.587610 1.025693
2.153360 -0.587120 1.025259
2.155591 -0.586251 1.024445
2.159481 -0.580441 1.018670
2.162739 -0.576584 1.014856
2.189455 -0.503732 0.941788
2.190481 -0.506983 0.945114
2.191653 -0.509762 0.947967
2.192926 -0.512212 0.950489
2.194280 -0.514395 0.952743
2.195695 -0.516374 0.954792
2.197175 -0.518142 0.956629
2.198703 -0.519753 0.958308
2.200273 -0.521221 0.959843
2.201884 -0.522559 0.961248
2.203533 -0.523772 0.962527
2.205220 -0.524867 0.963687
2.206943 -0.525845 0.964731
2.208702 -0.526717 0.965667
2.210497 -0.527477 0.966491
2.212328 -0.528134 0.967212
2.214193 -0.528688 0.967830
2.216094 -0.529141 0.968346
2.218035 -0.529486 0.968753
2.220013 -0.529727 0.969057
2.222033 -0.529856 0.969248
2.224096 -0.529871 0.969325
2.226208 -0.529762 0.969278
2.228368 -0.529529 0.969105
2.230596 -0.529129 0.968767
2.232893 -0.528559 0.968257
2.235267 -0.527803 0.967561
2.237746 -0.526794 0.966613
2.240352 -0.525484 0.965362
2.243143 -0.523733 0.963670
2.246203 -0.521348 0.961343
2.249779 -0.517738 0.957790
2.266907 -0.481526 0.921584
2.269113 -0.481462 0.921585
2.271319 -0.481398 0.921586
2.273525 -0.481331 0.921585
2.275731 -0.481267 0.921586
2.277938 -0.481201 0.921584
2.280143 -0.481137 0.921585
2.282349 -0.481073 0.921586
2.284555 -0.481006 0.921585
2.286761 -0.480942 0.921586
2.288966 -0.480879 0.921587
2.291172 -0.480812 0.921585
2.293378 -0.480748 0.921586
2.295584 -0.480682 0.921584
2.297789 -0.480618 0.921585
2.299995 -0.480554 0.921586
2.302201 -0.480487 0.921585
2.304406 -0.480423 0.921586
2.306612 -0.480357 0.921584
2.308818 -0.480293 0.921585
2.311023 -0.480229 0.921586
2.313229 -0.480162 0.921585
2.272375 -0.572343 1.013830
2.272147 -0.577005 1.018550
2.272595 -0.580185 1.021787
2.273040 -0.583340 1.024999
2.273991 -0.585402 1.027119
2.274968 -0.587387 1.029160
2.141267 -0.589729 1.024795
2.143239 -0.589627 1.024751
2.145211 -0.589528 1.024709
2.147228 -0.589291 1.024528
2.149326 -0.588804 1.024096
2.152525 -0.584975 1.020297
2.155002 -0.583381 1.018748
2.157540 -0.581624 1.017038
2.160462 -0.578747 1.014199
2.164280 -0.573260 1.008730
2.189801 -0.504060 0.939097
2.190848 -0.507249 0.942373
2.192034 -0.509991 0.945197
2.193324 -0.512395 0.947682
2.194686 -0.514558 0.949923
2.196117 -0.516497 0.951938
2.197606 -0.518244 0.953761
2.199141 -0.519837 0.955428
2.200722 -0.521285 0.956947
2.202342 -0.522600 0.958334
2.204003 -0.523788 0.959592
2.205702 -0.524853 0.960726
2.207436 -0.525811 0.961753
2.209205 -0.526660 0.962670
2.211010 -0.527401 0.963478
2.212848 -0.528044 0.964187
2.214724 -0.528581 0.964789
2.216634 -0.529018 0.965291
2.218585 -0.529341 0.965679
2.220574 -0.529561 0.965962
2.222606 -0.529668 0.966132
2.224685 -0.529651 0.966176
2.226817 -0.529498 0.966085
2.229008 -0.529197 0.965844
2.231261 -0.528744 0.965450
2.233584 -0.528117 0.964882
2.236003 -0.527260 0.964083
2.238529 -0.526147 0.963027
2.241203 -0.524680 0.961614
2.244078 -0.522741 0.959728
2.247289 -0.520004 0.957039
2.251249 -0.515485 0.952561
2.266195 -0.484593 0.921582
2.268396 -0.484529 0.921583
2.270599 -0.484463 0.921582
2.272800 -0.484399 0.921583
2.275003 -0.484332 0.921581
2.277204 -0.484269 0.921582
2.279405 -0.484205 0.921583
2.281607 -0.484138 0.921581
2.283809 -0.484075 0.921582
2.286010 -0.484011 0.921584
2.288212 -0.483944 0.921582
2.290413 -0.483880 0.921583
2.292615 -0.483814 0.921581
2.294816 -0.483750 0.921582
2.297017 -0.483686 0.921583
2.299219 -0.483620 0.921582
2.301420 -0.483556 0.921583
2.303622 -0.483490 0.921581
2.305823 -0.483426 0.921582
2.308024 -0.483362 0.921583
2.310226 -0.483296 0.921582
2.273424 -0.567087 1.005722
2.272243 -0.573838 1.012554
2.272379 -0.577715 1.016502
2.272827 -0.580894 1.019749
2.273369 -0.583841 1.022764
2.274351 -0.585837 1.024823
2.275328 -0.587822 1.026872
2.142491 -0.587094 1.019387
2.144480 -0.586969 1.019319
2.146515 -0.586698 1.019104
2.148713 -0.585932 1.018387
2.150914 -0.585164 1.017670
2.153177 -0.584221 1.016775
2.155712 -0.582465 1.015060
2.158258 -0.580703 1.013337
2.161450 -0.577042 1.009697
2.189282 -0.500616 0.932524
2.190150 -0.504380 0.936393
2.191218 -0.507511 0.939620
2.192418 -0.510214 0.942416
2.193720 -0.512586 0.944876
2.195094 -0.514718 0.947094
2.196542 -0.516614 0.949073
2.198038 -0.518347 0.950886
2.199583 -0.519917 0.952535
2.201173 -0.521342 0.954037
2.202807 -0.522627 0.955398
2.204480 -0.523787 0.956632
2.206186 -0.524838 0.957757
2.207932 -0.525771 0.958761
2.209711 -0.526600 0.959661
2.211526 -0.527323 0.960453
2.213375 -0.527943 0.961142
2.215261 -0.528459 0.961725
2.217184 -0.528867 0.962200
2.219148 -0.529167 0.962566
2.221155 -0.529349 0.962812
2.223205 -0.529416 0.962941
2.225305 -0.529354 0.962942
2.227456 -0.529163 0.962811
2.229666 -0.528823 0.962530
2.231942 -0.528320 0.962086
2.234306 -0.527605 0.961427
2.236760 -0.526671 0.960547
2.239339 -0.525439 0.959367
2.242073 -0.523838 0.957816
2.245056 -0.521648 0.955669
2.248469 -0.518437 0.952495
2.253376 -0.511655 0.945720
2.265485 -0.487649 0.921580
2.267684 -0.487582 0.921579
2.269881 -0.487518 0.921580
2.272079 -0.487452 0.921578
2.274276 -0.487388 0.921579
2.276473 -0.487325 0.921580
2.278671 -0.487258 0.921578
2.280868 -0.487195 0.921579
2.283065 -0.487131 0.921580
2.285263 -0.487064 0.921579
2.287460 -0.487001 0.921580
2.289658 -0.486934 0.921578
2.291855 -0.486871 0.921579
2.294051 -0.486807 0.921580
2.296249 -0.486741 0.921579
2.298446 -0.486677 0.921580
2.300644 -0.486611 0.921578
2.302840 -0.486547 0.921579
2.305037 -0.486483 0.921580
2.307235 -0.486417 0.921579
2.309431 -0.486353 0.921580
2.273290 -0.568596 1.004439
2.272159 -0.575225 1.011172
2.272610 -0.578428 1.014455
2.273057 -0.581606 1.017712
2.273730 -0.584276 1.020457
2.274713 -0.586270 1.022522
2.275690 -0.588256 1.024579
2.143005 -0.586706 1.016232
2.144997 -0.586580 1.016164
2.147098 -0.586121 1.015757
2.149300 -0.585352 1.015036
2.151507 -0.584582 1.014314
2.153884 -0.583305 1.013078
2.156427 -0.581543 1.011351
2.159169 -0.579212 1.009046
2.162445 -0.575325 1.005164
2.189603 -0.501020 0.929885
2.190497 -0.504709 0.933691
2.191588 -0.507773 0.936862
2.192807 -0.510424 0.939613
2.194119 -0.512772 0.942058
2.195511 -0.514857 0.944235
2.196965 -0.516740 0.946207
2.198471 -0.518449 0.948004
2.200030 -0.519987 0.949625
2.201632 -0.521384 0.951104
2.203276 -0.522647 0.952447
2.204956 -0.523791 0.953669
2.206674 -0.524819 0.954775
2.208428 -0.525734 0.955764
2.210218 -0.526542 0.956646
2.212043 -0.527242 0.957418
2.213905 -0.527836 0.958083
2.215805 -0.528321 0.958637
2.217744 -0.528697 0.959080
2.219724 -0.528962 0.959411
2.221746 -0.529115 0.959629
2.223813 -0.529148 0.959725
2.225929 -0.529052 0.959691
2.228100 -0.528820 0.959519
2.230335 -0.528425 0.959182
2.232647 -0.527845 0.958657
2.235037 -0.527072 0.957938
2.237537 -0.526036 0.956952
2.240165 -0.524696 0.955659
2.242986 -0.522895 0.953900
2.246087 -0.520434 0.951473
2.249791 -0.516534 0.947591
2.262586 -0.490756 0.921577
2.264780 -0.490689 0.921575
2.266973 -0.490626 0.921576
2.269167 -0.490560 0.921575
2.271359 -0.490496 0.921576
2.273552 -0.490432 0.921577
2.275746 -0.490366 0.921575
2.277939 -0.490303 0.921576
2.280132 -0.490239 0.921577
2.282325 -0.490173 0.921576
2.284518 -0.490109 0.921577
2.286712 -0.490043 0.921575
2.288904 -0.489979 0.921576
2.291097 -0.489916 0.921577
2.293291 -0.489849 0.921576
2.295483 -0.489786 0.921577
2.297677 -0.489719 0.921575
2.299869 -0.489656 0.921576
2.302061 -0.489592 0.921577
2.304255 -0.489526 0.921576
2.306447 -0.489462 0.921577
2.308639 -0.489399 0.921578
2.273155 -0.570105 1.003160
2.272392 -0.575940 1.009113
2.272841 -0.579142 1.012405
2.273289 -0.582316 1.015670
2.274093 -0.584709 1.018144
2.275075 -0.586705 1.020219
2.276052 -0.588692 1.022283
2.143521 -0.586316 1.013066
2.145517 -0.586190 1.012998
2.147682 -0.585542 1.012397
2.149891 -0.584769 1.011669
2.152103 -0.583996 1.010943
2.154595 -0.582385 1.009362
2.157146 -0.580617 1.007623
2.160155 -0.577505 1.004516
2.164579 -0.570238 0.997184
2.189934 -0.501398 0.927215
2.190849 -0.505026 0.930971
2.191960 -0.508034 0.934095
2.193196 -0.510638 0.936809
2.194521 -0.512951 0.939226
2.195927 -0.515003 0.941377
2.197391 -0.516861 0.943330
2.198910 -0.518538 0.945099
2.200479 -0.520052 0.946703
2.202091 -0.521426 0.948164
2.203745 -0.522668 0.949490
2.205435 -0.523792 0.950696
2.207162 -0.524800 0.951784
2.208927 -0.525694 0.952756
2.210730 -0.526472 0.953610
2.212569 -0.527144 0.954356
2.214444 -0.527710 0.954995
2.216358 -0.528167 0.955522
2.218309 -0.528519 0.955943
2.220302 -0.528757 0.956248
2.222338 -0.528880 0.956436
2.224422 -0.528879 0.956498
2.226558 -0.528742 0.956422
2.228757 -0.528449 0.956187
2.231019 -0.527995 0.955790
2.233354 -0.527367 0.955215
2.235786 -0.526503 0.954401
2.238329 -0.525371 0.953315
2.241026 -0.523874 0.951858
2.243939 -0.521861 0.949878
2.247208 -0.519006 0.947044
2.251439 -0.513854 0.941878
2.261887 -0.493785 0.921572
2.264076 -0.493721 0.921573
2.266265 -0.493655 0.921572
2.268454 -0.493592 0.921573
2.270643 -0.493528 0.921574
2.272832 -0.493462 0.921572
2.275021 -0.493399 0.921573
2.277209 -0.493335 0.921574
2.279399 -0.493269 0.921573
2.281588 -0.493205 0.921574
2.283777 -0.493139 0.921572
2.285965 -0.493076 0.921573
2.288154 -0.493012 0.921574
2.290343 -0.492946 0.921573
2.292531 -0.492883 0.921574
2.294721 -0.492816 0.921572
2.296909 -0.492753 0.921573
2.299097 -0.492689 0.921574
2.301287 -0.492623 0.921572
2.303475 -0.492560 0.921574
2.305663 -0.492496 0.921575
2.307852 -0.492430 0.921573
2.273020 -0.571613 1.001882
2.272625 -0.576654 1.007050
2.273074 -0.579854 1.010352
2.273519 -0.583031 1.013630
2.274455 -0.585145 1.015830
2.275437 -0.587142 1.017912
2.276414 -0.589129 1.019983
2.144039 -0.585925 1.009889
2.146061 -0.585729 1.009748
2.148270 -0.584957 1.009020
2.150483 -0.584185 1.008290
2.152759 -0.583229 1.007374
2.155308 -0.581462 1.005630
2.157871 -0.579677 1.003868
2.161148 -0.575785 0.999955
2.189069 -0.498933 0.921571
2.190325 -0.501605 0.924364
2.191214 -0.505310 0.928211
2.192339 -0.508280 0.931307
2.193590 -0.510843 0.933988
2.194931 -0.513114 0.936369
2.196347 -0.515140 0.938501
2.197819 -0.516977 0.940440
2.199352 -0.518621 0.942182
2.200932 -0.520110 0.943765
2.202553 -0.521466 0.945213
2.204214 -0.522693 0.946528
2.205916 -0.523791 0.947711
2.207657 -0.524769 0.948773
2.209435 -0.525632 0.949717
2.211248 -0.526389 0.950552
2.213099 -0.527038 0.951277
2.214986 -0.527578 0.951892
2.216911 -0.528014 0.952400
2.218877 -0.528336 0.952791
2.220882 -0.528550 0.953073
2.222936 -0.528636 0.953224
2.225043 -0.528584 0.953235
2.227201 -0.528402 0.953112
2.229419 -0.528067 0.952834
2.231704 -0.527569 0.952390
2.234078 -0.526851 0.951723
2.236546 -0.525909 0.950827
2.239145 -0.524651 0.949608
2.241911 -0.522996 0.947987
2.244939 -0.520719 0.945731
2.248448 -0.517297 0.942310
2.259005 -0.496868 0.921569
2.261190 -0.496805 0.921570
2.263375 -0.496739 0.921569
2.265560 -0.496676 0.921570
2.267744 -0.496612 0.921571
2.269930 -0.496546 0.921569
2.272114 -0.496483 0.921570
2.274299 -0.496419 0.921571
2.276484 -0.496353 0.921570
2.278668 -0.496290 0.921571
2.280854 -0.496224 0.921569
2.283038 -0.496160 0.921570
2.285222 -0.496097 0.921571
2.287407 -0.496031 0.921570
2.289591 -0.495967 0.921571
2.291775 -0.495904 0.921572
2.293961 -0.495838 0.921570
2.296145 -0.495775 0.921571
2.298330 -0.495709 0.921569
2.300514 -0.495645 0.921570
2.302697 -0.495582 0.921572
2.304882 -0.495516 0.921570
2.307066 -0.495452 0.921571
2.272886 -0.573118 1.000603
2.272857 -0.577370 1.004986
2.273306 -0.580569 1.008298
2.273831 -0.583574 1.011411
2.274818 -0.585581 1.013511
2.275800 -0.587579 1.015601
2.276778 -0.589565 1.017678
2.144559 -0.585530 1.006697
2.146646 -0.585147 1.006364
2.148860 -0.584373 1.005631
2.151078 -0.583598 1.004897
2.153469 -0.582306 1.003633
2.156026 -0.580533 1.001877
2.158854 -0.577967 0.999310
2.162447 -0.573160 0.994447
2.188514 -0.501935 0.921566
2.190695 -0.501872 0.921567
2.191605 -0.505518 0.925367
2.192722 -0.508513 0.928499
2.193982 -0.511054 0.931166
2.195341 -0.513276 0.933506
2.196764 -0.515287 0.935629
2.198255 -0.517079 0.937528
2.199796 -0.518702 0.939254
2.201384 -0.520176 0.940827
2.203015 -0.521509 0.942256
2.204690 -0.522703 0.943542
2.206405 -0.523773 0.944701
2.208155 -0.524730 0.945745
2.209944 -0.525573 0.946671
2.211768 -0.526306 0.947486
2.213630 -0.526932 0.948190
2.215529 -0.527451 0.948785
2.217467 -0.527859 0.949266
2.219448 -0.528149 0.949626
2.221475 -0.528316 0.949860
2.223547 -0.528363 0.949973
2.225669 -0.528282 0.949954
2.227848 -0.528055 0.949786
2.230089 -0.527673 0.949459
2.232410 -0.527094 0.948931
2.234813 -0.526314 0.948197
2.237328 -0.525267 0.947191
2.239979 -0.523892 0.945850
2.242828 -0.522049 0.944030
2.246001 -0.519432 0.941419
2.249877 -0.515140 0.937098
2.258315 -0.499877 0.921567
2.260496 -0.499811 0.921566
2.262677 -0.499748 0.921567
2.264857 -0.499684 0.921568
2.267038 -0.499618 0.921566
2.269219 -0.499555 0.921567
2.271399 -0.499492 0.921568
2.273580 -0.499426 0.921567
2.275760 -0.499362 0.921568
2.277941 -0.499296 0.921566
2.280121 -0.499233 0.921567
2.282301 -0.499170 0.921568
2.284482 -0.499104 0.921567
2.286662 -0.499041 0.921568
2.288842 -0.498977 0.921569
2.291023 -0.498911 0.921567
2.293203 -0.498848 0.921568
2.295384 -0.498782 0.921566
2.297564 -0.498719 0.921567
2.299744 -0.498655 0.921569
2.301924 -0.498590 0.921567
2.304104 -0.498526 0.921568
2.273945 -0.567836 0.992343
2.272755 -0.574617 0.999320
2.273091 -0.578085 1.002918
2.273539 -0.581283 1.006240
2.274196 -0.584008 1.009079
2.275183 -0.586017 1.011187
2.276164 -0.588015 1.013284
2.277141 -0.590004 1.015371
2.145081 -0.585136 1.003495
2.147233 -0.584562 1.002965
2.149453 -0.583784 1.002226
2.151676 -0.583007 1.001487
2.154183 -0.581378 0.999874
2.156747 -0.579599 0.998105
2.159844 -0.576248 0.994723
2.185783 -0.504992 0.921563
2.187960 -0.504929 0.921564
2.190138 -0.504865 0.921565
2.192316 -0.504800 0.921563
2.193129 -0.508681 0.925617
2.194386 -0.511235 0.928306
2.195754 -0.513436 0.930633
2.197191 -0.515411 0.932726
2.198693 -0.517176 0.934603
2.200243 -0.518781 0.936317
2.201840 -0.520234 0.937874
2.203486 -0.521529 0.939269
2.205171 -0.522703 0.940538
2.206895 -0.523754 0.941683
2.208655 -0.524691 0.942709
2.210455 -0.525511 0.943614
2.212289 -0.526226 0.944413
2.214163 -0.526825 0.945092
2.216079 -0.527307 0.945651
2.218033 -0.527681 0.946099
2.220030 -0.527938 0.946427
2.222070 -0.528078 0.946635
2.224159 -0.528091 0.946713
2.226298 -0.527974 0.946656
2.228503 -0.527691 0.946430
2.230775 -0.527242 0.946034
2.233120 -0.526613 0.945452
2.235567 -0.525736 0.944617
2.238124 -0.524595 0.943512
2.240847 -0.523057 0.941999
2.243797 -0.520978 0.939931
2.247160 -0.517916 0.936857
2.251775 -0.511854 0.930706
2.257629 -0.502871 0.921563
2.259805 -0.502808 0.921564
2.261981 -0.502745 0.921565
2.264158 -0.502679 0.921563
2.266334 -0.502615 0.921564
2.268510 -0.502552 0.921565
2.270687 -0.502486 0.921564
2.272863 -0.502423 0.921565
2.275040 -0.502357 0.921563
2.277216 -0.502294 0.921564
2.279392 -0.502231 0.921565
2.281569 -0.502165 0.921564
2.283745 -0.502102 0.921565
2.285920 -0.502039 0.921566
2.288097 -0.501973 0.921564
2.290273 -0.501910 0.921565
2.292450 -0.501844 0.921563
2.294625 -0.501781 0.921564
2.296801 -0.501717 0.921565
2.298978 -0.501652 0.921564
2.301153 -0.501588 0.921565
2.303329 -0.501525 0.921566
2.273809 -0.569355 0.991060
2.272873 -0.575581 0.997493
2.273324 -0.578803 1.000851
2.273771 -0.582000 1.004182
2.274560 -0.584446 1.006745
2.275547 -0.586455 1.008860
2.276529 -0.588454 1.010965
2.277506 -0.590441 1.013057
2.145605 -0.584741 1.000282
2.147823 -0.583973 0.999550
2.150047 -0.583195 0.998808
2.152338 -0.582224 0.997868
2.154900 -0.580446 0.996095
2.157547 -0.578434 0.994082
2.160841 -0.574514 0.990101
2.185236 -0.507974 0.921561
2.187409 -0.507911 0.921562
2.189583 -0.507845 0.921560
2.191756 -0.507782 0.921561
2.193930 -0.507716 0.921560
2.194812 -0.511355 0.925377
2.196167 -0.513597 0.927753
2.197620 -0.515531 0.929812
2.199129 -0.517280 0.931679
2.200689 -0.518862 0.933375
2.202303 -0.520275 0.934896
2.203958 -0.521552 0.936276
2.205654 -0.522702 0.937526
2.207386 -0.523736 0.938656
2.209158 -0.524650 0.939661
2.210968 -0.525446 0.940546
2.212820 -0.526123 0.941308
2.214706 -0.526697 0.941963
2.216635 -0.527152 0.942497
2.218602 -0.527500 0.942920
2.220612 -0.527731 0.943222
2.222668 -0.527839 0.943398
2.224777 -0.527809 0.943432
2.226943 -0.527633 0.943315
2.229170 -0.527303 0.943039
2.231464 -0.526807 0.942593
2.233848 -0.526090 0.941921
2.236330 -0.525138 0.941005
2.238950 -0.523854 0.939749
2.241746 -0.522148 0.938059
2.244819 -0.519785 0.935692
2.248453 -0.516081 0.931947
2.254772 -0.505919 0.921560
2.256944 -0.505856 0.921561
2.259116 -0.505793 0.921562
2.261289 -0.505727 0.921560
2.263461 -0.505664 0.921561
2.265632 -0.505601 0.921562
2.267805 -0.505536 0.921561
2.269977 -0.505472 0.921562
2.272150 -0.505407 0.921560
2.274322 -0.505344 0.921561
2.276494 -0.505280 0.921562
2.278666 -0.505215 0.921561
2.280838 -0.505152 0.921562
2.283010 -0.505088 0.921563
2.285182 -0.505023 0.921561
2.287354 -0.504960 0.921562
2.289527 -0.504894 0.921560
2.291698 -0.504831 0.921561
2.293870 -0.504768 0.921562
2.296042 -0.504702 0.921561
2.298214 -0.504639 0.921562
2.300385 -0.504576 0.921563
2.302557 -0.504510 0.921561
2.273673 -0.570874 0.989779
2.273107 -0.576301 0.995413
2.273557 -0.579522 0.998781
2.274004 -0.582717 1.002122
2.274925 -0.584884 1.004407
2.275912 -0.586894 1.006530
2.276893 -0.588893 1.008643
2.277930 -0.590759 1.010618
2.146189 -0.584162 0.996868
2.148415 -0.583383 0.996123
2.150644 -0.582603 0.995377
2.153050 -0.581296 0.994085
2.155620 -0.579511 0.992299
2.158535 -0.576710 0.989464
2.162734 -0.570114 0.982701
2.184690 -0.510944 0.921559
2.186860 -0.510879 0.921557
2.189029 -0.510816 0.921559
2.191199 -0.510750 0.921557
2.193368 -0.510687 0.921558
2.195537 -0.510624 0.921559
2.196621 -0.513647 0.924751
2.198057 -0.515632 0.926869
2.199569 -0.517377 0.928739
2.201146 -0.518919 0.930399
2.202768 -0.520314 0.931906
2.204432 -0.521573 0.933273
2.206136 -0.522705 0.934508
2.207881 -0.523713 0.935615
2.209667 -0.524593 0.936590
2.211491 -0.525361 0.937449
2.213352 -0.526017 0.938192
2.215253 -0.526563 0.938820
2.217192 -0.526997 0.939334
2.219174 -0.527314 0.939726
2.221201 -0.527510 0.939994
2.223279 -0.527571 0.940121
2.225407 -0.527499 0.940111
2.227593 -0.527283 0.939953
2.229840 -0.526911 0.939634
2.232171 -0.526333 0.939102
2.234586 -0.525551 0.938360
2.237120 -0.524481 0.937320
2.239794 -0.523075 0.935934
2.242678 -0.521169 0.934031
2.245915 -0.518418 0.931257
2.250059 -0.513495 0.926241
2.254093 -0.508893 0.921558
2.256261 -0.508830 0.921559
2.258430 -0.508765 0.921557
2.260598 -0.508702 0.921558
2.262766 -0.508639 0.921559
2.264935 -0.508573 0.921558
2.267102 -0.508510 0.921559
2.269271 -0.508444 0.921557
2.271439 -0.508381 0.921558
2.273606 -0.508318 0.921559
2.275775 -0.508253 0.921558
2.277943 -0.508190 0.921559
2.280110 -0.508127 0.921560
2.282279 -0.508061 0.921558
2.284446 -0.507998 0.921559
2.286615 -0.507932 0.921557
2.288782 -0.507869 0.921558
2.290949 -0.507806 0.921559
2.293118 -0.507741 0.921558
2.295285 -0.507678 0.921559
2.297452 -0.507615 0.921560
2.299621 -0.507549 0.921558
2.301788 -0.507486 0.921559
2.273538 -0.572388 0.988497
2.273342 -0.577019 0.993329
2.273792 -0.580239 0.996707
2.274299 -0.583303 0.999924
2.275291 -0.585323 1.002065
2.276278 -0.587331 1.004194
2.277260 -0.589332 1.006314
2.278382 -0.591020 1.008113
2.146778 -0.583572 0.993431
2.149009 -0.582791 0.992681
2.151244 -0.582009 0.991930
2.153767 -0.580360 0.990281
2.156344 -0.578569 0.988483
2.159529 -0.574977 0.984815
2.181982 -0.513967 0.921556
2.184148 -0.513901 0.921554
2.186313 -0.513838 0.921556
2.188479 -0.513773 0.921554
2.190643 -0.513710 0.921555
2.192808 -0.513647 0.921556
2.194974 -0.513581 0.921554
2.197138 -0.513518 0.921555
2.198558 -0.515556 0.923736
2.200031 -0.517417 0.925733
2.201606 -0.518971 0.927410
2.203234 -0.520353 0.928909
2.204906 -0.521596 0.930264
2.206625 -0.522695 0.931469
2.208383 -0.523672 0.932548
2.210180 -0.524532 0.933504
2.212015 -0.525276 0.934342
2.213887 -0.525912 0.935066
2.215800 -0.526431 0.935669
2.217752 -0.526839 0.936157
2.219754 -0.527112 0.936506
2.221799 -0.527270 0.936735
2.223893 -0.527296 0.936827
2.226039 -0.527190 0.936782
2.228248 -0.526922 0.936570
2.230529 -0.526476 0.936173
2.232885 -0.525845 0.935585
2.235344 -0.524966 0.934739
2.237918 -0.523806 0.933603
2.240666 -0.522231 0.932037
2.243658 -0.520075 0.929869
2.247139 -0.516749 0.926491
2.251254 -0.511919 0.921555
2.253418 -0.511856 0.921556
2.255583 -0.511790 0.921554
2.257746 -0.511727 0.921555
2.259910 -0.511664 0.921556
2.262075 -0.511599 0.921555
2.264238 -0.511536 0.921556
2.266403 -0.511470 0.921554
2.268567 -0.511407 0.921555
2.270730 -0.511345 0.921556
2.272895 -0.511279 0.921555
2.275058 -0.511216 0.921556
2.277222 -0.511153 0.921557
2.279386 -0.511088 0.921555
2.281549 -0.511025 0.921556
2.283714 -0.510959 0.921554
2.285877 -0.510896 0.921555
2.288040 -0.510833 0.921557
2.290205 -0.510768 0.921555
2.292368 -0.510705 0.921556
2.294531 -0.510642 0.921557
2.296695 -0.510577 0.921555
2.298858 -0.510514 0.921556
2.301023 -0.510448 0.921555
2.273405 -0.573897 0.987211
2.273577 -0.577740 0.991245
2.274025 -0.580959 0.994633
2.274667 -0.583740 0.997568
2.275658 -0.585761 0.999717
2.276644 -0.587772 1.001856
2.277626 -0.589773 1.003983
2.278835 -0.591283 1.005605
2.147370 -0.582977 0.989977
2.149607 -0.582194 0.989223
2.151912 -0.581211 0.988260
2.154487 -0.579420 0.986457
2.157219 -0.577177 0.984183
2.160589 -0.573057 0.979954
2.181446 -0.516912 0.921552
2.183607 -0.516849 0.921553
2.185769 -0.516784 0.921551
2.187929 -0.516721 0.921552
2.190090 -0.516658 0.921553
2.192251 -0.516593 0.921551
2.194412 -0.516530 0.921552
2.196573 -0.516464 0.921551
2.198734 -0.516401 0.921552
2.200894 -0.516338 0.921553
2.202104 -0.518919 0.924304
2.203714 -0.520357 0.925867
2.205394 -0.521585 0.927210
2.207119 -0.522675 0.928411
2.208888 -0.523629 0.929469
2.210694 -0.524470 0.930410
2.212540 -0.525191 0.931226
2.214426 -0.525798 0.931923
2.216355 -0.526283 0.932493
2.218325 -0.526653 0.932943
2.220340 -0.526900 0.933265
2.222400 -0.527026 0.933463
2.224510 -0.527021 0.933522
2.226683 -0.526856 0.933416
2.228917 -0.526534 0.933147
2.231220 -0.526042 0.932701
2.233616 -0.525321 0.932018
2.236113 -0.524358 0.931082
2.238753 -0.523047 0.929786
2.241581 -0.521289 0.928024
2.244749 -0.518716 0.925417
2.248425 -0.514933 0.921552
2.250585 -0.514870 0.921553
2.252746 -0.514804 0.921551
2.254905 -0.514742 0.921552
2.257065 -0.514679 0.921553
2.259226 -0.514613 0.921552
2.261385 -0.514550 0.921553
2.263545 -0.514488 0.921554
2.265705 -0.514422 0.921552
2.267865 -0.514359 0.921553
2.270025 -0.514294 0.921552
2.272185 -0.514231 0.921553
2.274344 -0.514168 0.921554
2.276504 -0.514103 0.921552
2.278664 -0.514040 0.921553
2.280824 -0.513975 0.921551
2.282983 -0.513912 0.921553
2.285142 -0.513849 0.921554
2.287303 -0.513784 0.921552
2.289462 -0.513721 0.921553
2.291621 -0.513658 0.921554
2.293781 -0.513593 0.921552
2.295940 -0.513530 0.921553
2.298100 -0.513464 0.921552
2.274472 -0.568596 0.978802
2.273360 -0.575219 0.985734
2.273812 -0.578460 0.989157
2.274259 -0.581680 0.992556
2.275033 -0.584180 0.995210
2.276025 -0.586202 0.997367
2.277011 -0.588213 0.999514
2.277993 -0.590212 1.001647
2.279288 -0.591547 1.003091
2.147964 -0.582382 0.986511
2.150206 -0.581597 0.985752
2.152627 -0.580275 0.984432
2.155210 -0.578475 0.982614
2.158212 -0.575439 0.979503
2.178755 -0.519911 0.921549
2.180911 -0.519849 0.921550
2.183069 -0.519783 0.921548
2.185225 -0.519721 0.921549
2.187382 -0.519658 0.921550
2.189539 -0.519592 0.921548
2.191696 -0.519530 0.921549
2.193853 -0.519464 0.921548
2.196010 -0.519402 0.921549
2.198166 -0.519339 0.921550
2.200323 -0.519274 0.921548
2.202480 -0.519211 0.921549
2.204636 -0.519148 0.921550
2.205925 -0.521461 0.924032
2.207635 -0.522598 0.925285
2.209401 -0.523566 0.926361
2.211214 -0.524396 0.927294
2.213074 -0.525089 0.928082
2.214974 -0.525664 0.928749
2.216915 -0.526124 0.929295
2.218900 -0.526464 0.929716
2.220927 -0.526687 0.930014
2.223006 -0.526775 0.930172
2.225141 -0.526712 0.930173
2.227334 -0.526505 0.930022
2.229590 -0.526138 0.929706
2.231930 -0.525564 0.929173
2.234359 -0.524773 0.928414
2.236912 -0.523679 0.927339
2.239633 -0.522183 0.925845
2.242708 -0.519831 0.923459
2.245607 -0.517935 0.921549
2.247763 -0.517872 0.921550
2.249920 -0.517807 0.921548
2.252075 -0.517744 0.921549
2.254231 -0.517682 0.921550
2.256387 -0.517616 0.921549
2.258543 -0.517554 0.921550
2.260698 -0.517491 0.921551
2.262855 -0.517425 0.921549
2.265010 -0.517363 0.921550
2.267167 -0.517297 0.921549
2.269322 -0.517235 0.921550
2.271477 -0.517172 0.921551
2.273633 -0.517107 0.921549
2.275789 -0.517044 0.921550
2.277945 -0.516979 0.921549
2.280100 -0.516916 0.921550
2.282255 -0.516853 0.921551
2.284411 -0.516788 0.921549
2.286566 -0.516725 0.921550
2.288721 -0.516662 0.921551
2.290878 -0.516597 0.921549
2.293032 -0.516534 0.921550
2.295188 -0.516469 0.921549
2.297343 -0.516406 0.921550
2.274335 -0.570124 0.977518
2.273597 -0.575941 0.983633
2.274047 -0.579183 0.987068
2.274494 -0.582401 0.990478
2.275401 -0.584621 0.992849
2.276392 -0.586643 0.995013
2.277379 -0.588653 0.997165
2.278441 -0.590488 0.999135
2.279744 -0.591810 1.000570
2.148561 -0.581785 0.983030
2.150808 -0.580997 0.982266
2.153346 -0.579332 0.980582
2.155937 -0.577526 0.978751
2.159212 -0.573688 0.974791
2.178226 -0.522837 0.921547
2.180379 -0.522772 0.921545
2.182532 -0.522709 0.921546
2.184684 -0.522646 0.921547
2.186838 -0.522581 0.921546
2.188990 -0.522518 0.921547
2.191143 -0.522453 0.921545
2.193296 -0.522390 0.921546
2.195448 -0.522328 0.921547
2.197601 -0.522263 0.921545
2.199754 -0.522200 0.921546
2.201906 -0.522137 0.921547
2.204059 -0.522072 0.921546
2.206211 -0.522009 0.921547
2.208364 -0.521944 0.921545
2.210051 -0.523138 0.922862
2.211788 -0.524181 0.924020
2.213639 -0.524904 0.924844
2.215542 -0.525481 0.925515
2.217490 -0.525931 0.926052
2.219485 -0.526253 0.926456
2.221534 -0.526429 0.926706
2.223633 -0.526473 0.926818
2.225785 -0.526378 0.926786
2.228000 -0.526124 0.926586
2.230293 -0.525673 0.926179
2.232671 -0.525013 0.925556
2.235171 -0.524057 0.924621
2.237907 -0.522520 0.923081
2.240648 -0.520991 0.921548
2.242800 -0.520926 0.921546
2.244952 -0.520864 0.921547
2.247104 -0.520798 0.921545
2.249256 -0.520736 0.921546
2.251407 -0.520673 0.921547
2.253560 -0.520608 0.921546
2.255711 -0.520545 0.921547
2.257863 -0.520483 0.921548
2.260015 -0.520417 0.921546
2.262166 -0.520355 0.921547
2.264319 -0.520290 0.921546
2.266470 -0.520227 0.921547
2.268621 -0.520164 0.921548
2.270774 -0.520099 0.921546
2.272925 -0.520036 0.921547
2.275077 -0.519971 0.921546
2.277228 -0.519909 0.921547
2.279379 -0.519846 0.921548
2.281531 -0.519781 0.921546
2.283682 -0.519718 0.921547
2.285833 -0.519656 0.921548
2.287985 -0.519590 0.921547
2.290136 -0.519528 0.921548
2.292288 -0.519463 0.921546
2.294439 -0.519400 0.921547
2.296590 -0.519337 0.921548
2.274199 -0.571649 0.976233
2.273832 -0.576666 0.981533
2.274282 -0.579906 0.984978
2.274773 -0.583029 0.988299
2.275769 -0.585062 0.990483
2.276761 -0.587083 0.992653
2.277747 -0.589095 0.994815
2.278897 -0.590750 0.996603
2.280200 -0.592075 0.998046
2.149161 -0.581183 0.979531
2.151481 -0.580186 0.978546
2.154069 -0.578384 0.976712
2.156888 -0.575905 0.974168
2.160862 -0.569989 0.968009
2.177700 -0.525749 0.921542
2.179848 -0.525686 0.921543
2.181997 -0.525623 0.921544
2.184146 -0.525558 0.921543
2.186295 -0.525496 0.921544
2.188443 -0.525433 0.921545
2.190592 -0.525368 0.921543
2.192740 -0.525305 0.921544
2.194890 -0.525240 0.921542
2.197038 -0.525178 0.921543
2.199186 -0.525115 0.921544
2.201335 -0.525050 0.921543
2.203483 -0.524988 0.921544
2.205632 -0.524922 0.921542
2.207781 -0.524860 0.921543
2.209929 -0.524797 0.921544
2.212078 -0.524732 0.921543
2.214226 -0.524670 0.921544
2.216374 -0.524605 0.921542
2.218522 -0.524542 0.921543
2.220243 -0.525594 0.922715
2.222258 -0.525870 0.923071
2.224356 -0.525926 0.923197
2.226565 -0.525698 0.923024
2.229263 -0.524224 0.921543
2.231411 -0.524161 0.921544
2.233560 -0.524096 0.921543
2.235707 -0.524034 0.921544
2.237855 -0.523971 0.921545
2.240004 -0.523906 0.921543
2.242151 -0.523844 0.921544
2.244300 -0.523779 0.921542
2.246447 -0.523716 0.921543
2.248595 -0.523653 0.921544
2.250743 -0.523588 0.921543
2.252890 -0.523526 0.921544
2.255038 -0.523463 0.921545
2.257186 -0.523398 0.921543
2.259333 -0.523336 0.921544
2.261482 -0.523270 0.921543
2.263629 -0.523208 0.921544
2.265776 -0.523145 0.921545
2.267924 -0.523080 0.921543
2.270071 -0.523018 0.921544
2.272220 -0.522953 0.921543
2.274367 -0.522890 0.921544
2.276514 -0.522828 0.921545
2.278662 -0.522762 0.921543
2.280809 -0.522700 0.921544
2.282956 -0.522637 0.921545
2.285104 -0.522572 0.921544
2.287251 -0.522510 0.921545
2.289398 -0.522445 0.921543
2.291545 -0.522382 0.921544
2.293692 -0.522320 0.921545
2.295840 -0.522255 0.921543
2.274065 -0.573168 0.974944
2.274069 -0.577389 0.979427
2.274518 -0.580631 0.982885
2.275143 -0.583468 0.985919
2.276139 -0.585502 0.988111
2.277130 -0.587526 0.990291
2.278117 -0.589537 0.992459
2.279353 -0.591015 0.994068
2.280656 -0.592340 0.995517
2.149763 -0.580580 0.976021
2.152199 -0.579240 0.974669
2.154795 -0.577431 0.972823
2.157886 -0.574152 0.969426
2.175030 -0.528717 0.921542
2.177175 -0.528652 0.921540
2.179319 -0.528589 0.921541
2.181465 -0.528524 0.921540
2.183609 -0.528462 0.921541
2.185753 -0.528399 0.921542
2.187899 -0.528334 0.921540
2.190043 -0.528272 0.921541
2.192188 -0.528207 0.921540
2.194332 -0.528144 0.921541
2.196477 -0.528082 0.921542
2.198622 -0.528017 0.921540
2.200766 -0.527954 0.921541
2.202911 -0.527890 0.921539
2.205055 -0.527827 0.921540
2.207199 -0.527765 0.921541
2.209344 -0.527700 0.921540
2.211488 -0.527637 0.921541
2.213633 -0.527572 0.921539
2.215776 -0.527510 0.921540
2.217920 -0.527447 0.921541
2.220065 -0.527382 0.921540
2.222209 -0.527320 0.921541
2.224353 -0.527257 0.921542
2.226497 -0.527192 0.921540
2.228641 -0.527130 0.921541
2.230786 -0.527065 0.921540
2.232929 -0.527002 0.921541
2.235073 -0.526940 0.921542
2.237217 -0.526875 0.921540
2.239361 -0.526812 0.921541
2.241506 -0.526747 0.921540
2.243649 -0.526685 0.921541
2.245792 -0.526622 0.921542
2.247937 -0.526557 0.921540
2.250080 -0.526495 0.921541
2.252224 -0.526432 0.921542
2.254368 -0.526368 0.921540
2.256511 -0.526305 0.921541
2.258655 -0.526240 0.921540
2.260799 -0.526178 0.921541
2.262942 -0.526115 0.921542
2.265086 -0.526050 0.921540
2.267229 -0.525988 0.921541
2.269373 -0.525923 0.921540
2.271516 -0.525860 0.921541
2.273659 -0.525798 0.921542
2.275803 -0.525733 0.921540
2.277946 -0.525670 0.921541
2.280089 -0.525608 0.921542
2.282233 -0.525543 0.921541
2.284376 -0.525481 0.921542
2.286520 -0.525416 0.921540
2.288663 -0.525353 0.921541
2.290805 -0.525291 0.921542
2.292949 -0.525226 0.921541
2.275144 -0.567827 0.966383
2.273932 -0.574684 0.973654
2.274306 -0.578115 0.977322
2.274753 -0.581356 0.980790
2.275512 -0.583911 0.983537
2.276508 -0.585945 0.985737
2.277499 -0.587969 0.987925
2.278501 -0.589949 0.990067
2.279810 -0.591280 0.991527
2.281115 -0.592604 0.992980
2.150367 -0.579975 0.972495
2.152920 -0.578291 0.970775
2.155559 -0.576372 0.968807
2.158890 -0.572387 0.964651
2.174512 -0.531607 0.921537
2.176652 -0.531544 0.921538
2.178793 -0.531479 0.921537
2.180934 -0.531417 0.921538
2.183074 -0.531355 0.921539
2.185215 -0.531290 0.921537
2.187356 -0.531227 0.921538
2.189497 -0.531162 0.921537
2.191637 -0.531100 0.921538
2.193777 -0.531038 0.921539
2.195918 -0.530973 0.921537
2.198058 -0.530910 0.921538
2.200199 -0.530845 0.921537
2.202339 -0.530783 0.921538
2.204479 -0.530721 0.921539
2.206620 -0.530656 0.921537
2.208760 -0.530593 0.921538
2.210901 -0.530528 0.921536
2.213041 -0.530466 0.921537
2.215181 -0.530404 0.921538
2.217322 -0.530339 0.921537
2.219461 -0.530276 0.921538
2.221601 -0.530214 0.921539
2.223742 -0.530149 0.921537
2.225881 -0.530087 0.921538
2.228022 -0.530022 0.921537
2.230162 -0.529960 0.921538
2.232301 -0.529897 0.921539
2.234442 -0.529832 0.921537
2.236581 -0.529770 0.921538
2.238722 -0.529705 0.921537
2.240861 -0.529643 0.921538
2.243001 -0.529580 0.921539
2.245141 -0.529515 0.921537
2.247281 -0.529453 0.921538
2.249420 -0.529391 0.921539
2.251560 -0.529326 0.921538
2.253699 -0.529263 0.921539
2.255840 -0.529199 0.921537
2.257979 -0.529136 0.921538
2.260118 -0.529074 0.921539
2.262258 -0.529009 0.921537
2.264397 -0.528947 0.921538
2.266536 -0.528884 0.921539
2.268676 -0.528819 0.921538
2.270815 -0.528757 0.921539
2.272955 -0.528692 0.921537
2.275094 -0.528630 0.921538
2.277233 -0.528567 0.921539
2.279373 -0.528503 0.921538
2.281512 -0.528440 0.921539
2.283652 -0.528375 0.921537
2.285791 -0.528313 0.921538
2.287929 -0.528251 0.921539
2.290069 -0.528186 0.921538
2.292208 -0.528123 0.921539
2.275005 -0.569365 0.965096
2.274091 -0.575579 0.971712
2.274542 -0.578842 0.975215
2.274989 -0.582081 0.978693
2.275882 -0.584354 0.981151
2.276878 -0.586389 0.983359
2.277870 -0.588411 0.985553
2.278958 -0.590214 0.987515
2.280268 -0.591544 0.988979
2.281573 -0.592871 0.990439
2.151045 -0.579150 0.968724
2.153646 -0.577335 0.966859
2.156553 -0.574619 0.964037
2.171858 -0.534550 0.921534
2.173995 -0.534488 0.921535
2.176132 -0.534423 0.921534
2.178268 -0.534361 0.921535
2.180405 -0.534299 0.921536
2.182542 -0.534234 0.921534
2.184678 -0.534172 0.921535
2.186815 -0.534107 0.921534
2.188952 -0.534044 0.921535
2.191088 -0.533982 0.921536
2.193225 -0.533917 0.921534
2.195361 -0.533855 0.921535
2.197498 -0.533790 0.921534
2.199634 -0.533728 0.921535
2.201770 -0.533666 0.921536
2.203907 -0.533601 0.921534
2.206043 -0.533539 0.921535
2.208179 -0.533476 0.921536
2.210316 -0.533411 0.921535
2.212452 -0.533349 0.921536
2.214588 -0.533284 0.921534
2.216724 -0.533222 0.921535
2.218860 -0.533160 0.921536
2.220997 -0.533095 0.921534
2.223132 -0.533033 0.921535
2.225269 -0.532968 0.921534
2.227405 -0.532906 0.921535
2.229540 -0.532843 0.921536
2.231677 -0.532779 0.921534
2.233812 -0.532716 0.921535
2.235949 -0.532652 0.921534
2.238084 -0.532589 0.921535
2.240220 -0.532527 0.921536
2.242356 -0.532462 0.921534
2.244491 -0.532400 0.921535
2.246627 -0.532338 0.921536
2.248763 -0.532273 0.921535
2.250898 -0.532211 0.921536
2.253035 -0.532146 0.921534
2.255170 -0.532084 0.921535
2.257305 -0.532021 0.921536
2.259441 -0.531957 0.921535
2.261576 -0.531894 0.921536
2.263711 -0.531832 0.921537
2.265847 -0.531767 0.921535
2.267982 -0.531705 0.921536
2.270118 -0.531640 0.921534
2.272253 -0.531578 0.921535
2.274388 -0.531516 0.921536
2.276524 -0.531451 0.921535
2.278659 -0.531389 0.921536
2.280794 -0.531326 0.921537
2.282930 -0.531262 0.921535
2.285064 -0.531199 0.921536
2.287200 -0.531135 0.921535
2.289335 -0.531072 0.921536
2.291470 -0.531010 0.921537
2.274868 -0.570901 0.963807
2.274329 -0.576306 0.969590
2.274779 -0.579570 0.973106
2.275252 -0.582752 0.976534
2.276253 -0.584798 0.978761
2.277250 -0.586831 0.980975
2.278240 -0.588856 0.983179
2.279418 -0.590477 0.984955
2.280727 -0.591810 0.986427
2.282032 -0.593138 0.987894
2.151766 -0.578196 0.964801
2.154376 -0.576375 0.962923
2.157555 -0.572851 0.959231
2.171347 -0.537421 0.921533
2.173481 -0.537356 0.921531
2.175613 -0.537294 0.921532
2.177746 -0.537232 0.921533
2.179879 -0.537167 0.921531
2.182011 -0.537105 0.921532
2.184144 -0.537040 0.921531
2.186276 -0.536978 0.921532
2.188409 -0.536916 0.921533
2.190542 -0.536851 0.921531
2.192674 -0.536789 0.921532
2.194806 -0.536726 0.921533
2.196939 -0.536662 0.921532
2.199071 -0.536600 0.921533
2.201204 -0.536535 0.921531
2.203336 -0.536473 0.921532
2.205468 -0.536410 0.921533
2.207601 -0.536346 0.921532
2.209733 -0.536284 0.921533
2.211865 -0.536219 0.921531
2.213997 -0.536157 0.921532
2.216129 -0.536095 0.921533
2.218262 -0.536030 0.921532
2.220393 -0.535968 0.921533
2.222526 -0.535903 0.921531
2.224658 -0.535841 0.921532
2.226789 -0.535779 0.921533
2.228922 -0.535714 0.921531
2.231053 -0.535652 0.921532
2.233186 -0.535587 0.921531
2.235317 -0.535525 0.921532
2.237449 -0.535463 0.921533
2.239581 -0.535398 0.921531
2.241713 -0.535336 0.921532
2.243844 -0.535274 0.921533
2.245976 -0.535209 0.921532
2.248108 -0.535147 0.921533
2.250240 -0.535082 0.921531
2.252371 -0.535020 0.921532
2.254502 -0.534958 0.921533
2.256634 -0.534893 0.921532
2.258766 -0.534831 0.921533
2.260897 -0.534769 0.921534
2.263029 -0.534704 0.921532
2.265160 -0.534642 0.921533
2.267292 -0.534577 0.921531
2.269423 -0.534515 0.921533
2.271554 -0.534453 0.921534
2.273686 -0.534388 0.921532
2.275817 -0.534326 0.921533
2.277947 -0.534264 0.921534
2.280079 -0.534199 0.921532
2.282210 -0.534137 0.921533
2.284342 -0.534073 0.921532
2.286473 -0.534010 0.921533
2.288603 -0.533948 0.921534
2.290735 -0.533884 0.921532
2.274733 -0.572430 0.962515
2.274567 -0.577036 0.967468
2.275016 -0.580298 0.970994
2.275625 -0.583193 0.974130
2.276625 -0.585240 0.976365
2.277621 -0.587276 0.978589
2.278613 -0.589300 0.980799
2.279877 -0.590743 0.982392
2.281187 -0.592077 0.983870
2.282494 -0.593404 0.985340
2.152491 -0.577237 0.960857
2.155215 -0.575085 0.958620
2.158964 -0.569861 0.953098
2.170839 -0.540278 0.921528
2.172968 -0.540216 0.921529
2.175096 -0.540154 0.921530
2.177225 -0.540089 0.921529
2.179354 -0.540027 0.921530
2.181483 -0.539962 0.921528
2.183611 -0.539900 0.921529
2.185739 -0.539838 0.921530
2.187869 -0.539774 0.921528
2.189997 -0.539711 0.921529
2.192125 -0.539649 0.921530
2.194254 -0.539585 0.921529
2.196382 -0.539523 0.921530
2.198511 -0.539458 0.921528
2.200639 -0.539396 0.921529
2.202767 -0.539334 0.921530
2.204896 -0.539269 0.921529
2.207024 -0.539207 0.921530
2.209152 -0.539143 0.921528
2.211280 -0.539080 0.921529
2.213408 -0.539018 0.921530
2.215537 -0.538954 0.921529
2.217665 -0.538892 0.921530
2.219793 -0.538827 0.921528
2.221921 -0.538765 0.921529
2.224049 -0.538703 0.921530
2.226177 -0.538638 0.921529
2.228305 -0.538576 0.921530
2.230433 -0.538512 0.921528
2.232561 -0.538450 0.921529
2.234688 -0.538387 0.921530
2.236817 -0.538323 0.921528
2.238944 -0.538261 0.921529
2.241072 -0.538199 0.921530
2.243200 -0.538134 0.921529
2.245327 -0.538072 0.921530
2.247456 -0.538008 0.921528
2.249583 -0.537945 0.921529
2.251710 -0.537883 0.921530
2.253838 -0.537819 0.921529
2.255966 -0.537757 0.921530
2.258093 -0.537695 0.921531
2.260221 -0.537630 0.921529
2.262348 -0.537568 0.921530
2.264476 -0.537503 0.921529
2.266603 -0.537441 0.921530
2.268730 -0.537379 0.921531
2.270858 -0.537315 0.921529
2.272985 -0.537253 0.921530
2.275112 -0.537191 0.921531
2.277240 -0.537126 0.921530
2.279366 -0.537064 0.921531
2.281494 -0.536999 0.921529
2.283621 -0.536937 0.921530
2.285748 -0.536875 0.921531
2.287876 -0.536811 0.921529
2.290002 -0.536749 0.921530
2.274599 -0.573956 0.961222
2.274806 -0.577764 0.965341
2.275254 -0.581028 0.968880
2.275997 -0.583638 0.971724
2.276997 -0.585686 0.973967
2.277994 -0.587720 0.976196
2.279022 -0.589670 0.978335
2.280337 -0.591010 0.979824
2.281649 -0.592342 0.981305
2.282955 -0.593673 0.982783
2.153220 -0.576273 0.956894
2.156215 -0.573315 0.953784
2.168208 -0.543189 0.921525
2.170332 -0.543127 0.921526
2.172457 -0.543065 0.921527
2.174582 -0.543000 0.921526
2.176706 -0.542938 0.921527
2.178832 -0.542874 0.921525
2.180956 -0.542812 0.921526
2.183080 -0.542750 0.921527
2.185205 -0.542685 0.921526
2.187330 -0.542623 0.921527
2.189454 -0.542561 0.921528
2.191579 -0.542497 0.921526
2.193703 -0.542435 0.921527
2.195828 -0.542370 0.921525
2.197952 -0.542308 0.921526
2.200076 -0.542246 0.921527
2.202201 -0.542182 0.921526
2.204325 -0.542120 0.921527
2.206450 -0.542055 0.921525
2.208574 -0.541993 0.921526
2.210698 -0.541931 0.921527
2.212822 -0.541867 0.921526
2.214946 -0.541805 0.921527
2.217071 -0.541740 0.921525
2.219195 -0.541678 0.921526
2.221318 -0.541616 0.921527
2.223443 -0.541552 0.921526
2.225567 -0.541490 0.921527
2.227690 -0.541428 0.921528
2.229815 -0.541363 0.921526
2.231938 -0.541301 0.921527
2.234063 -0.541237 0.921526
2.236186 -0.541175 0.921527
2.238310 -0.541113 0.921528
2.240434 -0.541048 0.921526
2.242557 -0.540986 0.921527
2.244682 -0.540922 0.921525
2.246805 -0.540860 0.921526
2.248928 -0.540798 0.921527
2.251053 -0.540734 0.921526
2.253176 -0.540672 0.921527
2.255299 -0.540609 0.921528
2.257423 -0.540545 0.921526
2.259546 -0.540483 0.921527
2.261671 -0.540419 0.921526
2.263794 -0.540357 0.921527
2.265917 -0.540295 0.921528
2.268041 -0.540230 0.921526
2.270164 -0.540168 0.921527
2.272287 -0.540106 0.921528
2.274411 -0.540042 0.921527
2.276533 -0.539980 0.921528
2.278657 -0.539915 0.921526
2.280780 -0.539853 0.921527
2.282903 -0.539791 0.921528
2.285027 -0.539727 0.921527
2.287149 -0.539665 0.921528
2.275684 -0.568596 0.952509
2.274592 -0.575211 0.959641
2.275044 -0.578495 0.963215
2.275491 -0.581758 0.966764
2.276369 -0.584084 0.969313
2.277370 -0.586132 0.971564
2.278367 -0.588167 0.973802
2.279482 -0.589936 0.975755
2.280799 -0.591274 0.977247
2.282111 -0.592610 0.978737
2.283418 -0.593942 0.980221
2.153952 -0.575304 0.952910
2.157222 -0.571532 0.948914
2.167707 -0.546027 0.921523
2.169827 -0.545965 0.921524
2.171948 -0.545901 0.921523
2.174069 -0.545839 0.921524
2.176189 -0.545777 0.921525
2.178311 -0.545712 0.921523
2.180431 -0.545650 0.921524
2.182552 -0.545586 0.921523
2.184672 -0.545524 0.921524
2.186793 -0.545462 0.921525
2.188914 -0.545398 0.921523
2.191034 -0.545336 0.921524
2.193155 -0.545272 0.921523
2.195275 -0.545210 0.921524
2.197395 -0.545148 0.921525
2.199516 -0.545083 0.921523
2.201636 -0.545021 0.921524
2.203757 -0.544957 0.921522
2.205877 -0.544895 0.921523
2.207997 -0.544833 0.921524
2.210118 -0.544769 0.921523
2.212238 -0.544707 0.921524
2.214358 -0.544645 0.921525
2.216478 -0.544581 0.921523
2.218598 -0.544519 0.921524
2.220719 -0.544454 0.921523
2.222838 -0.544392 0.921524
2.224958 -0.544331 0.921525
2.227079 -0.544266 0.921523
2.229198 -0.544204 0.921524
2.231319 -0.544140 0.921523
2.233438 -0.544078 0.921524
2.235558 -0.544016 0.921525
2.237678 -0.543952 0.921523
2.239798 -0.543890 0.921524
2.241917 -0.543828 0.921525
2.244038 -0.543764 0.921524
2.246157 -0.543702 0.921525
2.248277 -0.543637 0.921523
2.250397 -0.543575 0.921524
2.252516 -0.543514 0.921525
2.254636 -0.543449 0.921523
2.256755 -0.543387 0.921524
2.258876 -0.543323 0.921523
2.260995 -0.543261 0.921524
2.263114 -0.543199 0.921525
2.265234 -0.543135 0.921523
2.267353 -0.543073 0.921524
2.269472 -0.543011 0.921525
2.271592 -0.542947 0.921524
2.273711 -0.542885 0.921525
2.275831 -0.542820 0.921523
2.277950 -0.542759 0.921524
2.280069 -0.542697 0.921525
2.282188 -0.542632 0.921524
2.284307 -0.542570 0.921525
2.286427 -0.542506 0.921523
2.275546 -0.570142 0.951217
2.274831 -0.575944 0.957502
2.275283 -0.579227 0.961086
2.275737 -0.582471 0.964627
2.276744 -0.584528 0.966896
2.277744 -0.586577 0.969156
2.278741 -0.588613 0.971401
2.279945 -0.590201 0.973167
2.281261 -0.591542 0.974667
2.282573 -0.592879 0.976163
2.283881 -0.594211 0.977654
2.154867 -0.573783 0.948313
2.159229 -0.566720 0.940751
2.167207 -0.548855 0.921522
2.169325 -0.548790 0.921520
2.171441 -0.548728 0.921521
2.173558 -0.548667 0.921522
2.175675 -0.548602 0.921520
2.177791 -0.548540 0.921521
2.179909 -0.548476 0.921520
2.182025 -0.548414 0.921521
2.184141 -0.548352 0.921522
2.186259 -0.548288 0.921520
2.188375 -0.548226 0.921521
2.190492 -0.548162 0.921520
2.192608 -0.548100 0.921521
2.194724 -0.548038 0.921522
2.196841 -0.547974 0.921520
2.198958 -0.547912 0.921521
2.201074 -0.547848 0.921520
2.203191 -0.547786 0.921521
2.205307 -0.547724 0.921522
2.207423 -0.547660 0.921520
2.209539 -0.547598 0.921521
2.211655 -0.547537 0.921522
2.213772 -0.547472 0.921521
2.215888 -0.547410 0.921522
2.218005 -0.547346 0.921520
2.220121 -0.547284 0.921521
2.222236 -0.547223 0.921522
2.224353 -0.547158 0.921520
2.226469 -0.547096 0.921521
2.228585 -0.547032 0.921520
2.230701 -0.546970 0.921521
2.232817 -0.546909 0.921522
2.234933 -0.546844 0.921520
2.237049 -0.546783 0.921521
2.239164 -0.546721 0.921522
2.241281 -0.546656 0.921521
2.243396 -0.546595 0.921522
2.245512 -0.546530 0.921520
2.247628 -0.546469 0.921521
2.249743 -0.546407 0.921522
2.251859 -0.546343 0.921521
2.253975 -0.546281 0.921522
2.256091 -0.546217 0.921520
2.258206 -0.546155 0.921521
2.260321 -0.546093 0.921522
2.262438 -0.546029 0.921520
2.264553 -0.545967 0.921521
2.266668 -0.545905 0.921522
2.268784 -0.545841 0.921521
2.270899 -0.545779 0.921522
2.273015 -0.545715 0.921520
2.275130 -0.545653 0.921521
2.277245 -0.545591 0.921522
2.279361 -0.545527 0.921521
2.281476 -0.545465 0.921522
2.283592 -0.545401 0.921520
2.285706 -0.545339 0.921521
2.275410 -0.571682 0.949922
2.275072 -0.576676 0.955359
2.275522 -0.579960 0.958955
2.276112 -0.582915 0.962198
2.277118 -0.584975 0.964477
2.278118 -0.587024 0.966745
2.279115 -0.589061 0.968999
2.280407 -0.590468 0.970575
2.281724 -0.591810 0.972082
2.283037 -0.593148 0.973584
2.284345 -0.594481 0.975080
2.155872 -0.571997 0.943412
2.164597 -0.551733 0.921519
2.166711 -0.551669 0.921517
2.168823 -0.551607 0.921518
2.170936 -0.551546 0.921519
2.173049 -0.551481 0.921518
2.175162 -0.551420 0.921519
2.177275 -0.551356 0.921517
2.179388 -0.551294 0.921518
2.181500 -0.551232 0.921519
2.183613 -0.551168 0.921517
2.185726 -0.551106 0.921518
2.187839 -0.551042 0.921517
2.189951 -0.550980 0.921518
2.192063 -0.550918 0.921519
2.194177 -0.550854 0.921517
2.196289 -0.550793 0.921518
2.198401 -0.550731 0.921519
2.200514 -0.550667 0.921518
2.202626 -0.550605 0.921519
2.204739 -0.550541 0.921517
2.206851 -0.550479 0.921518
2.208963 -0.550417 0.921519
2.211076 -0.550353 0.921518
2.213188 -0.550291 0.921519
2.215301 -0.550227 0.921517
2.217413 -0.550166 0.921518
2.219525 -0.550104 0.921519
2.221637 -0.550040 0.921518
2.223749 -0.549978 0.921519
2.225862 -0.549914 0.921517
2.227974 -0.549852 0.921518
2.230085 -0.549790 0.921519
2.232198 -0.549726 0.921517
2.234310 -0.549664 0.921518
2.236421 -0.549603 0.921519
2.238534 -0.549539 0.921518
2.240645 -0.549477 0.921519
2.242758 -0.549413 0.921517
2.244869 -0.549351 0.921518
2.246981 -0.549289 0.921519
2.249093 -0.549225 0.921518
2.251204 -0.549163 0.921519
2.253317 -0.549099 0.921517
2.255428 -0.549038 0.921518
2.257539 -0.548976 0.921519
2.259652 -0.548912 0.921518
2.261763 -0.548850 0.921519
2.263874 -0.548788 0.921520
2.265986 -0.548724 0.921518
2.268097 -0.548662 0.921519
2.270209 -0.548598 0.921518
2.272320 -0.548537 0.921519
2.274432 -0.548475 0.921520
2.276544 -0.548411 0.921518
2.278655 -0.548349 0.921519
2.280765 -0.548287 0.921520
2.282877 -0.548223 0.921518
2.284988 -0.548162 0.921519
2.275275 -0.573218 0.948626
2.275312 -0.577411 0.953215
2.275760 -0.580696 0.956825
2.276487 -0.583363 0.959767
2.277493 -0.585423 0.962054
2.278494 -0.587471 0.964328
2.279548 -0.589388 0.966460
2.280871 -0.590736 0.967978
2.282189 -0.592079 0.969491
2.283502 -0.593418 0.970999
2.284836 -0.594701 0.972447
2.157037 -0.569731 0.937966
2.164106 -0.554537 0.921514
2.166215 -0.554476 0.921515
2.168324 -0.554414 0.921516
2.170433 -0.554350 0.921515
2.172542 -0.554288 0.921516
2.174651 -0.554224 0.921514
2.176760 -0.554163 0.921515
2.178868 -0.554101 0.921516
2.180978 -0.554037 0.921515
2.183086 -0.553975 0.921516
2.185195 -0.553914 0.921517
2.187304 -0.553850 0.921515
2.189412 -0.553788 0.921516
2.191522 -0.553724 0.921515
2.193630 -0.553662 0.921516
2.195738 -0.553600 0.921517
2.197847 -0.553536 0.921515
2.199956 -0.553475 0.921516
2.202065 -0.553411 0.921514
2.204173 -0.553349 0.921515
2.206281 -0.553287 0.921516
2.208390 -0.553223 0.921515
2.210498 -0.553162 0.921516
2.212607 -0.553098 0.921514
2.214715 -0.553036 0.921515
2.216823 -0.552974 0.921516
2.218932 -0.552910 0.921515
2.221040 -0.552849 0.921516
2.223148 -0.552785 0.921514
2.225256 -0.552723 0.921515
2.227364 -0.552661 0.921516
2.229473 -0.552597 0.921515
2.231581 -0.552536 0.921516
2.233688 -0.552474 0.921517
2.235797 -0.552410 0.921515
2.237905 -0.552348 0.921516
2.240013 -0.552284 0.921514
2.242121 -0.552223 0.921515
2.244228 -0.552161 0.921516
2.246337 -0.552097 0.921515
2.248444 -0.552035 0.921516
2.250553 -0.551971 0.921514
2.252660 -0.551910 0.921515
2.254768 -0.551848 0.921516
2.256876 -0.551784 0.921515
2.258983 -0.551723 0.921516
2.261091 -0.551661 0.921517
2.263199 -0.551597 0.921515
2.265306 -0.551535 0.921516
2.267414 -0.551471 0.921515
2.269522 -0.551410 0.921516
2.271629 -0.551348 0.921517
2.273737 -0.551284 0.921515
2.275844 -0.551222 0.921516
2.277951 -0.551161 0.921517
2.280059 -0.551097 0.921516
2.282166 -0.551035 0.921517
2.276373 -0.567817 0.939754
2.275139 -0.574756 0.947333
2.275552 -0.578146 0.951069
2.275999 -0.581430 0.954689
2.276863 -0.583811 0.957331
2.277869 -0.585869 0.959625
2.278869 -0.587920 0.961909
2.280012 -0.589655 0.963851
2.281336 -0.591002 0.965373
2.282655 -0.592346 0.966893
2.283969 -0.593686 0.968406
2.285381 -0.594814 0.969690
2.459433 -0.471324 1.026442
2.445722 -0.474744 1.026337
2.448056 -0.474299 1.025999
2.450392 -0.473853 1.025660
2.452655 -0.473531 1.025429
2.454828 -0.473357 1.025329
2.457001 -0.473183 1.025230
2.459154 -0.473042 1.025160
2.461184 -0.473102 1.025266
2.463213 -0.473162 1.025373
2.465241 -0.473222 1.025480
2.467198 -0.473394 1.025686
2.469098 -0.473656 1.025971
2.470995 -0.473921 1.026258
2.440347 -0.478085 1.026391
2.442872 -0.477314 1.025762
2.445374 -0.476584 1.025171
2.447707 -0.476140 1.024832
2.450041 -0.475696 1.024492
2.452359 -0.475282 1.024180
2.454557 -0.475065 1.024042
2.456801 -0.474773 1.023838
2.459030 -0.474510 1.023659
2.460986 -0.474687 1.023870
2.462940 -0.474865 1.024081
2.464960 -0.474937 1.024199
2.466910 -0.475119 1.024414
2.468807 -0.475383 1.024702
2.470703 -0.475647 1.024989
2.472599 -0.475908 1.025274
2.474395 -0.476325 1.025697
2.476171 -0.476769 1.026143
2.437240 -0.481096 1.026218
2.439900 -0.480092 1.025380
2.442422 -0.479323 1.024751
2.444962 -0.478529 1.024101
2.447793 -0.477263 1.023030
2.450446 -0.476297 1.022227
2.452963 -0.475560 1.021627
2.455209 -0.475269 1.021422
2.457454 -0.474980 1.021220
2.459601 -0.474852 1.021161
2.461559 -0.475029 1.021373
2.463515 -0.475207 1.021584
2.465471 -0.475384 1.021796
2.467215 -0.475897 1.022305
2.468931 -0.476449 1.022850
2.470646 -0.476999 1.023392
2.472334 -0.477588 1.023969
2.474070 -0.478096 1.024473
2.475844 -0.478541 1.024923
2.477617 -0.478984 1.025369
2.479389 -0.479426 1.025815
2.481050 -0.480035 1.026410
2.433870 -0.484557 1.026456
2.436624 -0.483384 1.025465
2.439382 -0.482215 1.024477
2.442501 -0.480456 1.022964
2.445876 -0.478285 1.021084
2.448543 -0.477295 1.020256
2.451198 -0.476331 1.019452
2.453613 -0.475765 1.019002
2.455861 -0.475476 1.018799
2.458109 -0.475186 1.018596
2.460174 -0.475194 1.018658
2.462133 -0.475372 1.018870
2.464093 -0.475547 1.019081
2.465995 -0.475811 1.019371
2.467715 -0.476365 1.019918
2.469433 -0.476915 1.020463
2.471150 -0.477465 1.021007
2.472759 -0.478180 1.021697
2.474258 -0.479061 1.022536
2.475755 -0.479940 1.023374
2.477290 -0.480752 1.024151
2.479003 -0.481282 1.024676
2.480664 -0.481889 1.025270
2.482321 -0.482498 1.025866
2.433111 -0.487084 1.025927
2.436008 -0.485670 1.024717
2.439823 -0.482744 1.022155
2.443410 -0.480215 1.019948
2.446639 -0.478294 1.018285
2.449293 -0.477330 1.017478
2.451954 -0.476362 1.016668
2.454264 -0.475973 1.016374
2.456514 -0.475683 1.016170
2.458766 -0.475391 1.015964
2.460749 -0.475535 1.016148
2.462710 -0.475713 1.016361
2.464669 -0.475890 1.016575
2.466496 -0.476278 1.016976
2.468217 -0.476832 1.017526
2.469937 -0.477382 1.018072
2.471654 -0.477932 1.018618
2.473185 -0.478772 1.019423
2.474685 -0.479653 1.020265
2.476181 -0.480533 1.021105
2.477675 -0.481410 1.021943
2.478959 -0.482607 1.023067
2.480277 -0.483743 1.024135
2.481932 -0.484350 1.024732
2.483587 -0.484953 1.025325
2.485169 -0.485664 1.026013
2.430568 -0.489167 1.024954
2.432215 -0.489836 1.025608
2.435278 -0.488143 1.024143
2.440948 -0.482140 1.018811
2.444322 -0.479974 1.016923
2.447387 -0.478330 1.015503
2.450047 -0.477363 1.014690
2.452665 -0.476471 1.013945
2.454916 -0.476181 1.013741
2.457170 -0.475888 1.013533
2.459360 -0.475701 1.013421
2.461323 -0.475879 1.013635
2.463286 -0.476057 1.013850
2.465247 -0.476234 1.014064
2.466997 -0.476748 1.014580
2.468720 -0.477299 1.015129
2.470441 -0.477850 1.015678
2.472108 -0.478482 1.016299
2.473611 -0.479365 1.017145
2.475112 -0.480246 1.017990
2.476609 -0.481125 1.018833
2.478019 -0.482135 1.019792
2.479299 -0.483336 1.020924
2.480575 -0.484537 1.022054
2.481847 -0.485735 1.023182
2.483142 -0.486889 1.024270
2.484692 -0.487645 1.025002
2.486239 -0.488400 1.025732
2.429149 -0.492798 1.025433
2.431322 -0.492578 1.025290
2.437142 -0.486302 1.019694
2.441856 -0.481901 1.015786
2.445237 -0.479731 1.013888
2.448139 -0.478364 1.012712
2.450801 -0.477398 1.011898
2.453316 -0.476679 1.011307
2.455571 -0.476387 1.011099
2.457826 -0.476097 1.010893
2.459934 -0.476046 1.010903
2.461899 -0.476224 1.011118
2.463863 -0.476401 1.011334
2.465773 -0.476664 1.011625
2.467500 -0.477216 1.012177
2.469224 -0.477768 1.012728
2.470944 -0.478321 1.013281
2.472534 -0.479075 1.014015
2.474038 -0.479958 1.014864
2.475539 -0.480840 1.015712
2.477037 -0.481719 1.016558
2.478359 -0.482865 1.017644
2.479638 -0.484069 1.018781
2.480914 -0.485269 1.019915
2.482186 -0.486467 1.021046
2.483231 -0.488004 1.022483
2.484264 -0.489548 1.023925
2.485761 -0.490375 1.024723
2.487304 -0.491126 1.025452
2.488789 -0.491960 1.026256
2.428390 -0.495318 1.024924
2.429974 -0.496075 1.025662
2.438453 -0.485387 1.016062
2.442765 -0.481665 1.012754
2.446155 -0.479488 1.010844
2.448890 -0.478400 1.009916
2.451558 -0.477431 1.009096
2.453969 -0.476886 1.008660
2.456226 -0.476596 1.008454
2.458485 -0.476303 1.008245
2.460509 -0.476391 1.008380
2.462476 -0.476569 1.008596
2.464442 -0.476747 1.008813
2.466276 -0.477133 1.009217
2.468003 -0.477685 1.009771
2.469729 -0.478237 1.010324
2.471450 -0.478790 1.010879
2.472961 -0.479670 1.011729
2.474466 -0.480553 1.012581
2.475967 -0.481434 1.013431
2.477415 -0.482392 1.014351
2.478700 -0.483596 1.015493
2.479979 -0.484800 1.016634
2.481255 -0.486000 1.017771
2.482426 -0.487352 1.019046
2.483464 -0.488898 1.020496
2.484497 -0.490442 1.021942
2.485528 -0.491977 1.023382
2.486743 -0.493222 1.024559
2.488188 -0.494112 1.025417
2.489629 -0.495001 1.026272
2.427634 -0.497831 1.024416
2.428606 -0.499598 1.026073
2.439770 -0.484468 1.012413
2.443678 -0.481425 1.009710
2.446979 -0.479403 1.007934
2.449646 -0.478434 1.007111
2.452316 -0.477466 1.006290
2.454623 -0.477096 1.006010
2.456884 -0.476803 1.005801
2.459115 -0.476558 1.005635
2.461085 -0.476737 1.005853
2.463055 -0.476912 1.006068
2.465023 -0.477090 1.006285
2.466779 -0.477602 1.006804
2.468508 -0.478155 1.007360
2.470233 -0.478709 1.007918
2.471880 -0.479380 1.008582
2.473389 -0.480265 1.009439
2.474894 -0.481148 1.010294
2.476396 -0.482029 1.011147
2.477756 -0.483124 1.012194
2.479039 -0.484331 1.013342
2.480319 -0.485534 1.014486
2.481595 -0.486733 1.015628
2.482659 -0.488249 1.017054
2.483697 -0.489794 1.018508
2.484730 -0.491336 1.019958
2.485679 -0.492994 1.021514
2.486418 -0.494958 1.023346
2.487586 -0.496263 1.024581
2.489027 -0.497148 1.025436
2.490464 -0.498032 1.026290
2.427762 -0.502245 1.025701
2.430517 -0.501044 1.024663
2.444594 -0.481184 1.006657
2.447730 -0.479441 1.005127
2.450401 -0.478471 1.004301
2.453017 -0.477597 1.003563
2.455280 -0.477303 1.003352
2.457541 -0.477013 1.003144
2.459692 -0.476902 1.003100
2.461664 -0.477080 1.003318
2.463634 -0.477259 1.003536
2.465552 -0.477519 1.003829
2.467284 -0.478072 1.004388
2.469012 -0.478627 1.004949
2.470739 -0.479179 1.005506
2.472308 -0.479976 1.006286
2.473817 -0.480861 1.007146
2.475322 -0.481744 1.008004
2.476809 -0.482651 1.008884
2.478097 -0.483857 1.010036
2.479381 -0.485063 1.011187
2.480660 -0.486266 1.012335
2.481852 -0.487596 1.013598
2.482893 -0.489145 1.015061
2.483929 -0.490692 1.016520
2.484964 -0.492230 1.017973
2.485765 -0.494111 1.019735
2.486504 -0.496072 1.021571
2.487240 -0.498025 1.023399
2.488386 -0.499350 1.024656
2.489733 -0.500364 1.025632
2.427404 -0.504084 1.024600
2.428283 -0.505979 1.026384
2.445513 -0.480943 1.003593
2.448485 -0.479476 1.002312
2.451159 -0.478508 1.001484
2.453673 -0.477805 1.000900
2.455936 -0.477514 1.000691
2.458200 -0.477223 1.000482
2.460269 -0.477249 1.000562
2.462242 -0.477428 1.000781
2.464214 -0.477606 1.001000
2.466056 -0.477990 1.001407
2.467789 -0.478543 1.001968
2.469518 -0.479099 1.002531
2.471223 -0.479686 1.003123
2.472736 -0.480573 1.003988
2.474245 -0.481458 1.004850
2.475750 -0.482343 1.005714
2.477150 -0.483385 1.006719
2.478437 -0.484594 1.007877
2.479721 -0.485799 1.009032
2.481001 -0.487001 1.010183
2.482085 -0.488495 1.011600
2.483127 -0.490043 1.013066
2.484163 -0.491588 1.014530
2.485110 -0.493258 1.016106
2.485853 -0.495226 1.017954
2.486590 -0.497187 1.019796
2.487288 -0.499194 1.021680
2.487614 -0.501744 1.024057
2.488960 -0.502755 1.025032
2.490303 -0.503763 1.026005
2.431957 -0.494388 1.012885
2.430052 -0.500940 1.018941
2.427887 -0.507872 1.025343
2.429976 -0.507759 1.025295
2.449241 -0.479514 0.999491
2.451920 -0.478542 0.998658
2.454328 -0.478016 0.998233
2.456594 -0.477725 0.998024
2.458863 -0.477431 0.997811
2.460846 -0.477597 0.998020
2.462821 -0.477775 0.998240
2.464795 -0.477953 0.998459
2.466560 -0.478461 0.998981
2.468293 -0.479018 0.999546
2.470025 -0.479570 1.000109
2.471651 -0.480284 1.000818
2.473165 -0.481171 1.001686
2.474673 -0.482058 1.002554
2.476180 -0.482941 1.003418
2.477490 -0.484122 1.004554
2.478779 -0.485328 1.005714
2.480063 -0.486533 1.006872
2.481274 -0.487841 1.008124
2.482319 -0.489394 1.009599
2.483361 -0.490941 1.011070
2.484397 -0.492485 1.012538
2.485196 -0.494377 1.014323
2.485939 -0.496343 1.016175
2.486677 -0.498300 1.018019
2.487148 -0.500645 1.020218
2.487465 -0.503205 1.022613
2.488190 -0.505138 1.024435
2.489515 -0.506167 1.025429
2.431748 -0.495992 1.011541
2.430293 -0.501790 1.016924
2.429953 -0.505706 1.020577
2.428767 -0.510983 1.025480
2.431217 -0.510271 1.024882
2.452681 -0.478579 0.995826
2.454985 -0.478228 0.995561
2.457255 -0.477934 0.995348
2.459448 -0.477767 0.995251
2.461425 -0.477945 0.995472
2.463403 -0.478121 0.995691
2.465329 -0.478379 0.995985
2.467064 -0.478936 0.996553
2.468800 -0.479490 0.997118
2.470532 -0.480043 0.997683
2.472080 -0.480883 0.998510
2.473592 -0.481772 0.999383
2.475103 -0.482656 1.000252
2.476541 -0.483646 1.001217
2.477832 -0.484858 1.002385
2.479120 -0.486066 1.003550
2.480404 -0.487271 1.004712
2.481508 -0.488742 1.006118
2.482553 -0.490294 1.007598
2.483595 -0.491840 1.009073
2.484539 -0.493523 1.010672
2.485284 -0.495495 1.012537
2.486026 -0.497458 1.014393
2.486686 -0.499530 1.016350
2.487007 -0.502098 1.018760
2.487324 -0.504652 1.021158
2.487253 -0.507767 1.024069
2.488509 -0.508892 1.025155
2.489764 -0.510011 1.026236
2.431539 -0.497595 1.010198
2.430535 -0.502638 1.014903
2.430195 -0.506551 1.018566
2.430535 -0.509318 1.021172
2.429642 -0.514080 1.025616
2.432456 -0.512773 1.024468
2.455645 -0.478438 0.992881
2.457916 -0.478146 0.992669
2.460026 -0.478115 0.992698
2.462007 -0.478292 0.992918
2.463985 -0.478470 0.993139
2.465834 -0.478852 0.993549
2.467571 -0.479409 0.994119
2.469307 -0.479963 0.994687
2.470992 -0.480594 0.995324
2.472509 -0.481482 0.996200
2.474022 -0.482371 0.997075
2.475533 -0.483256 0.997947
2.476882 -0.484386 0.999044
2.478175 -0.485594 1.000214
2.479463 -0.486802 1.001383
2.480694 -0.488087 1.002623
2.481743 -0.489643 1.004112
2.482788 -0.491194 1.005595
2.483827 -0.492742 1.007076
2.484625 -0.494645 1.008884
2.485370 -0.496615 1.010753
2.486112 -0.498576 1.012614
2.486545 -0.500987 1.014889
2.486866 -0.503549 1.017302
2.487071 -0.506266 1.019857
2.486647 -0.509899 1.023255
2.487510 -0.511603 1.024878
2.488762 -0.512719 1.025959
2.431331 -0.499196 1.008857
2.430778 -0.503486 1.012881
2.430534 -0.507237 1.016406
2.430949 -0.509880 1.018907
2.431362 -0.512508 1.021392
2.430792 -0.516711 1.025335
2.432395 -0.517367 1.025996
2.458580 -0.478356 0.989982
2.460607 -0.478462 0.990138
2.462588 -0.478641 0.990361
2.464567 -0.478820 0.990583
2.466339 -0.479329 0.991111
2.468078 -0.479883 0.991682
2.469815 -0.480437 0.992251
2.471420 -0.481196 0.993010
2.472938 -0.482085 0.993888
2.474452 -0.482971 0.994764
2.475930 -0.483909 0.995688
2.477225 -0.485123 0.996867
2.478516 -0.486334 0.998043
2.479804 -0.487541 0.999215
2.480929 -0.488990 1.000610
2.481977 -0.490545 1.002103
2.483022 -0.492095 1.003591
2.483965 -0.493789 1.005212
2.484713 -0.495765 1.007094
2.485458 -0.497732 1.008967
2.486080 -0.499871 1.010998
2.486403 -0.502443 1.013428
2.486725 -0.505000 1.015845
2.486498 -0.508356 1.018999
2.486079 -0.511974 1.022394
2.486323 -0.514587 1.024861
2.487503 -0.515801 1.026037
2.431366 -0.500394 1.007143
2.431020 -0.504337 1.010859
2.430949 -0.507800 1.014128
2.431363 -0.510443 1.016637
2.431775 -0.513071 1.019131
2.432472 -0.515215 1.021176
2.432010 -0.519218 1.024946
2.433219 -0.520499 1.026190
2.461187 -0.478813 0.987575
2.463170 -0.478991 0.987799
2.465103 -0.479248 0.988094
2.466846 -0.479803 0.988668
2.468586 -0.480358 0.989240
2.470323 -0.480915 0.989814
2.471850 -0.481797 0.990690
2.473368 -0.482685 0.991571
2.474883 -0.483572 0.992450
2.476271 -0.484651 0.993508
2.477566 -0.485864 0.994690
2.478859 -0.487072 0.995867
2.480111 -0.488335 0.997094
2.481163 -0.489894 0.998597
2.482212 -0.491448 1.000094
2.483255 -0.492999 1.001588
2.484051 -0.494914 1.003419
2.484799 -0.496888 1.005305
2.485544 -0.498853 1.007182
2.485939 -0.501331 1.009534
2.486262 -0.503898 1.011969
2.486347 -0.506803 1.014716
2.485927 -0.510439 1.018139
2.484422 -0.515659 1.023030
2.484998 -0.517769 1.025040
2.486178 -0.518976 1.026213
2.433466 -0.494774 0.999023
2.431610 -0.501246 1.005107
2.431263 -0.505187 1.008834
2.431365 -0.508363 1.011847
2.431778 -0.511007 1.014365
2.432189 -0.513635 1.016868
2.432995 -0.515602 1.018755
2.433813 -0.517534 1.020609
2.433228 -0.521710 1.024552
2.434611 -0.522701 1.025530
2.436142 -0.523447 1.026280
2.465609 -0.479723 0.985645
2.467353 -0.480279 0.986220
2.469095 -0.480833 0.986794
2.470758 -0.481509 0.987480
2.472280 -0.482399 0.988366
2.473799 -0.483287 0.989251
2.475315 -0.484174 0.990133
2.476614 -0.485390 0.991322
2.477909 -0.486603 0.992508
2.479201 -0.487813 0.993691
2.480346 -0.489240 0.995075
2.481398 -0.490798 0.996582
2.482447 -0.492351 0.998083
2.483388 -0.494056 0.999726
2.484139 -0.496037 1.001624
2.484887 -0.498008 1.003514
2.485473 -0.500210 1.005618
2.485797 -0.502790 1.008072
2.486121 -0.505352 1.010510
2.485775 -0.508894 1.013858
2.485140 -0.512842 1.017583
2.482309 -0.520013 1.024303
2.483440 -0.521291 1.025546
2.485518 -0.521168 1.025487
2.433256 -0.496388 0.997677
2.431855 -0.502098 1.003069
2.431505 -0.506040 1.006809
2.431781 -0.508927 1.009563
2.432193 -0.511571 1.012090
2.432695 -0.514050 1.014462
2.433518 -0.515989 1.016329
2.434336 -0.517922 1.018191
2.435151 -0.519847 1.020044
2.436208 -0.521368 1.021520
2.436098 -0.524740 1.024725
2.437474 -0.525725 1.025700
2.467862 -0.480755 0.983768
2.469603 -0.481312 0.984347
2.471188 -0.482111 0.985151
2.472711 -0.483001 0.986040
2.474231 -0.483890 0.986927
2.475657 -0.484917 0.987944
2.476956 -0.486133 0.989137
2.478253 -0.487343 0.990324
2.479525 -0.488583 0.991539
2.480581 -0.490146 0.993055
2.481633 -0.491703 0.994566
2.482680 -0.493258 0.996073
2.483474 -0.495184 0.997928
2.484226 -0.497162 0.999831
2.484974 -0.499131 1.001724
2.485331 -0.501674 1.004153
2.485655 -0.504248 1.006611
2.485622 -0.507339 1.009550
2.485203 -0.510983 1.013004
2.483228 -0.516909 1.018587
2.480514 -0.523888 1.025150
2.481641 -0.525161 1.026392
2.433045 -0.498001 0.996331
2.432098 -0.502954 1.001033
2.431784 -0.506832 1.004726
2.432198 -0.509492 1.007276
2.432609 -0.512136 1.009811
2.433219 -0.514438 1.012025
2.434042 -0.516378 1.013899
2.434860 -0.518311 1.015768
2.435715 -0.520170 1.017566
2.436823 -0.521612 1.018973
2.437927 -0.523049 1.020375
2.439025 -0.524483 1.021775
2.439012 -0.527665 1.024811
2.440552 -0.528377 1.025534
2.442089 -0.529088 1.026255
2.473142 -0.483605 0.983711
2.474663 -0.484493 0.984601
2.476000 -0.485658 0.985750
2.477300 -0.486874 0.986947
2.478595 -0.488087 0.988140
2.479761 -0.489491 0.989513
2.480816 -0.491053 0.991034
2.481869 -0.492609 0.992548
2.482808 -0.494325 0.994213
2.483563 -0.496310 0.996128
2.484314 -0.498285 0.998034
2.484861 -0.500554 1.000215
2.485189 -0.503136 1.002689
2.485468 -0.505774 1.005214
2.485048 -0.509436 1.008698
2.475964 -0.525948 1.024204
2.477094 -0.527221 1.025451
2.478652 -0.527854 1.026098
2.481902 -0.525992 1.024412
2.432835 -0.499612 0.994988
2.432343 -0.503808 0.998992
2.432203 -0.507398 1.002426
2.432616 -0.510058 1.004986
2.433026 -0.512702 1.007529
2.433745 -0.514826 1.009583
2.434566 -0.516769 1.011467
2.435385 -0.518701 1.013341
2.436330 -0.520416 1.015009
2.437438 -0.521859 1.016422
2.438542 -0.523297 1.017830
2.439642 -0.524730 1.019233
2.440867 -0.525954 1.020440
2.442210 -0.526986 1.021466
2.442272 -0.530016 1.024370
2.443807 -0.530725 1.025092
2.445359 -0.531400 1.025782
2.447062 -0.531836 1.026247
2.477644 -0.487616 0.984755
2.478937 -0.488833 0.985957
2.479996 -0.490399 0.987486
2.481052 -0.491960 0.989010
2.482102 -0.493517 0.990532
2.482895 -0.495456 0.992410
2.483649 -0.497438 0.994329
2.484387 -0.499431 0.996259
2.484719 -0.502021 0.998748
2.485048 -0.504598 1.001226
2.470637 -0.529177 1.024361
2.471877 -0.530288 1.025459
2.473265 -0.531171 1.026344
2.475979 -0.530086 1.025381
2.432944 -0.500695 0.993148
2.432587 -0.504665 0.996953
2.432620 -0.507967 1.000126
2.433032 -0.510627 1.002694
2.433447 -0.513262 1.005237
2.434271 -0.515215 1.007137
2.435092 -0.517159 1.009029
2.435910 -0.519092 1.010909
2.436948 -0.520660 1.012445
2.438055 -0.522104 1.013864
2.439159 -0.523543 1.015278
2.440260 -0.524977 1.016687
2.441576 -0.526060 1.017764
2.442919 -0.527092 1.018794
2.444259 -0.528122 1.019821
2.445595 -0.529150 1.020846
2.447085 -0.529931 1.021639
2.447308 -0.532669 1.024276
2.449010 -0.533104 1.024742
2.450709 -0.533539 1.025208
2.452412 -0.533966 1.025666
2.454307 -0.534096 1.025844
2.456199 -0.534228 1.026024
2.458092 -0.534358 1.026202
2.459984 -0.534488 1.026380
2.462114 -0.534258 1.026220
2.464250 -0.534020 1.026051
2.466387 -0.533782 1.025882
2.468667 -0.533331 1.025513
2.471148 -0.532584 1.024866
2.473633 -0.531837 1.024217
2.434992 -0.495170 0.984990
2.433189 -0.501555 0.991096
2.432832 -0.505520 0.994909
2.433040 -0.508534 0.997821
2.433451 -0.511195 1.000397
2.433974 -0.513653 1.002782
2.434799 -0.515604 1.004687
2.435619 -0.517549 1.006586
2.436455 -0.519455 1.008446
2.437566 -0.520905 1.009876
2.438673 -0.522352 1.011302
2.439777 -0.523792 1.012722
2.440938 -0.525131 1.014046
2.442285 -0.526167 1.015083
2.443629 -0.527201 1.016118
2.444969 -0.528232 1.017150
2.446323 -0.529235 1.018155
2.447901 -0.529882 1.018823
2.449475 -0.530530 1.019492
2.451048 -0.531175 1.020158
2.452618 -0.531818 1.020823
2.454422 -0.532100 1.021145
2.456264 -0.532321 1.021410
2.458104 -0.532542 1.021675
2.458390 -0.535116 1.024166
2.460313 -0.535200 1.024301
2.462450 -0.534962 1.024132
2.466562 -0.531761 1.021162
2.469250 -0.530712 1.020226
2.472097 -0.529431 1.019072
2.475715 -0.527014 1.016843
2.434781 -0.496791 0.983640
2.433436 -0.502413 0.989040
2.433077 -0.506379 0.992866
2.433460 -0.509102 0.995512
2.433870 -0.511763 0.998097
2.434503 -0.514042 1.000320
2.435327 -0.515995 1.002232
2.436147 -0.517940 1.004138
2.437073 -0.519701 1.005867
2.438185 -0.521152 1.007303
2.439293 -0.522598 1.008733
2.440397 -0.524039 1.010159
2.441648 -0.525238 1.011354
2.442996 -0.526275 1.012396
2.444341 -0.527310 1.013435
2.445683 -0.528340 1.014469
2.447138 -0.529188 1.015331
2.448718 -0.529835 1.016002
2.450295 -0.530482 1.016672
2.451868 -0.531130 1.017343
2.453532 -0.531633 1.017877
2.455377 -0.531854 1.018144
2.457222 -0.532076 1.018410
2.459063 -0.532300 1.018679
2.461092 -0.532238 1.018677
2.463305 -0.531898 1.018411
2.465520 -0.531558 1.018145
2.467944 -0.530907 1.017583
2.470793 -0.529623 1.016422
2.473766 -0.528165 1.015096
2.478286 -0.524421 1.011602
2.434568 -0.498414 0.982292
2.433681 -0.503275 0.986985
2.433470 -0.506994 0.990589
2.433881 -0.509671 0.993200
2.434290 -0.512332 0.995794
2.435032 -0.514432 0.997854
2.435855 -0.516388 0.999776
2.436676 -0.518332 1.001686
2.437695 -0.519945 1.003281
2.438806 -0.521398 1.004722
2.439915 -0.522845 1.006159
2.441019 -0.524287 1.007590
2.442360 -0.525345 1.008655
2.443710 -0.526381 1.009700
2.445056 -0.527417 1.010743
2.446397 -0.528451 1.011785
2.447957 -0.529138 1.012496
2.449537 -0.529789 1.013173
2.451115 -0.530436 1.013846
2.452691 -0.531083 1.014519
2.454488 -0.531386 1.014865
2.456336 -0.531608 1.015133
2.458183 -0.531830 1.015401
2.460041 -0.532034 1.015651
2.462256 -0.531696 1.015386
2.464474 -0.531355 1.015118
2.466693 -0.531014 1.014850
2.469485 -0.529818 1.013768
2.472345 -0.528529 1.012599
2.476328 -0.525580 1.009849
2.434356 -0.500035 0.980946
2.433928 -0.504134 0.984926
2.433892 -0.507564 0.988265
2.434302 -0.510241 0.990884
2.434737 -0.512858 0.993446
2.435563 -0.514823 0.995383
2.436386 -0.516780 0.997312
2.437206 -0.518725 0.999230
2.438317 -0.520190 1.000689
2.439428 -0.521646 1.002139
2.440536 -0.523094 1.003581
2.441721 -0.524410 1.004896
2.443075 -0.525450 1.005948
2.444425 -0.526490 1.006999
2.445771 -0.527527 1.008048
2.447191 -0.528439 1.008977
2.448777 -0.529090 1.009656
2.450358 -0.529742 1.010336
2.451938 -0.530390 1.011013
2.453594 -0.530917 1.011573
2.455446 -0.531139 1.011842
2.457297 -0.531362 1.012112
2.459147 -0.531584 1.012381
2.461204 -0.531490 1.012348
2.463426 -0.531149 1.012079
2.465648 -0.530807 1.011810
2.468174 -0.530013 1.011108
2.471035 -0.528723 1.009934
2.474370 -0.526736 1.008094
2.434541 -0.501003 0.978975
2.434174 -0.504997 0.982868
2.434315 -0.508134 0.985938
2.434724 -0.510811 0.988566
2.435269 -0.513248 0.990963
2.436095 -0.515215 0.992908
2.436917 -0.517172 0.994844
2.437824 -0.518979 0.996636
2.438940 -0.520438 0.998094
2.440052 -0.521893 0.999548
2.441160 -0.523342 1.000996
2.442437 -0.524514 1.002178
2.443791 -0.525558 1.003236
2.445141 -0.526599 1.004292
2.446487 -0.527637 1.005345
2.448012 -0.528391 1.006126
2.449599 -0.529042 1.006808
2.451183 -0.529693 1.007489
2.452763 -0.530344 1.008171
2.454554 -0.530668 1.008539
2.456408 -0.530891 1.008810
2.458262 -0.531114 1.009081
2.460148 -0.531286 1.009303
2.462373 -0.530944 1.009032
2.464598 -0.530602 1.008762
2.466862 -0.530206 1.008440
2.469723 -0.528917 1.007262
2.472593 -0.527623 1.006080
2.476945 -0.524133 1.002794
2.436539 -0.495568 0.970778
2.434789 -0.501866 0.976902
2.434420 -0.505860 0.980808
2.434739 -0.508705 0.983607
2.435145 -0.511385 0.986246
2.435801 -0.513642 0.988478
2.436628 -0.515607 0.990428
2.437449 -0.517565 0.992372
2.438449 -0.519224 0.994027
2.439565 -0.520684 0.995491
2.440677 -0.522140 0.996951
2.441796 -0.523574 0.998389
2.443154 -0.524621 0.999455
2.444508 -0.525666 1.000518
2.445860 -0.526705 1.001576
2.447245 -0.527686 1.002578
2.448835 -0.528342 1.003266
2.450423 -0.528994 1.003952
2.452009 -0.529646 1.004636
2.453657 -0.530195 1.005223
2.455516 -0.530419 1.005495
2.457373 -0.530642 1.005768
2.459230 -0.530866 1.006041
2.461318 -0.530736 1.005973
2.463547 -0.530393 1.005701
2.465776 -0.530053 1.005432
2.468407 -0.529112 1.004585
2.471279 -0.527816 1.003397
2.474978 -0.525297 1.001033
2.436325 -0.497200 0.969425
2.435037 -0.502732 0.974830
2.434753 -0.506583 0.978610
2.435163 -0.509277 0.981273
2.435569 -0.511957 0.983921
2.436335 -0.514034 0.985987
2.437161 -0.516000 0.987944
2.437984 -0.517956 0.989893
2.439075 -0.519469 0.991413
2.440190 -0.520933 0.992885
2.441302 -0.522390 0.994351
2.442513 -0.523680 0.995655
2.443872 -0.524728 0.996725
2.445228 -0.525771 0.997791
2.446580 -0.526815 0.998856
2.448069 -0.527636 0.999707
2.449661 -0.528290 1.000397
2.451249 -0.528946 1.001088
2.452837 -0.529598 1.001776
2.454620 -0.529945 1.002168
2.456481 -0.530169 1.002442
2.458342 -0.530393 1.002716
2.460258 -0.530530 1.002906
2.462490 -0.530187 1.002633
2.464724 -0.529843 1.002360
2.467089 -0.529304 1.001898
2.469962 -0.528010 1.000707
2.473011 -0.526458 0.999269
2.477567 -0.522676 0.995679
2.442917 -0.451566 0.921614
2.445157 -0.451498 0.921612
2.447394 -0.451434 0.921613
2.449632 -0.451369 0.921614
2.451871 -0.451302 0.921612
2.454109 -0.451237 0.921613
2.456348 -0.451170 0.921612
2.458585 -0.451105 0.921613
2.460823 -0.451040 0.921614
2.463062 -0.450973 0.921612
2.436111 -0.498833 0.968075
2.435286 -0.503597 0.972754
2.435179 -0.507156 0.976264
2.435588 -0.509850 0.978935
2.436042 -0.512449 0.981514
2.436870 -0.514427 0.983491
2.437695 -0.516396 0.985458
2.438581 -0.518249 0.987314
2.439702 -0.519717 0.988795
2.440818 -0.521180 0.990272
2.441930 -0.522638 0.991743
2.443234 -0.523783 0.992911
2.444593 -0.524833 0.993987
2.445949 -0.525880 0.995059
2.447301 -0.526924 0.996129
2.448894 -0.527585 0.996828
2.450488 -0.528241 0.997522
2.452080 -0.528895 0.998214
2.453721 -0.529469 0.998827
2.455586 -0.529693 0.999103
2.457450 -0.529918 0.999379
2.459313 -0.530142 0.999654
2.461430 -0.529979 0.999555
2.463668 -0.529635 0.999280
2.465906 -0.529291 0.999005
2.468643 -0.528202 0.998009
2.471524 -0.526902 0.996810
2.475592 -0.523842 0.993907
2.527951 -0.449069 0.921613
2.530190 -0.449001 0.921612
2.532426 -0.448937 0.921613
2.534662 -0.448872 0.921614
2.536900 -0.448805 0.921612
2.539137 -0.448740 0.921613
2.541375 -0.448673 0.921611
2.543611 -0.448608 0.921612
2.545847 -0.448544 0.921614
2.548085 -0.448476 0.921612
2.550321 -0.448412 0.921613
2.552559 -0.448344 0.921611
2.554795 -0.448280 0.921612
2.557032 -0.448212 0.921611
2.559268 -0.448148 0.921612
2.561504 -0.448083 0.921613
2.441849 -0.454736 0.921609
2.444082 -0.454671 0.921610
2.446315 -0.454607 0.921611
2.448550 -0.454540 0.921609
2.450783 -0.454475 0.921610
2.453018 -0.454408 0.921609
2.455251 -0.454343 0.921610
2.457484 -0.454279 0.921611
2.459719 -0.454211 0.921609
2.461952 -0.454147 0.921610
2.435909 -0.500444 0.966707
2.435534 -0.504465 0.970679
2.435605 -0.507729 0.973914
2.436011 -0.510426 0.976597
2.436579 -0.512842 0.979006
2.437406 -0.514820 0.980990
2.438232 -0.516788 0.982963
2.439210 -0.518495 0.984682
2.440331 -0.519964 0.986170
2.441447 -0.521428 0.987652
2.442591 -0.522837 0.989081
2.443955 -0.523890 0.990164
2.445315 -0.524941 0.991244
2.446671 -0.525989 0.992321
2.448126 -0.526875 0.993242
2.449723 -0.527535 0.993942
2.451318 -0.528192 0.994638
2.452911 -0.528847 0.995334
2.454688 -0.529214 0.995749
2.456555 -0.529441 0.996028
2.458422 -0.529666 0.996306
2.460368 -0.529769 0.996464
2.462609 -0.529424 0.996187
2.464851 -0.529079 0.995911
2.467319 -0.528396 0.995307
2.470204 -0.527093 0.994100
2.473616 -0.525011 0.992137
2.524482 -0.452310 0.921610
2.526716 -0.452243 0.921608
2.528948 -0.452178 0.921609
2.531179 -0.452114 0.921610
2.533413 -0.452047 0.921609
2.535645 -0.451982 0.921610
2.537879 -0.451915 0.921608
2.540110 -0.451850 0.921609
2.542342 -0.451786 0.921610
2.544576 -0.451719 0.921609
2.546807 -0.451654 0.921610
2.549041 -0.451587 0.921608
2.551273 -0.451522 0.921609
2.553506 -0.451455 0.921607
2.555738 -0.451391 0.921609
2.557969 -0.451326 0.921610
2.560202 -0.451259 0.921608
2.440782 -0.457896 0.921607
2.443011 -0.457832 0.921608
2.445242 -0.457765 0.921606
2.447471 -0.457700 0.921607
2.449701 -0.457633 0.921605
2.451930 -0.457569 0.921606
2.454159 -0.457504 0.921608
2.456389 -0.457437 0.921606
2.458618 -0.457373 0.921607
2.460848 -0.457306 0.921605
2.436158 -0.501315 0.964619
2.435782 -0.505333 0.968602
2.436031 -0.508306 0.971563
2.436437 -0.511000 0.974253
2.437115 -0.513237 0.976496
2.437943 -0.515215 0.978485
2.438768 -0.517183 0.980465
2.439839 -0.518743 0.982047
2.440960 -0.520213 0.983541
2.442076 -0.521678 0.985029
2.443313 -0.522942 0.986321
2.444677 -0.523997 0.987409
2.446039 -0.525046 0.988492
2.447395 -0.526098 0.989576
2.448955 -0.526824 0.990343
2.450554 -0.527482 0.991045
2.452150 -0.528142 0.991747
2.453786 -0.528735 0.992383
2.455658 -0.528960 0.992662
2.457527 -0.529188 0.992944
2.459397 -0.529414 0.993222
2.461545 -0.529215 0.993087
2.463791 -0.528869 0.992809
2.466038 -0.528523 0.992531
2.468879 -0.527287 0.991386
2.471772 -0.525981 0.990172
2.476213 -0.522375 0.986718
2.523255 -0.455472 0.921605
2.525483 -0.455407 0.921606
2.527710 -0.455343 0.921607
2.529940 -0.455276 0.921606
2.532167 -0.455211 0.921607
2.534397 -0.455144 0.921605
2.536624 -0.455080 0.921606
2.538851 -0.455016 0.921607
2.541081 -0.454948 0.921606
2.543308 -0.454884 0.921607
2.545537 -0.454817 0.921605
2.547764 -0.454752 0.921606
2.549993 -0.454685 0.921604
2.552221 -0.454621 0.921605
2.554448 -0.454557 0.921606
2.556677 -0.454489 0.921605
2.558904 -0.454425 0.921606
2.439721 -0.461045 0.921605
2.441947 -0.460978 0.921603
2.444171 -0.460913 0.921604
2.446397 -0.460846 0.921602
2.448622 -0.460782 0.921603
2.450846 -0.460717 0.921604
2.453072 -0.460650 0.921603
2.455297 -0.460586 0.921604
2.457523 -0.460519 0.921602
2.438105 -0.495972 0.956384
2.436409 -0.502183 0.962527
2.436050 -0.506169 0.966491
2.436458 -0.508881 0.969207
2.436862 -0.511578 0.971908
2.437653 -0.513631 0.973979
2.438481 -0.515609 0.975975
2.439347 -0.517513 0.977899
2.440471 -0.518989 0.979404
2.441592 -0.520461 0.980904
2.442708 -0.521927 0.982399
2.444037 -0.523048 0.983555
2.445403 -0.524101 0.984645
2.446765 -0.525154 0.985735
2.448182 -0.526112 0.986731
2.449786 -0.526772 0.987437
2.451387 -0.527432 0.988142
2.452984 -0.528092 0.988847
2.454756 -0.528480 0.989286
2.456629 -0.528708 0.989568
2.458503 -0.528934 0.989849
2.460478 -0.529004 0.989976
2.462727 -0.528658 0.989697
2.464977 -0.528312 0.989417
2.467550 -0.527481 0.988665
2.470447 -0.526172 0.987444
2.474227 -0.523549 0.984940
2.519808 -0.458688 0.921602
2.522032 -0.458624 0.921603
2.524255 -0.458560 0.921604
2.526480 -0.458492 0.921602
2.528703 -0.458428 0.921604
2.530928 -0.458361 0.921602
2.533151 -0.458297 0.921603
2.535374 -0.458233 0.921604
2.537599 -0.458166 0.921602
2.539822 -0.458101 0.921603
2.542047 -0.458034 0.921602
2.544270 -0.457970 0.921603
2.546495 -0.457903 0.921601
2.548717 -0.457839 0.921602
2.550940 -0.457774 0.921603
2.553165 -0.457707 0.921602
2.555388 -0.457643 0.921603
2.557612 -0.457576 0.921601
2.438664 -0.464178 0.921600
2.440885 -0.464113 0.921601
2.443106 -0.464046 0.921599
2.445327 -0.463982 0.921600
2.447547 -0.463918 0.921601
2.449768 -0.463851 0.921600
2.451988 -0.463787 0.921601
2.454210 -0.463720 0.921599
2.456430 -0.463656 0.921600
2.437890 -0.497614 0.955028
2.436659 -0.503056 0.960436
2.436479 -0.506745 0.964122
2.436887 -0.509457 0.966847
2.437363 -0.512036 0.969441
2.438193 -0.514026 0.971457
2.439020 -0.516005 0.973461
2.439980 -0.517759 0.975244
2.441104 -0.519236 0.976755
2.442225 -0.520709 0.978261
2.443393 -0.522094 0.979682
2.444764 -0.523152 0.980780
2.446129 -0.524208 0.981877
2.447491 -0.525262 0.982972
2.449016 -0.526056 0.983811
2.450619 -0.526720 0.984523
2.452222 -0.527381 0.985231
2.453850 -0.527997 0.985895
2.455729 -0.528224 0.986178
2.457605 -0.528453 0.986462
2.459481 -0.528680 0.986744
2.461661 -0.528444 0.986572
2.463915 -0.528097 0.986291
2.466219 -0.527676 0.985938
2.469117 -0.526365 0.984711
2.472241 -0.524723 0.983161
2.516375 -0.461892 0.921599
2.518594 -0.461828 0.921600
2.520813 -0.461763 0.921601
2.523033 -0.461697 0.921599
2.525252 -0.461632 0.921600
2.527473 -0.461565 0.921599
2.529692 -0.461501 0.921600
2.531911 -0.461437 0.921601
2.534131 -0.461370 0.921599
2.536350 -0.461306 0.921600
2.538570 -0.461239 0.921599
2.540789 -0.461175 0.921600
2.543007 -0.461111 0.921601
2.545228 -0.461044 0.921599
2.547446 -0.460980 0.921600
2.549667 -0.460913 0.921598
2.551885 -0.460848 0.921600
2.554106 -0.460781 0.921598
2.556324 -0.460717 0.921599
2.437611 -0.467301 0.921598
2.439828 -0.467234 0.921596
2.442044 -0.467170 0.921597
2.444260 -0.467106 0.921598
2.446477 -0.467039 0.921596
2.448693 -0.466975 0.921598
2.450910 -0.466908 0.921596
2.453126 -0.466844 0.921597
2.455342 -0.466780 0.921598
2.437673 -0.499257 0.953677
2.436909 -0.503928 0.958343
2.436909 -0.507322 0.961750
2.437314 -0.510036 0.964486
2.437904 -0.512430 0.966907
2.438733 -0.514421 0.968931
2.439560 -0.516401 0.970942
2.440613 -0.518007 0.972586
2.441737 -0.519486 0.974103
2.442859 -0.520957 0.975613
2.444121 -0.522197 0.976895
2.445491 -0.523258 0.978000
2.446857 -0.524316 0.979102
2.448240 -0.525340 0.980171
2.449850 -0.526004 0.980885
2.451457 -0.526666 0.981598
2.453060 -0.527330 0.982311
2.454824 -0.527741 0.982776
2.456705 -0.527968 0.983059
2.458584 -0.528197 0.983345
2.460590 -0.528232 0.983439
2.462847 -0.527884 0.983157
2.465106 -0.527536 0.982874
2.467783 -0.526559 0.981972
2.470689 -0.525246 0.980740
2.474844 -0.522074 0.977678
2.515169 -0.465019 0.921597
2.517384 -0.464955 0.921598
2.519601 -0.464888 0.921596
2.521815 -0.464824 0.921597
2.524031 -0.464757 0.921596
2.526246 -0.464693 0.921597
2.528460 -0.464629 0.921598
2.530677 -0.464562 0.921596
2.532891 -0.464498 0.921597
2.535107 -0.464431 0.921595
2.537322 -0.464367 0.921597
2.539536 -0.464303 0.921598
2.541752 -0.464236 0.921596
2.543966 -0.464172 0.921597
2.546182 -0.464105 0.921595
2.548396 -0.464041 0.921596
2.550610 -0.463977 0.921597
2.552826 -0.463910 0.921596
2.555040 -0.463846 0.921597
2.436563 -0.470410 0.921593
2.438774 -0.470346 0.921594
2.440986 -0.470282 0.921595
2.443199 -0.470215 0.921593
2.445411 -0.470151 0.921594
2.447624 -0.470084 0.921593
2.449835 -0.470020 0.921594
2.452046 -0.469956 0.921595
2.454259 -0.469889 0.921593
2.437545 -0.500754 0.952184
2.437159 -0.504802 0.956249
2.437340 -0.507899 0.959374
2.437743 -0.510613 0.962120
2.438444 -0.512828 0.964371
2.439275 -0.514818 0.966400
2.440120 -0.516769 0.968390
2.441248 -0.518254 0.969919
2.442373 -0.519734 0.971443
2.443494 -0.521209 0.972962
2.444849 -0.522303 0.974103
2.446220 -0.523364 0.975213
2.447587 -0.524424 0.976321
2.449075 -0.525286 0.977233
2.450686 -0.525951 0.977951
2.452295 -0.526614 0.978667
2.453915 -0.527255 0.979360
2.455801 -0.527483 0.979645
2.457683 -0.527713 0.979933
2.459567 -0.527941 0.980218
2.461776 -0.527671 0.980012
2.464038 -0.527322 0.979728
2.466448 -0.526751 0.979224
2.469356 -0.525436 0.977986
2.472849 -0.523253 0.975891
2.511758 -0.468198 0.921594
2.513969 -0.468134 0.921595
2.516181 -0.468067 0.921593
2.518391 -0.468003 0.921594
2.520603 -0.467937 0.921592
2.522813 -0.467873 0.921594
2.525024 -0.467809 0.921595
2.527236 -0.467742 0.921593
2.529446 -0.467678 0.921594
2.531658 -0.467611 0.921592
2.533868 -0.467547 0.921593
2.536078 -0.467483 0.921594
2.538290 -0.467417 0.921593
2.540499 -0.467353 0.921594
2.542711 -0.467286 0.921592
2.544921 -0.467222 0.921593
2.547131 -0.467158 0.921594
2.549343 -0.467091 0.921593
2.551552 -0.467027 0.921594
2.553764 -0.466960 0.921592
2.435517 -0.473509 0.921591
2.437726 -0.473442 0.921589
2.439934 -0.473378 0.921590
2.442141 -0.473314 0.921591
2.444350 -0.473248 0.921590
2.446557 -0.473184 0.921591
2.448764 -0.473120 0.921592
2.450972 -0.473053 0.921590
2.453179 -0.472989 0.921591
2.437796 -0.501630 0.950077
2.437409 -0.505676 0.954153
2.437771 -0.508477 0.956995
2.438172 -0.511194 0.959752
2.438987 -0.513224 0.961827
2.439817 -0.515214 0.963864
2.440757 -0.517015 0.965712
2.441885 -0.518501 0.967247
2.443010 -0.519983 0.968777
2.444205 -0.521342 0.970187
2.445581 -0.522406 0.971303
2.446952 -0.523469 0.972418
2.448319 -0.524531 0.973532
2.449914 -0.525229 0.974285
2.451526 -0.525897 0.975008
2.453136 -0.526562 0.975727
2.454892 -0.526996 0.976218
2.456781 -0.527224 0.976505
2.458666 -0.527455 0.976794
2.460703 -0.527454 0.976854
2.462968 -0.527105 0.976568
2.465235 -0.526755 0.976282
2.468018 -0.525630 0.975228
2.470936 -0.524310 0.973981
2.475465 -0.520588 0.970354
2.510567 -0.471301 0.921592
2.512775 -0.471234 0.921590
2.514981 -0.471170 0.921591
2.517188 -0.471104 0.921589
2.519394 -0.471040 0.921590
2.521600 -0.470976 0.921591
2.523808 -0.470909 0.921590
2.526014 -0.470845 0.921591
2.528222 -0.470779 0.921589
2.530427 -0.470715 0.921590
2.532633 -0.470651 0.921591
2.534841 -0.470584 0.921590
2.537046 -0.470520 0.921591
2.539254 -0.470454 0.921589
2.541459 -0.470390 0.921590
2.543665 -0.470326 0.921591
2.545872 -0.470260 0.921590
2.548078 -0.470196 0.921591
2.550285 -0.470129 0.921589
2.552491 -0.470065 0.921590
2.434478 -0.476593 0.921586
2.436681 -0.476530 0.921587
2.438884 -0.476466 0.921588
2.441088 -0.476399 0.921587
2.443291 -0.476335 0.921588
2.445494 -0.476272 0.921589
2.447698 -0.476205 0.921587
2.449901 -0.476141 0.921588
2.439692 -0.496381 0.941804
2.438050 -0.502505 0.947965
2.437797 -0.506327 0.951833
2.438201 -0.509059 0.954615
2.438699 -0.511617 0.957223
2.439531 -0.513620 0.959280
2.440362 -0.515610 0.961321
2.441393 -0.517264 0.963030
2.442522 -0.518752 0.964572
2.443649 -0.520232 0.966106
2.444937 -0.521445 0.967374
2.446313 -0.522512 0.968497
2.447683 -0.523578 0.969619
2.449137 -0.524507 0.970605
2.450754 -0.525175 0.971330
2.452368 -0.525842 0.972054
2.453980 -0.526507 0.972777
2.455873 -0.526736 0.973066
2.457764 -0.526965 0.973354
2.459652 -0.527196 0.973645
2.461893 -0.526889 0.973401
2.464164 -0.526539 0.973113
2.466678 -0.525822 0.972461
2.469598 -0.524500 0.971209
2.473463 -0.521770 0.968555
2.507178 -0.474455 0.921588
2.509381 -0.474389 0.921587
2.511583 -0.474325 0.921588
2.513787 -0.474258 0.921586
2.515988 -0.474195 0.921587
2.518190 -0.474131 0.921588
2.520394 -0.474064 0.921587
2.522595 -0.474001 0.921588
2.524799 -0.473934 0.921586
2.527000 -0.473870 0.921587
2.529202 -0.473806 0.921588
2.531405 -0.473740 0.921587
2.533606 -0.473676 0.921588
2.535810 -0.473610 0.921586
2.538011 -0.473546 0.921587
2.540212 -0.473482 0.921588
2.542416 -0.473416 0.921587
2.544617 -0.473352 0.921588
2.546820 -0.473285 0.921586
2.549021 -0.473222 0.921587
2.551224 -0.473155 0.921585
2.433440 -0.479669 0.921584
2.435639 -0.479605 0.921585
2.437839 -0.479538 0.921583
2.440038 -0.479475 0.921585
2.442237 -0.479411 0.921586
2.444437 -0.479345 0.921584
2.446635 -0.479281 0.921585
2.448836 -0.479214 0.921583
2.439472 -0.498035 0.940450
2.438302 -0.503383 0.945855
2.438230 -0.506907 0.949438
2.438632 -0.509641 0.952231
2.439245 -0.512013 0.954663
2.440078 -0.514015 0.956724
2.440907 -0.516008 0.958776
2.442033 -0.517512 0.960340
2.443162 -0.519000 0.961888
2.444290 -0.520479 0.963426
2.445670 -0.521550 0.964557
2.447046 -0.522618 0.965685
2.448418 -0.523686 0.966812
2.449977 -0.524452 0.967638
2.451596 -0.525121 0.968367
2.453212 -0.525788 0.969095
2.454961 -0.526246 0.969613
2.456857 -0.526475 0.969903
2.458749 -0.526707 0.970196
2.460815 -0.526673 0.970222
2.463089 -0.526322 0.969934
2.465366 -0.525968 0.969642
2.468256 -0.524691 0.968430
2.471459 -0.522954 0.966759
2.503802 -0.477597 0.921585
2.506001 -0.477531 0.921584
2.508199 -0.477467 0.921585
2.510396 -0.477404 0.921586
2.512596 -0.477337 0.921584
2.514793 -0.477274 0.921585
2.516992 -0.477207 0.921584
2.519190 -0.477143 0.921585
2.521389 -0.477077 0.921583
2.523586 -0.477013 0.921584
2.525784 -0.476950 0.921585
2.527983 -0.476883 0.921584
2.530180 -0.476820 0.921585
2.532379 -0.476753 0.921583
2.534576 -0.476690 0.921584
2.536773 -0.476626 0.921585
2.538972 -0.476560 0.921583
2.541169 -0.476496 0.921584
2.543368 -0.476429 0.921583
2.545565 -0.476366 0.921584
2.547762 -0.476302 0.921585
2.549961 -0.476236 0.921583
2.432407 -0.482732 0.921582
2.434603 -0.482666 0.921580
2.436798 -0.482602 0.921581
2.438992 -0.482538 0.921582
2.441188 -0.482472 0.921581
2.443382 -0.482408 0.921582
2.445578 -0.482342 0.921580
2.447772 -0.482278 0.921581
2.439255 -0.499686 0.939094
2.438554 -0.504261 0.943743
2.438664 -0.507488 0.947039
2.439065 -0.510222 0.949842
2.439790 -0.512413 0.952100
2.440623 -0.514413 0.954167
2.441541 -0.516264 0.956084
2.442674 -0.517759 0.957644
2.443803 -0.519249 0.959199
2.445024 -0.520583 0.960597
2.446405 -0.521655 0.961732
2.447782 -0.522724 0.962865
2.449199 -0.523723 0.963928
2.450822 -0.524394 0.964661
2.452441 -0.525066 0.965396
2.454057 -0.525737 0.966129
2.455945 -0.525984 0.966438
2.457843 -0.526214 0.966730
2.459739 -0.526446 0.967024
2.462011 -0.526102 0.966741
2.464290 -0.525750 0.966450
2.466910 -0.524885 0.965646
2.469840 -0.523560 0.964382
2.474080 -0.520276 0.961157
2.502634 -0.480661 0.921581
2.504828 -0.480598 0.921582
2.507021 -0.480534 0.921583
2.509216 -0.480468 0.921581
2.511409 -0.480404 0.921582
2.513604 -0.480338 0.921581
2.515798 -0.480274 0.921582
2.517991 -0.480211 0.921583
2.520186 -0.480144 0.921581
2.522379 -0.480081 0.921582
2.524574 -0.480015 0.921580
2.526767 -0.479951 0.921582
2.528961 -0.479885 0.921580
2.531154 -0.479821 0.921581
2.533347 -0.479758 0.921582
2.535542 -0.479691 0.921580
2.537735 -0.479628 0.921581
2.539929 -0.479561 0.921580
2.542122 -0.479498 0.921581
2.544315 -0.479434 0.921582
2.546509 -0.479368 0.921580
2.548702 -0.479304 0.921581
2.431379 -0.485781 0.921577
2.433570 -0.485717 0.921578
2.435760 -0.485654 0.921579
2.437952 -0.485587 0.921578
2.440142 -0.485524 0.921579
2.442333 -0.485458 0.921577
2.444523 -0.485394 0.921578
2.446713 -0.485331 0.921579
2.439202 -0.501068 0.937470
2.438806 -0.505141 0.941629
2.439097 -0.508071 0.944639
2.439503 -0.510796 0.947441
2.440339 -0.512809 0.949528
2.441170 -0.514812 0.951605
2.442182 -0.516514 0.953378
2.443315 -0.518010 0.954945
2.444446 -0.519499 0.956503
2.445760 -0.520687 0.957760
2.447141 -0.521760 0.958901
2.448519 -0.522831 0.960039
2.450043 -0.523666 0.960941
2.451667 -0.524338 0.961678
2.453288 -0.525011 0.962416
2.455031 -0.525490 0.962959
2.456933 -0.525721 0.963253
2.458834 -0.525951 0.963546
2.460929 -0.525883 0.963540
2.463212 -0.525531 0.963247
2.465561 -0.525079 0.962856
2.468493 -0.523750 0.961583
2.472069 -0.521463 0.959349
2.499280 -0.483779 0.921578
2.501470 -0.483716 0.921579
2.503659 -0.483652 0.921580
2.505850 -0.483586 0.921578
2.508039 -0.483523 0.921579
2.510229 -0.483457 0.921578
2.512418 -0.483393 0.921579
2.514607 -0.483330 0.921580
2.516798 -0.483263 0.921578
2.518987 -0.483200 0.921579
2.521178 -0.483134 0.921577
2.523366 -0.483070 0.921578
2.525557 -0.483004 0.921577
2.527746 -0.482941 0.921578
2.529934 -0.482877 0.921579
2.532125 -0.482811 0.921577
2.534313 -0.482748 0.921578
2.536504 -0.482681 0.921577
2.538692 -0.482618 0.921578
2.540881 -0.482554 0.921579
2.543071 -0.482488 0.921577
2.545260 -0.482425 0.921578
2.547450 -0.482359 0.921577
2.430354 -0.488820 0.921575
2.432540 -0.488757 0.921576
2.434728 -0.488691 0.921575
2.436914 -0.488627 0.921576
2.439101 -0.488561 0.921574
2.441287 -0.488498 0.921575
2.443473 -0.488434 0.921576
2.445660 -0.488368 0.921575
2.439456 -0.501950 0.935343
2.439131 -0.505904 0.939396
2.439531 -0.508656 0.942236
2.440052 -0.511193 0.944859
2.440887 -0.513207 0.946953
2.441718 -0.515212 0.949038
2.442826 -0.516762 0.950664
2.443959 -0.518259 0.952237
2.445113 -0.519712 0.953765
2.446499 -0.520789 0.954914
2.447880 -0.521866 0.956063
2.449261 -0.522933 0.957201
2.450889 -0.523609 0.957945
2.452515 -0.524282 0.958686
2.454137 -0.524956 0.959427
2.456019 -0.525226 0.959762
2.457924 -0.525457 0.960057
2.459843 -0.525664 0.960327
2.462129 -0.525311 0.960034
2.464418 -0.524955 0.959738
2.467144 -0.523941 0.958778
2.470085 -0.522609 0.957499
2.495939 -0.486886 0.921575
2.498124 -0.486822 0.921576
2.500309 -0.486759 0.921577
2.502496 -0.486693 0.921575
2.504681 -0.486629 0.921576
2.506867 -0.486563 0.921574
2.509052 -0.486500 0.921576
2.511237 -0.486437 0.921577
2.513423 -0.486370 0.921575
2.515608 -0.486307 0.921576
2.517795 -0.486241 0.921574
2.519979 -0.486178 0.921575
2.522166 -0.486112 0.921574
2.524350 -0.486048 0.921575
2.526535 -0.485985 0.921576
2.528721 -0.485919 0.921574
2.530905 -0.485855 0.921575
2.533092 -0.485789 0.921574
2.535276 -0.485726 0.921575
2.537460 -0.485663 0.921576
2.539647 -0.485596 0.921574
2.541831 -0.485533 0.921575
2.544017 -0.485467 0.921574
2.546201 -0.485404 0.921575
2.429333 -0.491848 0.921573
2.431516 -0.491782 0.921572
2.433698 -0.491719 0.921573
2.435881 -0.491653 0.921571
2.438063 -0.491590 0.921572
2.440245 -0.491526 0.921573
2.442428 -0.491460 0.921572
2.441299 -0.496795 0.927037
2.439710 -0.502833 0.933214
2.439566 -0.506490 0.936980
2.439967 -0.509239 0.939826
2.440602 -0.511592 0.942271
2.441436 -0.513607 0.944374
2.442334 -0.515506 0.946359
2.443471 -0.517010 0.947944
2.444604 -0.518508 0.949524
2.445852 -0.519816 0.950909
2.447238 -0.520894 0.952063
2.448620 -0.521972 0.953217
2.450108 -0.522875 0.954193
2.451739 -0.523550 0.954938
2.453366 -0.524226 0.955685
2.455101 -0.524729 0.956257
2.457010 -0.524961 0.956554
2.458918 -0.525193 0.956850
2.461044 -0.525088 0.956807
2.463335 -0.524734 0.956512
2.465789 -0.524135 0.955969
2.468734 -0.522799 0.954681
2.472683 -0.519960 0.951875
2.494792 -0.489917 0.921573
2.496973 -0.489853 0.921574
2.499155 -0.489787 0.921572
2.501336 -0.489724 0.921573
2.503518 -0.489658 0.921571
2.505699 -0.489595 0.921572
2.507879 -0.489532 0.921574
2.510062 -0.489466 0.921572
2.512242 -0.489402 0.921573
2.514425 -0.489336 0.921571
2.516605 -0.489273 0.921572
2.518787 -0.489207 0.921571
2.520968 -0.489144 0.921572
2.523148 -0.489080 0.921573
2.525330 -0.489015 0.921571
2.527510 -0.488951 0.921572
2.529693 -0.488885 0.921571
2.531873 -0.488822 0.921572
2.534053 -0.488759 0.921573
2.536235 -0.488693 0.921571
2.538415 -0.488629 0.921572
2.540597 -0.488564 0.921571
2.542777 -0.488500 0.921572
2.544957 -0.488437 0.921573
2.428317 -0.494862 0.921569
2.430494 -0.494799 0.921570
2.432674 -0.494733 0.921568
2.434851 -0.494669 0.921569
2.437029 -0.494606 0.921570
2.439208 -0.494540 0.921569
2.441385 -0.494477 0.921570
2.443563 -0.494414 0.921571
2.439965 -0.503717 0.931084
2.440003 -0.507074 0.934557
2.440402 -0.509825 0.937416
2.441153 -0.511991 0.939679
2.441987 -0.514007 0.941790
2.442979 -0.515756 0.943629
2.444118 -0.517258 0.945218
2.445251 -0.518758 0.946804
2.446592 -0.519919 0.948046
2.447980 -0.520999 0.949206
2.449362 -0.522078 0.950364
2.450958 -0.522817 0.951177
2.452590 -0.523493 0.951926
2.454218 -0.524170 0.952676
2.456092 -0.524463 0.953036
2.458004 -0.524695 0.953335
2.459955 -0.524866 0.953571
2.462249 -0.524512 0.953275
2.464547 -0.524154 0.952975
2.467379 -0.522990 0.951857
2.470662 -0.521153 0.950057
2.491472 -0.492999 0.921570
2.493649 -0.492936 0.921571
2.495827 -0.492870 0.921569
2.498004 -0.492807 0.921570
2.500182 -0.492741 0.921568
2.502358 -0.492678 0.921569
2.504535 -0.492615 0.921570
2.506713 -0.492549 0.921569
2.508889 -0.492486 0.921570
2.511068 -0.492420 0.921568
2.513244 -0.492357 0.921569
2.515420 -0.492293 0.921570
2.517598 -0.492228 0.921569
2.519774 -0.492164 0.921570
2.521952 -0.492098 0.921568
2.524128 -0.492035 0.921569
2.526306 -0.491969 0.921568
2.528482 -0.491906 0.921569
2.530659 -0.491843 0.921570
2.532836 -0.491777 0.921568
2.535012 -0.491714 0.921569
2.537190 -0.491648 0.921567
2.539366 -0.491585 0.921569
2.541542 -0.491522 0.921570
2.543720 -0.491456 0.921568
2.427303 -0.497867 0.921567
2.429478 -0.497801 0.921565
2.431652 -0.497738 0.921566
2.433825 -0.497674 0.921567
2.436000 -0.497609 0.921566
2.438173 -0.497546 0.921567
2.440347 -0.497482 0.921568
2.442521 -0.497417 0.921566
2.440219 -0.504602 0.928952
2.440440 -0.507661 0.932134
2.440867 -0.510365 0.934954
2.441705 -0.512391 0.937082
2.442540 -0.514405 0.939198
2.443627 -0.516004 0.940891
2.444766 -0.517508 0.942487
2.445943 -0.518940 0.944009
2.447335 -0.520024 0.945176
2.448723 -0.521104 0.946341
2.450175 -0.522078 0.947395
2.451810 -0.522758 0.948152
2.453444 -0.523435 0.948904
2.455171 -0.523963 0.949505
2.457087 -0.524195 0.949805
2.459002 -0.524428 0.950105
2.461159 -0.524289 0.950027
2.463460 -0.523931 0.949726
2.466021 -0.523181 0.949025
2.468974 -0.521843 0.947728
2.473304 -0.518442 0.944330
2.490338 -0.496007 0.921568
2.492512 -0.495941 0.921566
2.494684 -0.495878 0.921567
2.496858 -0.495812 0.921565
2.499031 -0.495749 0.921566
2.501203 -0.495686 0.921567
2.503377 -0.495620 0.921566
2.505549 -0.495557 0.921567
2.507723 -0.495491 0.921565
2.509895 -0.495428 0.921566
2.512068 -0.495365 0.921567
2.514242 -0.495299 0.921566
2.516414 -0.495236 0.921567
2.518587 -0.495171 0.921565
2.520759 -0.495108 0.921566
2.522931 -0.495044 0.921567
2.525105 -0.494979 0.921566
2.527277 -0.494916 0.921567
2.529451 -0.494850 0.921565
2.531623 -0.494787 0.921566
2.533796 -0.494721 0.921564
2.535968 -0.494658 0.921566
2.538140 -0.494595 0.921567
2.540313 -0.494529 0.921565
2.542485 -0.494466 0.921566
2.426295 -0.500857 0.921562
2.428464 -0.500794 0.921563
2.430634 -0.500731 0.921564
2.432805 -0.500665 0.921563
2.434974 -0.500602 0.921564
2.437143 -0.500539 0.921565
2.439314 -0.500474 0.921563
2.441483 -0.500411 0.921564
2.440479 -0.505479 0.926811
2.440877 -0.508249 0.929707
2.441421 -0.510765 0.932344
2.442259 -0.512789 0.934478
2.443135 -0.514740 0.936536
2.444276 -0.516253 0.938147
2.445414 -0.517760 0.939751
2.446688 -0.519041 0.941124
2.448079 -0.520128 0.942299
2.449468 -0.521210 0.943469
2.451027 -0.522018 0.944358
2.452664 -0.522700 0.945118
2.454300 -0.523378 0.945874
2.456167 -0.523694 0.946261
2.458086 -0.523927 0.946563
2.460067 -0.524063 0.946765
2.462370 -0.523707 0.946465
2.464676 -0.523348 0.946162
2.467615 -0.522033 0.944884
2.471275 -0.519640 0.942504
2.487039 -0.499066 0.921565
2.489209 -0.499000 0.921563
2.491377 -0.498937 0.921564
2.493547 -0.498872 0.921562
2.495716 -0.498809 0.921563
2.497884 -0.498746 0.921564
2.500054 -0.498680 0.921563
2.502222 -0.498617 0.921564
2.504392 -0.498551 0.921562
2.506560 -0.498488 0.921563
2.508728 -0.498425 0.921564
2.510898 -0.498360 0.921563
2.513066 -0.498297 0.921564
2.515235 -0.498231 0.921562
2.517403 -0.498168 0.921563
2.519571 -0.498105 0.921564
2.521741 -0.498039 0.921563
2.523909 -0.497976 0.921564
2.526078 -0.497911 0.921562
2.528246 -0.497848 0.921563
2.530415 -0.497782 0.921561
2.532583 -0.497719 0.921563
2.534751 -0.497656 0.921564
2.536920 -0.497591 0.921562
2.539088 -0.497528 0.921563
2.541257 -0.497462 0.921561
2.425289 -0.503839 0.921560
2.427455 -0.503776 0.921561
2.429621 -0.503710 0.921560
2.431786 -0.503647 0.921561
2.433951 -0.503584 0.921562
2.436118 -0.503519 0.921560
2.438283 -0.503456 0.921561
2.440450 -0.503390 0.921559
2.442073 -0.504201 0.922456
2.441317 -0.508835 0.927274
2.441975 -0.511165 0.929729
2.442813 -0.513191 0.931872
2.443784 -0.514990 0.933782
2.444927 -0.516502 0.935396
2.446065 -0.518010 0.937008
2.447433 -0.519144 0.938234
2.448825 -0.520233 0.939414
2.450240 -0.521277 0.940549
2.451883 -0.521958 0.941312
2.453521 -0.522641 0.942075
2.455242 -0.523190 0.942703
2.457165 -0.523424 0.943006
2.459087 -0.523658 0.943310
2.461276 -0.523482 0.943193
2.463586 -0.523122 0.942889
2.466252 -0.522224 0.942033
2.469243 -0.520841 0.940680
2.483753 -0.502113 0.921562
2.485919 -0.502048 0.921560
2.488083 -0.501985 0.921561
2.490249 -0.501920 0.921559
2.492413 -0.501857 0.921560
2.494577 -0.501794 0.921561
2.496743 -0.501728 0.921560
2.498907 -0.501665 0.921561
2.501073 -0.501600 0.921559
2.503237 -0.501537 0.921560
2.505401 -0.501474 0.921561
2.507567 -0.501408 0.921560
2.509730 -0.501345 0.921561
2.511896 -0.501280 0.921559
2.514060 -0.501217 0.921560
2.516224 -0.501154 0.921561
2.518389 -0.501089 0.921560
2.520553 -0.501026 0.921561
2.522718 -0.500960 0.921559
2.524882 -0.500897 0.921560
2.527047 -0.500832 0.921558
2.529211 -0.500769 0.921560
2.531374 -0.500706 0.921561
2.533540 -0.500640 0.921559
2.535703 -0.500577 0.921560
2.537868 -0.500512 0.921558
2.540032 -0.500449 0.921559
2.424287 -0.506809 0.921558
2.426450 -0.506744 0.921557
2.428611 -0.506681 0.921558
2.430772 -0.506618 0.921559
2.432934 -0.506553 0.921557
2.435095 -0.506490 0.921558
2.437258 -0.506424 0.921556
2.439419 -0.506362 0.921557
2.441579 -0.506299 0.921559
2.442774 -0.507787 0.923156
2.442532 -0.511564 0.927107
2.443368 -0.513593 0.929260
2.444436 -0.515239 0.931018
2.445579 -0.516751 0.932640
2.446783 -0.518157 0.934151
2.448181 -0.519248 0.935337
2.449573 -0.520338 0.936523
2.451097 -0.521213 0.937488
2.452740 -0.521898 0.938257
2.454380 -0.522582 0.939024
2.456241 -0.522919 0.939435
2.458167 -0.523154 0.939741
2.460179 -0.523256 0.939910
2.462492 -0.522895 0.939604
2.464886 -0.522415 0.939174
2.467854 -0.521067 0.937854
2.471891 -0.518115 0.934884
2.482641 -0.505084 0.921557
2.484802 -0.505021 0.921558
2.486963 -0.504956 0.921556
2.489123 -0.504893 0.921557
2.491283 -0.504830 0.921558
2.493445 -0.504765 0.921557
2.495605 -0.504702 0.921558
2.497767 -0.504636 0.921556
2.499927 -0.504574 0.921557
2.502087 -0.504511 0.921558
2.504248 -0.504445 0.921557
2.506408 -0.504383 0.921558
2.508569 -0.504317 0.921556
2.510729 -0.504254 0.921557
2.512889 -0.504191 0.921558
2.515050 -0.504126 0.921557
2.517210 -0.504063 0.921558
2.519371 -0.503998 0.921556
2.521531 -0.503935 0.921557
2.523692 -0.503870 0.921556
2.525852 -0.503807 0.921557
2.528011 -0.503744 0.921558
2.530172 -0.503679 0.921556
2.532332 -0.503616 0.921557
2.534493 -0.503550 0.921555
2.536652 -0.503488 0.921556
2.538811 -0.503425 0.921557
2.423291 -0.509766 0.921554
2.425448 -0.509703 0.921555
2.427605 -0.509640 0.921556
2.429763 -0.509575 0.921554
2.431920 -0.509512 0.921555
2.434078 -0.509447 0.921553
2.436235 -0.509384 0.921555
2.438392 -0.509321 0.921556
2.440550 -0.509256 0.921554
2.442707 -0.509193 0.921555
2.443918 -0.510641 0.923116
2.443943 -0.513966 0.926613
2.445089 -0.515488 0.928249
2.446233 -0.517002 0.929877
2.447531 -0.518260 0.931241
2.448930 -0.519352 0.932433
2.450323 -0.520443 0.933623
2.451956 -0.521152 0.934420
2.453600 -0.521838 0.935193
2.455314 -0.522412 0.935850
2.457244 -0.522647 0.936157
2.459173 -0.522882 0.936464
2.461394 -0.522668 0.936308
2.463713 -0.522307 0.936000
2.466486 -0.521257 0.934982
2.469851 -0.519319 0.933049
2.479376 -0.508109 0.921554
2.481532 -0.508046 0.921555
2.483690 -0.507980 0.921553
2.485846 -0.507918 0.921554
2.488002 -0.507855 0.921556
2.490160 -0.507790 0.921554
2.492316 -0.507727 0.921555
2.494473 -0.507662 0.921553
2.496629 -0.507599 0.921554
2.498785 -0.507536 0.921555
2.500942 -0.507471 0.921554
2.503098 -0.507408 0.921555
2.505255 -0.507343 0.921553
2.507411 -0.507280 0.921554
2.509567 -0.507217 0.921555
2.511724 -0.507152 0.921554
2.513880 -0.507089 0.921555
2.516037 -0.507024 0.921553
2.518192 -0.506961 0.921554
2.520350 -0.506896 0.921553
2.522505 -0.506833 0.921554
2.524660 -0.506771 0.921555
2.526817 -0.506705 0.921553
2.528973 -0.506643 0.921554
2.531130 -0.506577 0.921552
2.533285 -0.506515 0.921553
2.535440 -0.506452 0.921554
2.537597 -0.506387 0.921553
2.422296 -0.512714 0.921552
2.424449 -0.512651 0.921553
2.426604 -0.512586 0.921551
2.428756 -0.512523 0.921552
2.430911 -0.512458 0.921551
2.433063 -0.512395 0.921552
2.435216 -0.512332 0.921553
2.437370 -0.512267 0.921551
2.439523 -0.512205 0.921552
2.441676 -0.512142 0.921553
2.443830 -0.512077 0.921551
2.445307 -0.513088 0.922664
2.446559 -0.514447 0.924138
2.446886 -0.517255 0.927111
2.448281 -0.518363 0.928324
2.449681 -0.519456 0.929521
2.451166 -0.520405 0.930569
2.452817 -0.521091 0.931344
2.454463 -0.521778 0.932120
2.456317 -0.522139 0.932559
2.458250 -0.522374 0.932868
2.460293 -0.522440 0.933001
2.462615 -0.522078 0.932692
2.465115 -0.521448 0.932104
2.468093 -0.520096 0.930770
2.476124 -0.511122 0.921551
2.478276 -0.511059 0.921552
2.480429 -0.510994 0.921551
2.482581 -0.510931 0.921552
2.484733 -0.510868 0.921553
2.486887 -0.510803 0.921551
2.489038 -0.510741 0.921552
2.491192 -0.510675 0.921550
2.493344 -0.510613 0.921551
2.495495 -0.510550 0.921552
2.497649 -0.510485 0.921551
2.499801 -0.510422 0.921552
2.501954 -0.510357 0.921550
2.504105 -0.510294 0.921551
2.506257 -0.510232 0.921552
2.508410 -0.510167 0.921551
2.510562 -0.510104 0.921552
2.512715 -0.510039 0.921550
2.514866 -0.509976 0.921551
2.517018 -0.509914 0.921552
2.519171 -0.509848 0.921551
2.521322 -0.509786 0.921552
2.523475 -0.509721 0.921550
2.525627 -0.509658 0.921551
2.527780 -0.509593 0.921549
2.529931 -0.509530 0.921551
2.532082 -0.509467 0.921552
2.534235 -0.509402 0.921550
2.536386 -0.509340 0.921551
2.421306 -0.515650 0.921550
2.423456 -0.515585 0.921548
2.425605 -0.515523 0.921549
2.427755 -0.515457 0.921548
2.429904 -0.515395 0.921549
2.432052 -0.515332 0.921550
2.434203 -0.515267 0.921548
2.436351 -0.515205 0.921549
2.438500 -0.515142 0.921550
2.440650 -0.515077 0.921548
2.442798 -0.515014 0.921550
2.444948 -0.514949 0.921548
2.447040 -0.514977 0.921643
2.448343 -0.516245 0.923026
2.449823 -0.517227 0.924112
2.450434 -0.519560 0.926602
2.452028 -0.520342 0.927480
2.453680 -0.521029 0.928258
2.455386 -0.521628 0.928946
2.457323 -0.521864 0.929257
2.459259 -0.522100 0.929567
2.461513 -0.521849 0.929371
2.463840 -0.521486 0.929060
2.466720 -0.520285 0.927879
2.472883 -0.514123 0.921548
2.475031 -0.514061 0.921549
2.477181 -0.513996 0.921548
2.479328 -0.513933 0.921549
2.481476 -0.513870 0.921550
2.483626 -0.513805 0.921548
2.485774 -0.513743 0.921549
2.487923 -0.513678 0.921547
2.490071 -0.513615 0.921548
2.492219 -0.513553 0.921549
2.494368 -0.513488 0.921548
2.496516 -0.513425 0.921549
2.498665 -0.513360 0.921547
2.500812 -0.513297 0.921548
2.502960 -0.513235 0.921549
2.505109 -0.513170 0.921548
2.507257 -0.513107 0.921549
2.509406 -0.513042 0.921547
2.511553 -0.512980 0.921548
2.513701 -0.512917 0.921549
2.515850 -0.512852 0.921548
2.517997 -0.512789 0.921549
2.520146 -0.512724 0.921547
2.522293 -0.512662 0.921548
2.524440 -0.512599 0.921549
2.526589 -0.512534 0.921548
2.528737 -0.512472 0.921549
2.530885 -0.512407 0.921547
2.533033 -0.512344 0.921548
2.535181 -0.512279 0.921546
2.420321 -0.518573 0.921545
2.422465 -0.518511 0.921546
2.424611 -0.518446 0.921545
2.426756 -0.518383 0.921546
2.428901 -0.518321 0.921547
2.431047 -0.518256 0.921545
2.433191 -0.518193 0.921546
2.435336 -0.518131 0.921547
2.437482 -0.518066 0.921546
2.439626 -0.518003 0.921547
2.441772 -0.517938 0.921545
2.443917 -0.517876 0.921546
2.446061 -0.517813 0.921547
2.448207 -0.517748 0.921545
2.450351 -0.517686 0.921546
2.451938 -0.518495 0.922456
2.453645 -0.519109 0.923161
2.455350 -0.519721 0.923866
2.457307 -0.519939 0.924159
2.459273 -0.520142 0.924436
2.461529 -0.519899 0.924249
2.463868 -0.519529 0.923929
2.466714 -0.518389 0.922807
2.469655 -0.517114 0.921545
2.471799 -0.517051 0.921546
2.473944 -0.516986 0.921545
2.476088 -0.516924 0.921546
2.478232 -0.516861 0.921547
2.480377 -0.516796 0.921545
2.482521 -0.516734 0.921546
2.484667 -0.516669 0.921545
2.486810 -0.516606 0.921546
2.488954 -0.516544 0.921547
2.491099 -0.516479 0.921545
2.493243 -0.516416 0.921546
2.495388 -0.516351 0.921544
2.497532 -0.516289 0.921545
2.499675 -0.516227 0.921546
2.501821 -0.516162 0.921545
2.503964 -0.516099 0.921546
2.506109 -0.516034 0.921544
2.508252 -0.515972 0.921545
2.510396 -0.515909 0.921546
2.512541 -0.515844 0.921545
2.514684 -0.515782 0.921546
2.516829 -0.515717 0.921544
2.518972 -0.515654 0.921545
2.521116 -0.515592 0.921546
2.523260 -0.515527 0.921545
2.525404 -0.515465 0.921546
2.527548 -0.515400 0.921544
2.529691 -0.515337 0.921545
2.531836 -0.515272 0.921543
2.533979 -0.515210 0.921545
2.419337 -0.521488 0.921543
2.421480 -0.521423 0.921542
2.423620 -0.521360 0.921543
2.425761 -0.521298 0.921544
2.427903 -0.521233 0.921542
2.430044 -0.521171 0.921543
2.432184 -0.521108 0.921544
2.434326 -0.521043 0.921543
2.436466 -0.520981 0.921544
2.438608 -0.520916 0.921542
2.440749 -0.520854 0.921543
2.442889 -0.520791 0.921544
2.445031 -0.520727 0.921543
2.447171 -0.520664 0.921544
2.449313 -0.520599 0.921542
2.451453 -0.520537 0.921543
2.453593 -0.520474 0.921544
2.455735 -0.520410 0.921542
2.457875 -0.520347 0.921543
2.460017 -0.520282 0.921542
2.462157 -0.520220 0.921543
2.464297 -0.520158 0.921544
2.466439 -0.520093 0.921542
2.468579 -0.520030 0.921543
2.470720 -0.519965 0.921542
2.472860 -0.519903 0.921543
2.475000 -0.519841 0.921544
2.477141 -0.519776 0.921542
2.479281 -0.519713 0.921543
2.481422 -0.519649 0.921542
2.483562 -0.519586 0.921543
2.485702 -0.519524 0.921544
2.487843 -0.519459 0.921542
2.489983 -0.519397 0.921543
2.492124 -0.519332 0.921541
2.494264 -0.519269 0.921543
2.496403 -0.519207 0.921544
2.498544 -0.519142 0.921542
2.500684 -0.519080 0.921543
2.502825 -0.519015 0.921541
2.504964 -0.518953 0.921542
2.507103 -0.518890 0.921543
2.509245 -0.518825 0.921542
2.511384 -0.518763 0.921543
2.513525 -0.518698 0.921541
2.515664 -0.518636 0.921542
2.517803 -0.518573 0.921543
2.519944 -0.518509 0.921542
2.522083 -0.518446 0.921543
2.524224 -0.518381 0.921541
2.526363 -0.518319 0.921542
2.528504 -0.518254 0.921541
2.530643 -0.518192 0.921542
2.532782 -0.518129 0.921543
2.418360 -0.524389 0.921539
2.420496 -0.524326 0.921540
2.422633 -0.524264 0.921541
2.424771 -0.524199 0.921539
2.426907 -0.524137 0.921540
2.429044 -0.524075 0.921541
2.431182 -0.524010 0.921540
2.433318 -0.523948 0.921541
2.435456 -0.523883 0.921539
2.437593 -0.523821 0.921540
2.439729 -0.523758 0.921541
2.441867 -0.523693 0.921540
2.444003 -0.523631 0.921541
2.446141 -0.523566 0.921539
2.448277 -0.523504 0.921540
2.450413 -0.523442 0.921541
2.452551 -0.523377 0.921539
2.454687 -0.523315 0.921540
2.456825 -0.523250 0.921539
2.458961 -0.523188 0.921540
2.461097 -0.523125 0.921541
2.463235 -0.523061 0.921539
2.465371 -0.522998 0.921540
2.467508 -0.522934 0.921539
2.469644 -0.522871 0.921540
2.471780 -0.522809 0.921541
2.473917 -0.522744 0.921539
2.476053 -0.522682 0.921540
2.478190 -0.522617 0.921539
2.480326 -0.522555 0.921540
2.482462 -0.522493 0.921541
2.484599 -0.522428 0.921539
2.486735 -0.522366 0.921540
2.488872 -0.522301 0.921539
2.491008 -0.522239 0.921540
2.493143 -0.522176 0.921541
2.495280 -0.522112 0.921539
2.497416 -0.522049 0.921540
2.499553 -0.521985 0.921538
2.501688 -0.521922 0.921539
2.503824 -0.521860 0.921540
2.505961 -0.521795 0.921539
2.508096 -0.521733 0.921540
2.510233 -0.521668 0.921538
2.512368 -0.521606 0.921539
2.514503 -0.521544 0.921540
2.516640 -0.521479 0.921539
2.518775 -0.521417 0.921540
2.520912 -0.521352 0.921538
2.523047 -0.521290 0.921539
2.525184 -0.521225 0.921538
2.527319 -0.521163 0.921539
2.529454 -0.521100 0.921540
2.531591 -0.521036 0.921538
2.417384 -0.527281 0.921537
2.419517 -0.527219 0.921538
2.421651 -0.527154 0.921536
2.423783 -0.527092 0.921537
2.425916 -0.527030 0.921538
2.428050 -0.526965 0.921537
2.430182 -0.526903 0.921538
2.432316 -0.526838 0.921536
2.434449 -0.526776 0.921537
2.436581 -0.526714 0.921538
2.438715 -0.526649 0.921537
2.440847 -0.526587 0.921538
2.442981 -0.526522 0.921536
2.445113 -0.526460 0.921537
2.447245 -0.526398 0.921538
2.449379 -0.526333 0.921537
2.451511 -0.526271 0.921538
2.453645 -0.526206 0.921536
2.455777 -0.526144 0.921537
2.457909 -0.526082 0.921538
2.460043 -0.526017 0.921536
2.462175 -0.525955 0.921537
2.464308 -0.525891 0.921536
2.466440 -0.525828 0.921537
2.468572 -0.525766 0.921538
2.470705 -0.525701 0.921536
2.472837 -0.525639 0.921537
2.474971 -0.525575 0.921536
2.477102 -0.525512 0.921537
2.479234 -0.525450 0.921538
2.481367 -0.525386 0.921536
2.483499 -0.525323 0.921537
2.485632 -0.525259 0.921536
2.487764 -0.525197 0.921537
2.489895 -0.525134 0.921538
2.492028 -0.525070 0.921536
2.494160 -0.525008 0.921537
2.496293 -0.524943 0.921536
2.498424 -0.524881 0.921537
2.500556 -0.524819 0.921538
2.502689 -0.524754 0.921536
2.504820 -0.524692 0.921537
2.506953 -0.524627 0.921535
2.509084 -0.524565 0.921536
2.511216 -0.524503 0.921537
2.513349 -0.524438 0.921536
2.515480 -0.524376 0.921537
2.517613 -0.524311 0.921535
2.519744 -0.524249 0.921536
2.521876 -0.524185 0.921535
2.524007 -0.524122 0.921536
2.526138 -0.524060 0.921537
2.528271 -0.523996 0.921535
2.530402 -0.523933 0.921536
2.416412 -0.530163 0.921535
2.418542 -0.530098 0.921533
2.420671 -0.530036 0.921534
2.422799 -0.529974 0.921535
2.424929 -0.529909 0.921534
2.427058 -0.529847 0.921535
2.429188 -0.529783 0.921533
2.431316 -0.529721 0.921534
2.433444 -0.529659 0.921535
2.435574 -0.529594 0.921534
2.437703 -0.529532 0.921535
2.439833 -0.529467 0.921533
2.441961 -0.529405 0.921534
2.444089 -0.529343 0.921535
2.446219 -0.529279 0.921534
2.448347 -0.529216 0.921535
2.450477 -0.529152 0.921533
2.452605 -0.529090 0.921534
2.454733 -0.529028 0.921535
2.456862 -0.528963 0.921534
2.458990 -0.528901 0.921535
2.461120 -0.528836 0.921533
2.463248 -0.528774 0.921534
2.465376 -0.528712 0.921535
2.467505 -0.528648 0.921533
2.469633 -0.528586 0.921534
2.471763 -0.528521 0.921533
2.473890 -0.528459 0.921534
2.476018 -0.528397 0.921535
2.478148 -0.528332 0.921533
2.480275 -0.528270 0.921534
2.482404 -0.528206 0.921533
2.484532 -0.528144 0.921534
2.486660 -0.528081 0.921535
2.488789 -0.528017 0.921533
2.490916 -0.527955 0.921534
2.493046 -0.527890 0.921533
2.495173 -0.527828 0.921534
2.497300 -0.527766 0.921535
2.499429 -0.527702 0.921533
2.501557 -0.527640 0.921534
2.503686 -0.527575 0.921533
2.505813 -0.527513 0.921534
2.507940 -0.527451 0.921535
2.510069 -0.527386 0.921533
2.512196 -0.527324 0.921534
2.514325 -0.527260 0.921532
2.516452 -0.527198 0.921533
2.518580 -0.527136 0.921534
2.520708 -0.527071 0.921533
2.522835 -0.527009 0.921534
2.524964 -0.526944 0.921532
2.527091 -0.526882 0.921533
2.529220 -0.526818 0.921532
2.415445 -0.533031 0.921531
2.417570 -0.532969 0.921532
2.419694 -0.532907 0.921533
2.421820 -0.532843 0.921531
2.423945 -0.532781 0.921532
2.426071 -0.532716 0.921530
2.428195 -0.532654 0.921531
2.430320 -0.532592 0.921532
2.432446 -0.532528 0.921531
2.434570 -0.532466 0.921532
2.436696 -0.532401 0.921530
2.438820 -0.532339 0.921531
2.440945 -0.532277 0.921532
2.443070 -0.532213 0.921531
2.445195 -0.532151 0.921532
2.447320 -0.532086 0.921530
2.449444 -0.532024 0.921531
2.451569 -0.531962 0.921532
2.453694 -0.531898 0.921531
2.455818 -0.531836 0.921532
2.457944 -0.531771 0.921530
2.460068 -0.531709 0.921531
2.462192 -0.531647 0.921532
2.464317 -0.531583 0.921531
2.466441 -0.531521 0.921532
2.468567 -0.531456 0.921530
2.470691 -0.531394 0.921531
2.472814 -0.531332 0.921532
2.474940 -0.531268 0.921530
2.477064 -0.531206 0.921531
2.479189 -0.531142 0.921530
2.481313 -0.531080 0.921531
2.483436 -0.531018 0.921532
2.485561 -0.530953 0.921530
2.487685 -0.530891 0.921531
2.489810 -0.530827 0.921530
2.491934 -0.530765 0.921531
2.494057 -0.530703 0.921532
2.496182 -0.530638 0.921530
2.498306 -0.530576 0.921531
2.500431 -0.530512 0.921530
2.502554 -0.530450 0.921531
2.504677 -0.530388 0.921532
2.506802 -0.530323 0.921530
2.508926 -0.530261 0.921531
2.511050 -0.530197 0.921530
2.513174 -0.530135 0.921531
2.515297 -0.530073 0.921532
2.517422 -0.530009 0.921530
2.519545 -0.529947 0.921531
2.521669 -0.529882 0.921529
2.523792 -0.529820 0.921530
2.525915 -0.529758 0.921531
2.528040 -0.529694 0.921530
2.414480 -0.535891 0.921529
2.416601 -0.535829 0.921530
2.418723 -0.535765 0.921528
2.420844 -0.535703 0.921529
2.422966 -0.535639 0.921528
2.425086 -0.535577 0.921529
2.427207 -0.535515 0.921530
2.429329 -0.535451 0.921528
2.431449 -0.535389 0.921529
2.433571 -0.535324 0.921527
2.435691 -0.535262 0.921529
2.437812 -0.535200 0.921530
2.439934 -0.535136 0.921528
2.442054 -0.535074 0.921529
2.444176 -0.535010 0.921527
2.446296 -0.534948 0.921528
2.448416 -0.534886 0.921529
2.450538 -0.534822 0.921528
2.452658 -0.534760 0.921529
2.454780 -0.534695 0.921527
2.456900 -0.534633 0.921528
2.459020 -0.534571 0.921529
2.461141 -0.534507 0.921528
2.463261 -0.534445 0.921529
2.465383 -0.534381 0.921527
2.467503 -0.534319 0.921528
2.469623 -0.534257 0.921529
2.471744 -0.534193 0.921528
2.473864 -0.534131 0.921529
2.475985 -0.534066 0.921527
2.478105 -0.534005 0.921528
2.480225 -0.533943 0.921529
2.482346 -0.533878 0.921527
2.484466 -0.533816 0.921528
2.486587 -0.533752 0.921527
2.488706 -0.533690 0.921528
2.490826 -0.533628 0.921529
2.492947 -0.533564 0.921527
2.495067 -0.533502 0.921528
2.497188 -0.533438 0.921527
2.499307 -0.533376 0.921528
2.501426 -0.533314 0.921529
2.503547 -0.533250 0.921527
2.505667 -0.533188 0.921528
2.507788 -0.533123 0.921527
2.509907 -0.533061 0.921528
2.512026 -0.533000 0.921529
2.514147 -0.532935 0.921527
2.516266 -0.532873 0.921528
2.518387 -0.532809 0.921527
2.520506 -0.532747 0.921528
2.522625 -0.532685 0.921529
2.524746 -0.532621 0.921527
2.526865 -0.532559 0.921528
2.413519 -0.538741 0.921527
2.415637 -0.538676 0.921525
2.417754 -0.538615 0.921526
2.419872 -0.538550 0.921525
2.421989 -0.538489 0.921526
2.424105 -0.538427 0.921527
2.426223 -0.538362 0.921525
2.428340 -0.538301 0.921526
2.430458 -0.538236 0.921525
2.432574 -0.538175 0.921526
2.434691 -0.538113 0.921527
2.436809 -0.538048 0.921525
2.438925 -0.537987 0.921526
2.441043 -0.537922 0.921525
2.443159 -0.537861 0.921526
2.445275 -0.537799 0.921527
2.447393 -0.537734 0.921525
2.449509 -0.537673 0.921526
2.451627 -0.537608 0.921524
2.453743 -0.537547 0.921525
2.455859 -0.537485 0.921526
2.457977 -0.537421 0.921525
2.460093 -0.537359 0.921526
2.462211 -0.537294 0.921524
2.464327 -0.537233 0.921525
2.466443 -0.537171 0.921526
2.468560 -0.537107 0.921525
2.470676 -0.537045 0.921526
2.472793 -0.536981 0.921524
2.474909 -0.536919 0.921525
2.477025 -0.536857 0.921526
2.479142 -0.536793 0.921525
2.481258 -0.536731 0.921526
2.483375 -0.536667 0.921524
2.485491 -0.536605 0.921525
2.487607 -0.536543 0.921526
2.489724 -0.536479 0.921525
2.491840 -0.536417 0.921526
2.493957 -0.536353 0.921524
2.496072 -0.536291 0.921525
2.498188 -0.536229 0.921526
2.500305 -0.536165 0.921524
2.502420 -0.536103 0.921525
2.504537 -0.536039 0.921524
2.506653 -0.535977 0.921525
2.508768 -0.535915 0.921526
2.510885 -0.535851 0.921524
2.513000 -0.535789 0.921525
2.515117 -0.535725 0.921524
2.517232 -0.535663 0.921525
2.519347 -0.535601 0.921526
2.521464 -0.535537 0.921524
2.523579 -0.535475 0.921525
2.525696 -0.535411 0.921524
2.412563 -0.541577 0.921522
2.414676 -0.541515 0.921523
2.416790 -0.541451 0.921522
2.418903 -0.541389 0.921523
2.421015 -0.541328 0.921524
2.423129 -0.541264 0.921522
2.425242 -0.541202 0.921523
2.427356 -0.541138 0.921522
2.429469 -0.541076 0.921523
2.431581 -0.541014 0.921524
2.433695 -0.540950 0.921522
2.435808 -0.540888 0.921523
2.437922 -0.540824 0.921522
2.440034 -0.540762 0.921523
2.442146 -0.540701 0.921524
2.444260 -0.540637 0.921522
2.446373 -0.540575 0.921523
2.448486 -0.540511 0.921522
2.450599 -0.540449 0.921523
2.452711 -0.540387 0.921524
2.454825 -0.540323 0.921522
2.456937 -0.540261 0.921523
2.459050 -0.540197 0.921521
2.461162 -0.540135 0.921522
2.463274 -0.540074 0.921523
2.465388 -0.540010 0.921522
2.467500 -0.539948 0.921523
2.469614 -0.539884 0.921521
2.471726 -0.539822 0.921522
2.473837 -0.539760 0.921523
2.475951 -0.539696 0.921522
2.478063 -0.539634 0.921523
2.480176 -0.539570 0.921521
2.482288 -0.539509 0.921522
2.484400 -0.539447 0.921523
2.486513 -0.539383 0.921522
2.488625 -0.539321 0.921523
2.490738 -0.539257 0.921521
2.492849 -0.539195 0.921522
2.494961 -0.539133 0.921523
2.497074 -0.539069 0.921522
2.499186 -0.539008 0.921523
2.501299 -0.538943 0.921521
2.503410 -0.538882 0.921522
2.505522 -0.538820 0.921523
2.507635 -0.538756 0.921521
2.509746 -0.538694 0.921522
2.511859 -0.538630 0.921521
2.513970 -0.538568 0.921522
2.516081 -0.538507 0.921523
2.518194 -0.538443 0.921521
2.520306 -0.538381 0.921522
2.522418 -0.538317 0.921521
2.524529 -0.538255 0.921522
2.411609 -0.544405 0.921521
2.413719 -0.544341 0.921519
2.415828 -0.544280 0.921520
2.417937 -0.544218 0.921521
2.420047 -0.544154 0.921520
2.422156 -0.544092 0.921521
2.424266 -0.544028 0.921519
2.426375 -0.543967 0.921520
2.428483 -0.543905 0.921521
2.430593 -0.543841 0.921519
2.432702 -0.543779 0.921520
2.434812 -0.543715 0.921519
2.436921 -0.543654 0.921520
2.439029 -0.543592 0.921521
2.441139 -0.543528 0.921519
2.443247 -0.543466 0.921520
2.445357 -0.543402 0.921519
2.447466 -0.543341 0.921520
2.449574 -0.543279 0.921521
2.451684 -0.543215 0.921519
2.453792 -0.543153 0.921520
2.455902 -0.543089 0.921519
2.458010 -0.543028 0.921520
2.460118 -0.542966 0.921521
2.462228 -0.542902 0.921519
2.464336 -0.542840 0.921520
2.466446 -0.542776 0.921519
2.468554 -0.542715 0.921520
2.470662 -0.542653 0.921520
2.472771 -0.542589 0.921519
2.474879 -0.542527 0.921520
2.476989 -0.542463 0.921518
2.479096 -0.542402 0.921519
2.481204 -0.542340 0.921520
2.483314 -0.542276 0.921519
2.485421 -0.542214 0.921520
2.487531 -0.542150 0.921518
2.489638 -0.542089 0.921519
2.491746 -0.542027 0.921520
2.493855 -0.541963 0.921519
2.495963 -0.541901 0.921520
2.498072 -0.541837 0.921518
2.500180 -0.541776 0.921519
2.502287 -0.541714 0.921520
2.504396 -0.541650 0.921519
2.506504 -0.541589 0.921520
2.508613 -0.541524 0.921518
2.510720 -0.541463 0.921519
2.512828 -0.541401 0.921520
2.514937 -0.541337 0.921518
2.517044 -0.541276 0.921519
2.519153 -0.541212 0.921518
2.521260 -0.541150 0.921519
2.523367 -0.541088 0.921520
2.410660 -0.547221 0.921516
2.412765 -0.547159 0.921517
2.414870 -0.547098 0.921518
2.416976 -0.547034 0.921517
2.419081 -0.546972 0.921518
2.421187 -0.546908 0.921516
2.423292 -0.546846 0.921517
2.425397 -0.546785 0.921518
2.427503 -0.546721 0.921517
2.429608 -0.546659 0.921518
2.431714 -0.546595 0.921516
2.433818 -0.546534 0.921517
2.435923 -0.546472 0.921518
2.438029 -0.546408 0.921516
2.440134 -0.546347 0.921517
2.442240 -0.546283 0.921516
2.444344 -0.546221 0.921517
2.446449 -0.546160 0.921518
2.448555 -0.546096 0.921516
2.450659 -0.546034 0.921517
2.452765 -0.545970 0.921516
2.454869 -0.545909 0.921517
2.456973 -0.545847 0.921518
2.459079 -0.545783 0.921516
2.461183 -0.545722 0.921517
2.463289 -0.545658 0.921516
2.465393 -0.545596 0.921517
2.467497 -0.545535 0.921518
2.469603 -0.545471 0.921516
2.471707 -0.545409 0.921517
2.473813 -0.545345 0.921516
2.475917 -0.545284 0.921517
2.478021 -0.545222 0.921518
2.480126 -0.545158 0.921516
2.482230 -0.545097 0.921517
2.484336 -0.545033 0.921515
2.486439 -0.544971 0.921516
2.488543 -0.544910 0.921517
2.490649 -0.544846 0.921516
2.492752 -0.544784 0.921517
2.494858 -0.544721 0.921515
2.496961 -0.544659 0.921516
2.499065 -0.544597 0.921517
2.501170 -0.544534 0.921516
2.503274 -0.544472 0.921517
2.505379 -0.544408 0.921515
2.507483 -0.544347 0.921516
2.509586 -0.544285 0.921517
2.511691 -0.544221 0.921516
2.513795 -0.544160 0.921517
2.515900 -0.544096 0.921515
2.518003 -0.544034 0.921516
2.520106 -0.543973 0.921517
2.522211 -0.543909 0.921516
2.296268 -0.546894 1.036442
2.298260 -0.546849 1.036455
2.287485 -0.550018 1.036451
2.289553 -0.549803 1.036303
2.291742 -0.549338 1.035918
2.293895 -0.548951 1.035606
2.296051 -0.548561 1.035293
2.298155 -0.548281 1.035083
2.300016 -0.548505 1.035350
2.301875 -0.548729 1.035617
2.303734 -0.548950 1.035882
2.305591 -0.549173 1.036149
2.307431 -0.549428 1.036445
2.309427 -0.549365 1.036441
2.282725 -0.552997 1.036446
2.285005 -0.552323 1.035861
2.287602 -0.550984 1.034643
2.290143 -0.549778 1.033552
2.292299 -0.549386 1.033235
2.294459 -0.548992 1.032916
2.296620 -0.548597 1.032596
2.298650 -0.548476 1.032536
2.300510 -0.548704 1.032809
2.302370 -0.548930 1.033080
2.304229 -0.549156 1.033350
2.306064 -0.549427 1.033663
2.307675 -0.550146 1.034402
2.309287 -0.550858 1.035133
2.310895 -0.551570 1.035866
2.312584 -0.552112 1.036436
2.314575 -0.552052 1.036434
2.279971 -0.555904 1.036439
2.283056 -0.553503 1.034203
2.285661 -0.552146 1.032964
2.288277 -0.550775 1.031712
2.290716 -0.549791 1.030829
2.292876 -0.549396 1.030509
2.295039 -0.549001 1.030188
2.297202 -0.548608 1.029869
2.299153 -0.548655 1.029970
2.301016 -0.548882 1.030242
2.302878 -0.549108 1.030513
2.304739 -0.549334 1.030785
2.306503 -0.549753 1.031240
2.308112 -0.550479 1.031988
2.309719 -0.551202 1.032733
2.311324 -0.551924 1.033477
2.312926 -0.552642 1.034217
2.314347 -0.553711 1.035292
2.315731 -0.554844 1.036427
2.317724 -0.554773 1.036414
2.277227 -0.558802 1.036434
2.280455 -0.556080 1.033883
2.283728 -0.553287 1.031265
2.286342 -0.551918 1.030011
2.288963 -0.550545 1.028753
2.291290 -0.549803 1.028099
2.293454 -0.549408 1.027777
2.295620 -0.549013 1.027455
2.297787 -0.548617 1.027132
2.299659 -0.548833 1.027395
2.301524 -0.549059 1.027668
2.303388 -0.549286 1.027941
2.305249 -0.549514 1.028216
2.306943 -0.550079 1.028812
2.308553 -0.550806 1.029563
2.310161 -0.551529 1.030311
2.311767 -0.552251 1.031058
2.313349 -0.553012 1.031841
2.314704 -0.554215 1.033047
2.316056 -0.555410 1.034246
2.317412 -0.556588 1.035428
2.318864 -0.557567 1.036420
2.274495 -0.561686 1.036426
2.277695 -0.559007 1.033908
2.281378 -0.555321 1.030423
2.284405 -0.553064 1.028312
2.287024 -0.551692 1.027051
2.289651 -0.550317 1.025786
2.291866 -0.549816 1.025362
2.294033 -0.549421 1.025038
2.296202 -0.549025 1.024715
2.298297 -0.548784 1.024540
2.300165 -0.549011 1.024814
2.302032 -0.549238 1.025089
2.303897 -0.549466 1.025365
2.305761 -0.549693 1.025639
2.307383 -0.550406 1.026379
2.308995 -0.551133 1.027134
2.310604 -0.551857 1.027885
2.312211 -0.552579 1.028634
2.313716 -0.553496 1.029570
2.315071 -0.554700 1.030781
2.316422 -0.555899 1.031988
2.317769 -0.557095 1.033191
2.319115 -0.558281 1.034384
2.320212 -0.559939 1.036031
2.321986 -0.560277 1.036411
2.273748 -0.564503 1.036421
2.278610 -0.558256 1.030456
2.282305 -0.554556 1.026946
2.285085 -0.552837 1.025346
2.287709 -0.551463 1.024079
2.290276 -0.550223 1.022940
2.292445 -0.549827 1.022615
2.294615 -0.549431 1.022290
2.296785 -0.549036 1.021967
2.298803 -0.548962 1.021952
2.300673 -0.549189 1.022228
2.302541 -0.549418 1.022505
2.304409 -0.549645 1.022781
2.306208 -0.550007 1.023186
2.307825 -0.550734 1.023942
2.309437 -0.551461 1.024700
2.311048 -0.552185 1.025453
2.312656 -0.552908 1.026206
2.314083 -0.553981 1.027295
2.315438 -0.555185 1.028510
2.316790 -0.556385 1.029722
2.318136 -0.557583 1.030931
2.319413 -0.558906 1.032260
2.320462 -0.560655 1.034000
2.321521 -0.562371 1.035707
2.323118 -0.563039 1.036406
2.273006 -0.567304 1.036412
2.279528 -0.557502 1.026988
2.283145 -0.553985 1.023643
2.285767 -0.552612 1.022373
2.288396 -0.551236 1.021100
2.290852 -0.550236 1.020190
2.293024 -0.549840 1.019863
2.295197 -0.549443 1.019537
2.297372 -0.549046 1.019210
2.299310 -0.549140 1.019359
2.301181 -0.549370 1.019638
2.303052 -0.549597 1.019914
2.304921 -0.549824 1.020191
2.306650 -0.550335 1.020741
2.308267 -0.551062 1.021500
2.309881 -0.551790 1.022261
2.311493 -0.552514 1.023018
2.313090 -0.553260 1.023794
2.314450 -0.554467 1.025017
2.315806 -0.555671 1.026236
2.317157 -0.556873 1.027454
2.318505 -0.558069 1.028666
2.319680 -0.559590 1.030191
2.320729 -0.561341 1.031938
2.321773 -0.563085 1.033678
2.322826 -0.564796 1.035385
2.324248 -0.565787 1.036398
2.272265 -0.570099 1.036407
2.280451 -0.556744 1.023505
2.283825 -0.553759 1.020666
2.286451 -0.552385 1.019389
2.289086 -0.551006 1.018108
2.291431 -0.550247 1.017430
2.293604 -0.549852 1.017104
2.295781 -0.549455 1.016776
2.297942 -0.549092 1.016481
2.299817 -0.549322 1.016761
2.301691 -0.549549 1.017039
2.303564 -0.549777 1.017317
2.305435 -0.550004 1.017595
2.307092 -0.550663 1.018291
2.308711 -0.551391 1.019054
2.310325 -0.552119 1.019817
2.311938 -0.552844 1.020577
2.313458 -0.553746 1.021508
2.314819 -0.554954 1.022736
2.316174 -0.556160 1.023961
2.317527 -0.557360 1.025181
2.318875 -0.558557 1.026397
2.319948 -0.560275 1.028119
2.320997 -0.562026 1.029872
2.322040 -0.563769 1.031617
2.323080 -0.565505 1.033355
2.323733 -0.567961 1.035790
2.325379 -0.568511 1.036379
2.272269 -0.567106 1.030721
2.271527 -0.572880 1.036400
2.281378 -0.555983 1.020005
2.284506 -0.553533 1.017678
2.287138 -0.552156 1.016395
2.289777 -0.550777 1.015110
2.292010 -0.550260 1.014665
2.294187 -0.549863 1.014335
2.296366 -0.549468 1.014008
2.298448 -0.549273 1.013877
2.300326 -0.549501 1.014156
2.302202 -0.549729 1.014435
2.304077 -0.549956 1.014714
2.305913 -0.550261 1.015068
2.307535 -0.550992 1.015837
2.309155 -0.551720 1.016602
2.310771 -0.552449 1.017369
2.312385 -0.553174 1.018132
2.313826 -0.554233 1.019219
2.315186 -0.555443 1.020452
2.316543 -0.556647 1.021680
2.317896 -0.557848 1.022905
2.319164 -0.559203 1.024280
2.320216 -0.560961 1.026045
2.321265 -0.562711 1.027803
2.322309 -0.564454 1.029554
2.323213 -0.566448 1.031548
2.323816 -0.568994 1.034079
2.324531 -0.571308 1.036384
2.272136 -0.568598 1.029446
2.270806 -0.575623 1.036366
2.282309 -0.555219 1.016491
2.285189 -0.553309 1.014683
2.287826 -0.551929 1.013393
2.290411 -0.550672 1.012223
2.292590 -0.550274 1.011892
2.294771 -0.549876 1.011562
2.296954 -0.549478 1.011231
2.298957 -0.549453 1.011264
2.300836 -0.549681 1.011545
2.302714 -0.549909 1.011825
2.304591 -0.550137 1.012105
2.306355 -0.550590 1.012606
2.307978 -0.551322 1.013378
2.309600 -0.552050 1.014146
2.311217 -0.552780 1.014916
2.312829 -0.553510 1.015686
2.314194 -0.554723 1.016928
2.315556 -0.555931 1.018164
2.316913 -0.557136 1.019396
2.318267 -0.558336 1.020624
2.319432 -0.559891 1.022198
2.320485 -0.561648 1.023969
2.321533 -0.563398 1.025733
2.322577 -0.565140 1.027489
2.323318 -0.567442 1.029791
2.323919 -0.569993 1.032334
2.324530 -0.572499 1.034835
2.325651 -0.574024 1.036377
2.272004 -0.570086 1.028170
2.271217 -0.575937 1.033962
2.272016 -0.578355 1.036388
2.285875 -0.553082 1.011676
2.288517 -0.551699 1.010380
2.290991 -0.550683 1.009442
2.293172 -0.550287 1.009112
2.295356 -0.549889 1.008780
2.297542 -0.549490 1.008448
2.299467 -0.549633 1.008645
2.301348 -0.549861 1.008927
2.303228 -0.550089 1.009209
2.305106 -0.550319 1.009493
2.306799 -0.550920 1.010139
2.308423 -0.551652 1.010914
2.310045 -0.552381 1.011686
2.311663 -0.553111 1.012458
2.313197 -0.554000 1.013387
2.314563 -0.555212 1.014631
2.315926 -0.556420 1.015871
2.317284 -0.557625 1.017108
2.318638 -0.558825 1.018341
2.319701 -0.560579 1.020114
2.320754 -0.562335 1.021891
2.321802 -0.564085 1.023660
2.322821 -0.565874 1.025468
2.323424 -0.568438 1.028033
2.324024 -0.570985 1.030582
2.324621 -0.573515 1.033114
2.324812 -0.576786 1.036370
2.271871 -0.571576 1.026897
2.271446 -0.576644 1.031938
2.271682 -0.580257 1.035548
2.273237 -0.581043 1.036377
2.289210 -0.551471 1.007358
2.291572 -0.550697 1.006656
2.293757 -0.550299 1.006323
2.295943 -0.549902 1.005991
2.298093 -0.549584 1.005738
2.299977 -0.549813 1.006021
2.301861 -0.550042 1.006304
2.303742 -0.550272 1.006589
2.305613 -0.550519 1.006890
2.307243 -0.551250 1.007667
2.308868 -0.551983 1.008445
2.310492 -0.552712 1.009220
2.312111 -0.553443 1.009996
2.313567 -0.554490 1.011082
2.314934 -0.555701 1.012331
2.316296 -0.556910 1.013575
2.317655 -0.558114 1.014816
2.318912 -0.559504 1.016238
2.319970 -0.561267 1.018028
2.321023 -0.563024 1.019810
2.322072 -0.564770 1.021582
2.322927 -0.566872 1.023704
2.323530 -0.569433 1.026275
2.324131 -0.571976 1.028828
2.324399 -0.575122 1.031972
2.324103 -0.579300 1.036129
2.271740 -0.573062 1.025623
2.271676 -0.577350 1.029911
2.272124 -0.580509 1.033085
2.272508 -0.583770 1.036359
2.289905 -0.551239 1.004325
2.292154 -0.550711 1.003863
2.294342 -0.550312 1.003528
2.296533 -0.549913 1.003193
2.298603 -0.549765 1.003106
2.300489 -0.549994 1.003390
2.302374 -0.550225 1.003677
2.304258 -0.550453 1.003961
2.306057 -0.550849 1.004410
2.307688 -0.551582 1.005191
2.309315 -0.552315 1.005972
2.310939 -0.553045 1.006750
2.312560 -0.553775 1.007528
2.313937 -0.554980 1.008774
2.315304 -0.556192 1.010027
2.316667 -0.557400 1.011276
2.318026 -0.558605 1.012521
2.319183 -0.560191 1.014142
2.320240 -0.561955 1.015938
2.321293 -0.563710 1.017725
2.322341 -0.565458 1.019505
2.323033 -0.567871 1.021939
2.323636 -0.570429 1.024516
2.324236 -0.572969 1.027075
2.324136 -0.576805 1.030909
2.323818 -0.581014 1.035111
2.325090 -0.582221 1.036356
2.272776 -0.567847 1.017660
2.271607 -0.574549 1.024352
2.271905 -0.578058 1.027884
2.272352 -0.581216 1.031067
2.272912 -0.584106 1.033984
2.273745 -0.586391 1.036303
2.292737 -0.550726 1.001062
2.294929 -0.550326 1.000726
2.297123 -0.549926 1.000389
2.299114 -0.549946 1.000468
2.301001 -0.550177 1.000756
2.302889 -0.550406 1.001041
2.304775 -0.550635 1.001327
2.306502 -0.551181 1.001926
2.308134 -0.551914 1.002709
2.309762 -0.552647 1.003494
2.311388 -0.553377 1.004275
2.312936 -0.554254 1.005201
2.314308 -0.555470 1.006462
2.315675 -0.556682 1.007719
2.317038 -0.557893 1.008975
2.318391 -0.559112 1.010238
2.319452 -0.560882 1.012046
2.320510 -0.562645 1.013847
2.321563 -0.564400 1.015640
2.322532 -0.566298 1.017574
2.323139 -0.568870 1.020173
2.323742 -0.571425 1.022756
2.324216 -0.574200 1.025556
2.323872 -0.578488 1.029850
2.322315 -0.585007 1.036347
2.272643 -0.569346 1.016381
2.271685 -0.575585 1.022636
2.272135 -0.578767 1.025854
2.272582 -0.581922 1.029045
2.273271 -0.584538 1.031700
2.274249 -0.586519 1.033725
2.275073 -0.588802 1.036049
2.276864 -0.589056 1.036358
2.297714 -0.549939 0.997578
2.299625 -0.550130 0.997826
2.301516 -0.550359 0.998113
2.303405 -0.550588 0.998400
2.305293 -0.550817 0.998687
2.306948 -0.551513 0.999437
2.308581 -0.552246 1.000223
2.310210 -0.552980 1.001011
2.311836 -0.553713 1.001797
2.313306 -0.554746 1.002881
2.314679 -0.555962 1.004146
2.316046 -0.557176 1.005410
2.317410 -0.558385 1.006668
2.318660 -0.559804 1.008134
2.319722 -0.561574 1.009948
2.320780 -0.563336 1.011754
2.321832 -0.565090 1.013553
2.322638 -0.567300 1.015802
2.323245 -0.569869 1.018407
2.323849 -0.572420 1.020994
2.323950 -0.575893 1.024496
2.323609 -0.580167 1.028790
2.321488 -0.587728 1.036342
2.272509 -0.570845 1.015105
2.271916 -0.576293 1.020593
2.272366 -0.579474 1.023821
2.272811 -0.582631 1.027023
2.273631 -0.584969 1.029410
2.274608 -0.586953 1.031445
2.275581 -0.588927 1.033469
2.276397 -0.591206 1.035796
2.278066 -0.591702 1.036347
2.300139 -0.550311 0.995176
2.302031 -0.550541 0.995465
2.303922 -0.550770 0.995753
2.305757 -0.551111 0.996151
2.307395 -0.551846 0.996943
2.309029 -0.552579 0.997733
2.310659 -0.553314 0.998523
2.312286 -0.554047 0.999312
2.313678 -0.555238 1.000557
2.315050 -0.556456 1.001829
2.316418 -0.557669 1.003096
2.317783 -0.558878 1.004358
2.318931 -0.560497 1.006028
2.319993 -0.562266 1.007847
2.321050 -0.564028 1.009659
2.322103 -0.565782 1.011463
2.322745 -0.568302 1.014029
2.323351 -0.570868 1.016641
2.323955 -0.573416 1.019233
2.323686 -0.577582 1.023435
2.323012 -0.582470 1.028354
2.320665 -0.590437 1.036336
2.272375 -0.572343 1.013830
2.272147 -0.577005 1.018550
2.272595 -0.580185 1.021787
2.273040 -0.583340 1.024999
2.273991 -0.585402 1.027119
2.274968 -0.587387 1.029160
2.275940 -0.589362 1.031192
2.276925 -0.591292 1.033178
2.278208 -0.592589 1.034532
2.279360 -0.594140 1.036139
2.281193 -0.594287 1.036342
2.304440 -0.550955 0.993101
2.306204 -0.551444 0.993649
2.307842 -0.552179 0.994444
2.309478 -0.552913 0.995237
2.311109 -0.553648 0.996031
2.312672 -0.554510 0.996951
2.314049 -0.555733 0.998232
2.315422 -0.556949 0.999506
2.316791 -0.558162 1.000777
2.318135 -0.559414 1.002086
2.319201 -0.561190 1.003919
2.320263 -0.562959 1.005744
2.321320 -0.564720 1.007562
2.322241 -0.566725 1.009623
2.322851 -0.569305 1.012256
2.323457 -0.571868 1.014873
2.323764 -0.574972 1.018030
2.323423 -0.579268 1.022375
2.317913 -0.593192 1.036329
2.273424 -0.567087 1.005722
2.272243 -0.573838 1.012554
2.272379 -0.577715 1.016502
2.272827 -0.580894 1.019749
2.273369 -0.583841 1.022764
2.274351 -0.585837 1.024823
2.275328 -0.587822 1.026872
2.276302 -0.589796 1.028909
2.277371 -0.591550 1.030727
2.278654 -0.592850 1.032088
2.279932 -0.594146 1.033444
2.281206 -0.595435 1.034794
2.282390 -0.596896 1.036315
2.284309 -0.596859 1.036335
2.308291 -0.552513 0.991940
2.309927 -0.553248 0.992736
2.311560 -0.553983 0.993533
2.313043 -0.555006 0.994618
2.314421 -0.556226 0.995901
2.315795 -0.557443 0.997180
2.317165 -0.558656 0.998455
2.318405 -0.560109 0.999970
2.319472 -0.561884 1.001809
2.320534 -0.563653 1.003639
2.321591 -0.565413 1.005462
2.322348 -0.567731 1.007843
2.322958 -0.570308 1.010482
2.323564 -0.572866 1.013103
2.313243 -0.595996 1.036324
2.315170 -0.595941 1.036326
2.318944 -0.592437 1.032874
2.273290 -0.568596 1.004439
2.272159 -0.575225 1.011172
2.272610 -0.578428 1.014455
2.273057 -0.581606 1.017712
2.273730 -0.584276 1.020457
2.274713 -0.586270 1.022522
2.275690 -0.588256 1.024579
2.276663 -0.590232 1.026625
2.277817 -0.591811 1.028272
2.279100 -0.593112 1.029638
2.280380 -0.594406 1.030998
2.281654 -0.595699 1.032355
2.282925 -0.596986 1.033708
2.284413 -0.597822 1.034605
2.285808 -0.598836 1.035683
2.287418 -0.599412 1.036318
2.289340 -0.599361 1.036325
2.313416 -0.555500 0.992279
2.314794 -0.556720 0.993566
2.316169 -0.557937 0.994850
2.317539 -0.559151 0.996129
2.318676 -0.560804 0.997851
2.319743 -0.562579 0.999695
2.320805 -0.564347 1.001532
2.321841 -0.566147 1.003400
2.322455 -0.568737 1.006062
2.308590 -0.598788 1.036319
2.310515 -0.598731 1.036319
2.312744 -0.598101 1.035743
2.315951 -0.595646 1.033333
2.320853 -0.590047 1.027766
2.273155 -0.570105 1.003160
2.272392 -0.575940 1.009113
2.272841 -0.579142 1.012405
2.273289 -0.582316 1.015670
2.274093 -0.584709 1.018144
2.275075 -0.586705 1.020219
2.276052 -0.588692 1.022283
2.277024 -0.590669 1.024337
2.278265 -0.592073 1.025812
2.279549 -0.593372 1.027182
2.280828 -0.594670 1.028549
2.282103 -0.595963 1.029912
2.283416 -0.597168 1.031185
2.284940 -0.597934 1.032016
2.286461 -0.598699 1.032846
2.287979 -0.599463 1.033674
2.289494 -0.600223 1.034498
2.290894 -0.601204 1.035545
2.292668 -0.601440 1.035841
2.294440 -0.601677 1.036136
2.296278 -0.601784 1.036302
2.298192 -0.601742 1.036316
2.300114 -0.601683 1.036314
2.302039 -0.601619 1.036306
2.304013 -0.601461 1.036204
2.306120 -0.601050 1.035847
2.308284 -0.600534 1.035384
2.311270 -0.598472 1.033362
2.314012 -0.596885 1.031820
2.317842 -0.593276 1.028239
2.273020 -0.571613 1.001882
2.272625 -0.576654 1.007050
2.273074 -0.579854 1.010352
2.273519 -0.583031 1.013630
2.274455 -0.585145 1.015830
2.275437 -0.587142 1.017912
2.276414 -0.589129 1.019983
2.277424 -0.591027 1.021965
2.278714 -0.592332 1.023345
2.279998 -0.593635 1.024722
2.281278 -0.594933 1.026095
2.282554 -0.596225 1.027461
2.283942 -0.597280 1.028586
2.285469 -0.598045 1.029419
2.286991 -0.598811 1.030252
2.288510 -0.599575 1.031084
2.290026 -0.600338 1.031913
2.291650 -0.600880 1.032520
2.293424 -0.601123 1.032823
2.295197 -0.601365 1.033125
2.296968 -0.601608 1.033428
2.298737 -0.601851 1.033732
2.300714 -0.601691 1.033627
2.302826 -0.601274 1.033263
2.304939 -0.600856 1.032898
2.307054 -0.600438 1.032533
2.309547 -0.599309 1.031447
2.312287 -0.597722 1.029900
2.315038 -0.596130 1.028348
2.319749 -0.590888 1.023104
2.272886 -0.573118 1.000603
2.272857 -0.577370 1.004986
2.273306 -0.580569 1.008298
2.273831 -0.583574 1.011411
2.274818 -0.585581 1.013511
2.275800 -0.587579 1.015601
2.276778 -0.589565 1.017678
2.277874 -0.591287 1.019486
2.279163 -0.592595 1.020874
2.280448 -0.593898 1.022257
2.281729 -0.595196 1.023634
2.283005 -0.596491 1.025007
2.284471 -0.597390 1.025979
2.285998 -0.598158 1.026818
2.287522 -0.598925 1.027654
2.289043 -0.599688 1.028487
2.290561 -0.600451 1.029321
2.292272 -0.600825 1.029758
2.294049 -0.601067 1.030062
2.295823 -0.601311 1.030367
2.297597 -0.601552 1.030670
2.299369 -0.601796 1.030974
2.301471 -0.601400 1.030631
2.303588 -0.600980 1.030262
2.305705 -0.600562 1.029895
2.307824 -0.600143 1.029528
2.310561 -0.598560 1.027979
2.313310 -0.596969 1.026422
2.316736 -0.594121 1.023590
2.273945 -0.567836 0.992343
2.272755 -0.574617 0.999320
2.273091 -0.578085 1.002918
2.273539 -0.581283 1.006240
2.274196 -0.584008 1.009079
2.275183 -0.586017 1.011187
2.276164 -0.588015 1.013284
2.277141 -0.590004 1.015371
2.278323 -0.591549 1.017005
2.279613 -0.592858 1.018399
2.280899 -0.594160 1.019785
2.282180 -0.595460 1.021169
2.283469 -0.596732 1.022523
2.285001 -0.597500 1.023365
2.286529 -0.598269 1.024207
2.288054 -0.599037 1.025048
2.289576 -0.599803 1.025887
2.291116 -0.600526 1.026682
2.292896 -0.600769 1.026987
2.294674 -0.601013 1.027294
2.296452 -0.601255 1.027599
2.298228 -0.601499 1.027905
2.300114 -0.601525 1.027990
2.302232 -0.601107 1.027622
2.304351 -0.600688 1.027253
2.306474 -0.600267 1.026882
2.308834 -0.599399 1.026056
2.311580 -0.597808 1.024495
2.314337 -0.596212 1.022928
2.318643 -0.591730 1.018423
2.273809 -0.569355 0.991060
2.272873 -0.575581 0.997493
2.273324 -0.578803 1.000851
2.273771 -0.582000 1.004182
2.274560 -0.584446 1.006745
2.275547 -0.586455 1.008860
2.276529 -0.588454 1.010965
2.277506 -0.590441 1.013057
2.278774 -0.591812 1.014519
2.280065 -0.593119 1.015916
2.281351 -0.594425 1.017310
2.282632 -0.595726 1.018700
2.283999 -0.596842 1.019899
2.285532 -0.597613 1.020747
2.287062 -0.598381 1.021591
2.288589 -0.599149 1.022435
2.290112 -0.599916 1.023278
2.291740 -0.600469 1.023901
2.293522 -0.600712 1.024208
2.295303 -0.600956 1.024516
2.297082 -0.601201 1.024824
2.298861 -0.601443 1.025130
2.300873 -0.601231 1.024972
2.302995 -0.600812 1.024602
2.305119 -0.600393 1.024232
2.307244 -0.599973 1.023861
2.309849 -0.598648 1.022566
2.312603 -0.597053 1.020995
2.315627 -0.594966 1.018922
2.273673 -0.570874 0.989779
2.273107 -0.576301 0.995413
2.273557 -0.579522 0.998781
2.274004 -0.582717 1.002122
2.274925 -0.584884 1.004407
2.275912 -0.586894 1.006530
2.276893 -0.588893 1.008643
2.277930 -0.590759 1.010618
2.279226 -0.592073 1.012025
2.280517 -0.593383 1.013430
2.281803 -0.594690 1.014829
2.283086 -0.595990 1.016223
2.284531 -0.596952 1.017269
2.286065 -0.597724 1.018120
2.287596 -0.598495 1.018970
2.289123 -0.599264 1.019818
2.290649 -0.600030 1.020662
2.292365 -0.600412 1.021113
2.294149 -0.600657 1.021423
2.295933 -0.600900 1.021731
2.297715 -0.601145 1.022040
2.299511 -0.601357 1.022316
2.301635 -0.600937 1.021944
2.303761 -0.600517 1.021572
2.305889 -0.600096 1.021200
2.308116 -0.599489 1.020636
2.310869 -0.597895 1.019060
2.313631 -0.596294 1.017479
2.317531 -0.592577 1.013728
2.273538 -0.572388 0.988497
2.273342 -0.577019 0.993329
2.273792 -0.580239 0.996707
2.274299 -0.583303 0.999924
2.275291 -0.585323 1.002065
2.276278 -0.587331 1.004194
2.277260 -0.589332 1.006314
2.278382 -0.591020 1.008113
2.279678 -0.592336 1.009528
2.280970 -0.593648 1.010938
2.282258 -0.594953 1.012342
2.283540 -0.596256 1.013743
2.285063 -0.597064 1.014634
2.286599 -0.597835 1.015487
2.288131 -0.598607 1.016340
2.289660 -0.599377 1.017192
2.291204 -0.600111 1.018006
2.292992 -0.600356 1.018318
2.294779 -0.600600 1.018627
2.296564 -0.600845 1.018939
2.298349 -0.601088 1.019248
2.300272 -0.601062 1.019280
2.302400 -0.600641 1.018906
2.304530 -0.600220 1.018532
2.306661 -0.599799 1.018157
2.309132 -0.598737 1.017124
2.311893 -0.597137 1.015538
2.314664 -0.595532 1.013946
2.319453 -0.590165 1.008487
2.273405 -0.573897 0.987211
2.273577 -0.577740 0.991245
2.274025 -0.580959 0.994633
2.274667 -0.583740 0.997568
2.275658 -0.585761 0.999717
2.276644 -0.587772 1.001856
2.277626 -0.589773 1.003983
2.278835 -0.591283 1.005605
2.280131 -0.592601 1.007026
2.281424 -0.593911 1.008439
2.282712 -0.595220 1.009851
2.284057 -0.596399 1.011129
2.285597 -0.597175 1.011990
2.287133 -0.597949 1.012849
2.288667 -0.598721 1.013706
2.290198 -0.599490 1.014560
2.291831 -0.600053 1.015200
2.293621 -0.600299 1.015513
2.295411 -0.600542 1.015824
2.297198 -0.600788 1.016137
2.298984 -0.601034 1.016449
2.301035 -0.600766 1.016232
2.303167 -0.600344 1.015856
2.305301 -0.599922 1.015480
2.307437 -0.599500 1.015104
2.310153 -0.597981 1.013596
2.312922 -0.596377 1.012000
2.316416 -0.593425 1.009014
2.274472 -0.568596 0.978802
2.273360 -0.575219 0.985734
2.273812 -0.578460 0.989157
2.274259 -0.581680 0.992556
2.275033 -0.584180 0.995210
2.276025 -0.586202 0.997367
2.277011 -0.588213 0.999514
2.277993 -0.590212 1.001647
2.279288 -0.591547 1.003091
2.280587 -0.592863 1.004516
2.281879 -0.594177 1.005938
2.283167 -0.595486 1.007355
2.284590 -0.596511 1.008477
2.286132 -0.597286 1.009340
2.287670 -0.598061 1.010202
2.289205 -0.598834 1.011063
2.290737 -0.599606 1.011923
2.292458 -0.599996 1.012387
2.294252 -0.600241 1.012700
2.296043 -0.600487 1.013014
2.297834 -0.600731 1.013327
2.299667 -0.600891 1.013552
2.301801 -0.600469 1.013174
2.303937 -0.600046 1.012796
2.306075 -0.599624 1.012418
2.308411 -0.598828 1.011654
2.311179 -0.597222 1.010051
2.313956 -0.595612 1.008445
2.318337 -0.591013 1.003743
2.274335 -0.570124 0.977518
2.273597 -0.575941 0.983633
2.274047 -0.579183 0.987068
2.274494 -0.582401 0.990478
2.275401 -0.584621 0.992849
2.276392 -0.586643 0.995013
2.277379 -0.588653 0.997165
2.278441 -0.590488 0.999135
2.279744 -0.591810 1.000570
2.281042 -0.593129 1.002003
2.282335 -0.594443 1.003430
2.283624 -0.595754 1.004853
2.285125 -0.596622 1.005816
2.286668 -0.597399 1.006685
2.288209 -0.598173 1.007549
2.289745 -0.598947 1.008414
2.291292 -0.599691 1.009247
2.293089 -0.599938 1.009564
2.294884 -0.600185 1.009880
2.296678 -0.600429 1.010195
2.298471 -0.600676 1.010510
2.300431 -0.600594 1.010485
2.302570 -0.600171 1.010106
2.304710 -0.599748 1.009726
2.306852 -0.599324 1.009346
2.309433 -0.598071 1.008104
2.312208 -0.596462 1.006492
2.315296 -0.594278 1.004285
2.274199 -0.571649 0.976233
2.273832 -0.576666 0.981533
2.274282 -0.579906 0.984978
2.274773 -0.583029 0.988299
2.275769 -0.585062 0.990483
2.276761 -0.587083 0.992653
2.277747 -0.589095 0.994815
2.278897 -0.590750 0.996603
2.280200 -0.592075 0.998046
2.281498 -0.593395 0.999485
2.282792 -0.594710 1.000918
2.284114 -0.595955 1.002277
2.285662 -0.596733 1.003149
2.287206 -0.597511 1.004021
2.288747 -0.598287 1.004892
2.290285 -0.599062 1.005760
2.291921 -0.599634 1.006417
2.293721 -0.599879 1.006733
2.295519 -0.600126 1.007051
2.297316 -0.600371 1.007366
2.299110 -0.600618 1.007684
2.301199 -0.600295 1.007408
2.303341 -0.599872 1.007026
2.305485 -0.599448 1.006644
2.307687 -0.598918 1.006152
2.310460 -0.597310 1.004537
2.313243 -0.595696 1.002915
2.317216 -0.591865 0.998983
2.274065 -0.573168 0.974944
2.274069 -0.577389 0.979427
2.274518 -0.580631 0.982885
2.275143 -0.583468 0.985919
2.276139 -0.585502 0.988111
2.277130 -0.587526 0.990291
2.278117 -0.589537 0.992459
2.279353 -0.591015 0.994068
2.280656 -0.592340 0.995517
2.281956 -0.593659 0.996959
2.283250 -0.594976 0.998398
2.284651 -0.596065 0.999599
2.286199 -0.596846 1.000477
2.287746 -0.597623 1.001351
2.289288 -0.598400 1.002225
2.290827 -0.599176 1.003098
2.292553 -0.599575 1.003576
2.294354 -0.599822 1.003895
2.296155 -0.600068 1.004213
2.297953 -0.600315 1.004532
2.299824 -0.600421 1.004703
2.301968 -0.599996 1.004319
2.304115 -0.599572 1.003936
2.306263 -0.599147 1.003552
2.308710 -0.598159 1.002579
2.311491 -0.596545 1.000953
2.314285 -0.594924 0.999318
2.319154 -0.589426 0.993631
2.275144 -0.567827 0.966383
2.273932 -0.574684 0.973654
2.274306 -0.578115 0.977322
2.274753 -0.581356 0.980790
2.275512 -0.583911 0.983537
2.276508 -0.585945 0.985737
2.277499 -0.587969 0.987925
2.278501 -0.589949 0.990067
2.279810 -0.591280 0.991527
2.281115 -0.592604 0.992980
2.282414 -0.593926 0.994430
2.283709 -0.595244 0.995875
2.285189 -0.596175 0.996914
2.286739 -0.596957 0.997796
2.288286 -0.597737 0.998676
2.289829 -0.598515 0.999554
2.291381 -0.599269 1.000407
2.293187 -0.599515 1.000726
2.294990 -0.599764 1.001048
2.296793 -0.600011 1.001369
2.298593 -0.600259 1.001690
2.300592 -0.600121 1.001606
2.302741 -0.599696 1.001220
2.304892 -0.599271 1.000835
2.307044 -0.598845 1.000449
2.309738 -0.597396 0.998989
2.312528 -0.595777 0.997352
2.316091 -0.592718 0.994205
2.275005 -0.569365 0.965096
2.274091 -0.575579 0.971712
2.274542 -0.578842 0.975215
2.274989 -0.582081 0.978693
2.275882 -0.584354 0.981151
2.276878 -0.586389 0.983359
2.277870 -0.588411 0.985553
2.278958 -0.590214 0.987515
2.280268 -0.591544 0.988979
2.281573 -0.592871 0.990439
2.282873 -0.594194 0.991895
2.284173 -0.595504 0.993337
2.285727 -0.596288 0.994225
2.287280 -0.597068 0.995108
2.288828 -0.597849 0.995992
2.290373 -0.598628 0.996875
2.292014 -0.599209 0.997548
2.293822 -0.599458 0.997871
2.295628 -0.599704 0.998191
2.297433 -0.599953 0.998514
2.299236 -0.600201 0.998837
2.301363 -0.599821 0.998497
2.303516 -0.599395 0.998110
2.305671 -0.598968 0.997722
2.307983 -0.598247 0.997024
2.310770 -0.596629 0.995383
2.313569 -0.595006 0.993735
2.318026 -0.590283 0.988826
2.274868 -0.570901 0.963807
2.274329 -0.576306 0.969590
2.274779 -0.579570 0.973106
2.275252 -0.582752 0.976534
2.276253 -0.584798 0.978761
2.277250 -0.586831 0.980975
2.278240 -0.588856 0.983179
2.279418 -0.590477 0.984955
2.280727 -0.591810 0.986427
2.282032 -0.593138 0.987894
2.283333 -0.594462 0.989355
2.284711 -0.595616 0.990637
2.286268 -0.596399 0.991527
2.287821 -0.597182 0.992416
2.289372 -0.597962 0.993302
2.290918 -0.598742 0.994188
2.292648 -0.599151 0.994682
2.294459 -0.599398 0.995005
2.296267 -0.599647 0.995329
2.298074 -0.599896 0.995653
2.299982 -0.599946 0.995768
2.302137 -0.599519 0.995378
2.304294 -0.599092 0.994989
2.306453 -0.598665 0.994599
2.309012 -0.597482 0.993411
2.311808 -0.595859 0.991759
2.314962 -0.593577 0.989411
2.274733 -0.572430 0.962515
2.274567 -0.577036 0.967468
2.275016 -0.580298 0.970994
2.275625 -0.583193 0.974130
2.276625 -0.585240 0.976365
2.277621 -0.587276 0.978589
2.278613 -0.589300 0.980799
2.279877 -0.590743 0.982392
2.281187 -0.592077 0.983870
2.282494 -0.593404 0.985340
2.283795 -0.594729 0.986808
2.285252 -0.595727 0.987928
2.286810 -0.596510 0.988821
2.288365 -0.597294 0.989715
2.289915 -0.598077 0.990607
2.291472 -0.598841 0.991479
2.293285 -0.599091 0.991806
2.295098 -0.599338 0.992130
2.296909 -0.599588 0.992456
2.298718 -0.599837 0.992782
2.300755 -0.599644 0.992639
2.302914 -0.599217 0.992248
2.305075 -0.598789 0.991857
2.307251 -0.598336 0.991438
2.310046 -0.596714 0.989782
2.312850 -0.595086 0.988118
2.316895 -0.591141 0.984001
2.274599 -0.573956 0.961222
2.274806 -0.577764 0.965341
2.275254 -0.581028 0.968880
2.275997 -0.583638 0.971724
2.276997 -0.585686 0.973967
2.277994 -0.587720 0.976196
2.279022 -0.589670 0.978335
2.280337 -0.591010 0.979824
2.281649 -0.592342 0.981305
2.282955 -0.593673 0.982783
2.284257 -0.594998 0.984257
2.285794 -0.595837 0.985212
2.287353 -0.596624 0.986112
2.288910 -0.597407 0.987007
2.290462 -0.598190 0.987903
2.292107 -0.598782 0.988595
2.293924 -0.599030 0.988921
2.295738 -0.599280 0.989249
2.297552 -0.599530 0.989577
2.299369 -0.599769 0.989893
2.301530 -0.599341 0.989500
2.303693 -0.598913 0.989107
2.305859 -0.598484 0.988713
2.308282 -0.597569 0.987802
2.311084 -0.595942 0.986135
2.313898 -0.594309 0.984461
2.318849 -0.588678 0.978538
2.275684 -0.568596 0.952509
2.274592 -0.575211 0.959641
2.275044 -0.578495 0.963215
2.275491 -0.581758 0.966764
2.276369 -0.584084 0.969313
2.277370 -0.586132 0.971564
2.278367 -0.588167 0.973802
2.279482 -0.589936 0.975755
2.280799 -0.591274 0.977247
2.282111 -0.592610 0.978737
2.283418 -0.593942 0.980221
2.284773 -0.595161 0.981586
2.286338 -0.595948 0.982489
2.287898 -0.596736 0.983393
2.289455 -0.597522 0.984294
2.291009 -0.598306 0.985194
2.292745 -0.598721 0.985700
2.294563 -0.598972 0.986030
2.296381 -0.599220 0.986358
2.298197 -0.599470 0.986687
2.300142 -0.599466 0.986745
2.302308 -0.599037 0.986350
2.304476 -0.598608 0.985955
2.306645 -0.598179 0.985559
2.309317 -0.596799 0.984149
2.312128 -0.595166 0.982471
2.315760 -0.592002 0.979159
2.275546 -0.570142 0.951217
2.274831 -0.575944 0.957502
2.275283 -0.579227 0.961086
2.275737 -0.582471 0.964627
2.276744 -0.584528 0.966896
2.277744 -0.586577 0.969156
2.278741 -0.588613 0.971401
2.279945 -0.590201 0.973167
2.281261 -0.591542 0.974667
2.282573 -0.592879 0.976163
2.283881 -0.594211 0.977654
2.285317 -0.595271 0.978852
2.286882 -0.596061 0.979762
2.288444 -0.596848 0.980667
2.290003 -0.597635 0.981573
2.291562 -0.598411 0.982468
2.293385 -0.598660 0.982797
2.295206 -0.598911 0.983128
2.297025 -0.599162 0.983460
2.298843 -0.599412 0.983791
2.300919 -0.599162 0.983586
2.303089 -0.598733 0.983188
2.305261 -0.598302 0.982791
2.307547 -0.597656 0.982162
2.310357 -0.596025 0.980479
2.313177 -0.594387 0.978789
2.317711 -0.589540 0.973666
2.358459 -0.540373 0.921526
2.360578 -0.540309 0.921525
2.362695 -0.540247 0.921526
2.364814 -0.540183 0.921524
2.366932 -0.540121 0.921525
2.369049 -0.540059 0.921526
2.371168 -0.539995 0.921525
2.373285 -0.539933 0.921526
2.375403 -0.539871 0.921527
2.377521 -0.539807 0.921525
2.268784 -0.545841 0.921521
2.270899 -0.545779 0.921522
2.273015 -0.545715 0.921520
2.275130 -0.545653 0.921521
2.277245 -0.545591 0.921522
2.279361 -0.545527 0.921521
2.281476 -0.545465 0.921522
2.283592 -0.545401 0.921520
2.285706 -0.545339 0.921521
2.275410 -0.571682 0.949922
2.275072 -0.576676 0.955359
2.275522 -0.579960 0.958955
2.276112 -0.582915 0.962198
2.277118 -0.584975 0.964477
2.278118 -0.587024 0.966745
2.279115 -0.589061 0.968999
2.280407 -0.590468 0.970575
2.281724 -0.591810 0.972082
2.283037 -0.593148 0.973584
2.284345 -0.594481 0.975080
2.285861 -0.595384 0.976114
2.287428 -0.596173 0.977025
2.288991 -0.596962 0.977937
2.290551 -0.597750 0.978846
2.292201 -0.598350 0.979554
2.294026 -0.598601 0.979887
2.295850 -0.598850 0.980218
2.297672 -0.599101 0.980551
2.299526 -0.599287 0.980814
2.301698 -0.598857 0.980415
2.303872 -0.598427 0.980016
2.306048 -0.597996 0.979616
2.308584 -0.596884 0.978486
2.311401 -0.595247 0.976791
2.314622 -0.592865 0.974297
2.342805 -0.543647 0.921523
2.344920 -0.543582 0.921521
2.347034 -0.543521 0.921522
2.349148 -0.543459 0.921523
2.351263 -0.543395 0.921522
2.353376 -0.543333 0.921523
2.355490 -0.543271 0.921524
2.357605 -0.543207 0.921522
2.359719 -0.543145 0.921523
2.361834 -0.543081 0.921521
2.363947 -0.543019 0.921522
2.366061 -0.542957 0.921523
2.368176 -0.542893 0.921522
2.370289 -0.542832 0.921523
2.372403 -0.542770 0.921524
2.374517 -0.542706 0.921522
2.376631 -0.542644 0.921523
2.268097 -0.548662 0.921519
2.270209 -0.548598 0.921518
2.272320 -0.548537 0.921519
2.274432 -0.548475 0.921520
2.276544 -0.548411 0.921518
2.278655 -0.548349 0.921519
2.280765 -0.548287 0.921520
2.282877 -0.548223 0.921518
2.284988 -0.548162 0.921519
2.275275 -0.573218 0.948626
2.275312 -0.577411 0.953215
2.275760 -0.580696 0.956825
2.276487 -0.583363 0.959767
2.277493 -0.585423 0.962054
2.278494 -0.587471 0.964328
2.279548 -0.589388 0.966460
2.280871 -0.590736 0.967978
2.282189 -0.592079 0.969491
2.283502 -0.593418 0.970999
2.284836 -0.594701 0.972447
2.286407 -0.595495 0.973366
2.287976 -0.596285 0.974282
2.289540 -0.597075 0.975197
2.291101 -0.597863 0.976111
2.292842 -0.598290 0.976634
2.294670 -0.598539 0.976967
2.296496 -0.598791 0.977301
2.298320 -0.599043 0.977636
2.300304 -0.598982 0.977634
2.302480 -0.598551 0.977233
2.304659 -0.598119 0.976831
2.306839 -0.597688 0.976430
2.309625 -0.596108 0.974792
2.312451 -0.594466 0.973086
2.316571 -0.590404 0.968774
2.341982 -0.546469 0.921518
2.344092 -0.546408 0.921519
2.346202 -0.546346 0.921520
2.348313 -0.546282 0.921519
2.350423 -0.546220 0.921520
2.352533 -0.546158 0.921521
2.354644 -0.546094 0.921519
2.356753 -0.546033 0.921520
2.358864 -0.545969 0.921519
2.360974 -0.545907 0.921520
2.363084 -0.545845 0.921521
2.365195 -0.545781 0.921519
2.367304 -0.545720 0.921520
2.369414 -0.545658 0.921521
2.371525 -0.545594 0.921520
2.373634 -0.545532 0.921521
2.375745 -0.545468 0.921519
2.267414 -0.551471 0.921515
2.269522 -0.551410 0.921516
2.271629 -0.551348 0.921517
2.273737 -0.551284 0.921515
2.275844 -0.551222 0.921516
2.277951 -0.551161 0.921517
2.280059 -0.551097 0.921516
2.282166 -0.551035 0.921517
2.276373 -0.567817 0.939754
2.275139 -0.574756 0.947333
2.275552 -0.578146 0.951069
2.275999 -0.581430 0.954689
2.276863 -0.583811 0.957331
2.277869 -0.585869 0.959625
2.278869 -0.587920 0.961909
2.280012 -0.589655 0.963851
2.281336 -0.591002 0.965373
2.282655 -0.592346 0.966893
2.283969 -0.593686 0.968406
2.285381 -0.594814 0.969690
2.286954 -0.595606 0.970612
2.288524 -0.596399 0.971533
2.290091 -0.597188 0.972451
2.291654 -0.597975 0.973366
2.293485 -0.598228 0.973703
2.295316 -0.598478 0.974037
2.297144 -0.598730 0.974374
2.298970 -0.598984 0.974712
2.301085 -0.598676 0.974443
2.303265 -0.598244 0.974040
2.305448 -0.597811 0.973636
2.307847 -0.596970 0.972790
2.310671 -0.595329 0.971080
2.313506 -0.593681 0.969364
2.318539 -0.587917 0.963198
2.341161 -0.549284 0.921516
2.343267 -0.549222 0.921517
2.345374 -0.549158 0.921516
2.347480 -0.549097 0.921517
2.349586 -0.549035 0.921518
2.351693 -0.548971 0.921516
2.353799 -0.548909 0.921517
2.355906 -0.548846 0.921516
2.358012 -0.548784 0.921517
2.360118 -0.548722 0.921518
2.362225 -0.548658 0.921516
2.364330 -0.548597 0.921517
2.366436 -0.548535 0.921518
2.368543 -0.548471 0.921517
2.370649 -0.548410 0.921518
2.372755 -0.548346 0.921516
2.374861 -0.548284 0.921517
2.266733 -0.554272 0.921513
2.268836 -0.554210 0.921514
2.270940 -0.554147 0.921512
2.273044 -0.554085 0.921513
2.275147 -0.554023 0.921514
2.277251 -0.553960 0.921513
2.279354 -0.553898 0.921514
2.281458 -0.553834 0.921512
2.276233 -0.569373 0.938460
2.275341 -0.575576 0.945263
2.275792 -0.578883 0.948921
2.276239 -0.582165 0.952552
2.277240 -0.584257 0.954889
2.278245 -0.586319 0.957193
2.279246 -0.588368 0.959483
2.280478 -0.589921 0.961235
2.281802 -0.591271 0.962765
2.283121 -0.592616 0.964290
2.284435 -0.593957 0.965810
2.285929 -0.594924 0.966925
2.287504 -0.595717 0.967850
2.289074 -0.596511 0.968776
2.290641 -0.597303 0.969699
2.292296 -0.597914 0.970427
2.294130 -0.598165 0.970763
2.295963 -0.598418 0.971102
2.297793 -0.598670 0.971440
2.299685 -0.598801 0.971645
2.301868 -0.598368 0.971240
2.304053 -0.597935 0.970835
2.306240 -0.597502 0.970429
2.308889 -0.596192 0.969073
2.311722 -0.594546 0.967351
2.315425 -0.591273 0.963867
2.338240 -0.552149 0.921514
2.340343 -0.552088 0.921515
2.342446 -0.552024 0.921513
2.344548 -0.551963 0.921514
2.346650 -0.551901 0.921515
2.348753 -0.551837 0.921514
2.350855 -0.551776 0.921515
2.352959 -0.551712 0.921513
2.355061 -0.551650 0.921514
2.357162 -0.551589 0.921515
2.359266 -0.551525 0.921513
2.361367 -0.551463 0.921514
2.363469 -0.551402 0.921515
2.365572 -0.551338 0.921514
2.367674 -0.551277 0.921515
2.369777 -0.551213 0.921513
2.371879 -0.551151 0.921514
2.373980 -0.551090 0.921515
2.266054 -0.557062 0.921511
2.268154 -0.556999 0.921510
2.270254 -0.556937 0.921511
2.272353 -0.556876 0.921512
2.274453 -0.556812 0.921510
2.276553 -0.556750 0.921511
2.278653 -0.556687 0.921509
2.280752 -0.556625 0.921510
2.276096 -0.570924 0.937162
2.275582 -0.576314 0.943102
2.276033 -0.579620 0.946771
2.276606 -0.582634 0.950121
2.277616 -0.584707 0.952445
2.278623 -0.586767 0.954755
2.279623 -0.588819 0.957056
2.280944 -0.590189 0.958614
2.282268 -0.591540 0.960151
2.283588 -0.592887 0.961683
2.284903 -0.594229 0.963209
2.286478 -0.595035 0.964152
2.288053 -0.595831 0.965084
2.289626 -0.596624 0.966011
2.291195 -0.597417 0.966939
2.292941 -0.597852 0.967477
2.294777 -0.598105 0.967817
2.296612 -0.598356 0.968155
2.298444 -0.598611 0.968497
2.300467 -0.598493 0.968433
2.302654 -0.598060 0.968026
2.304843 -0.597626 0.967618
2.307105 -0.597056 0.967063
2.309936 -0.595411 0.965337
2.312778 -0.593759 0.963604
2.317392 -0.588783 0.958256
2.337429 -0.554943 0.921512
2.339529 -0.554879 0.921510
2.341627 -0.554818 0.921511
2.343725 -0.554756 0.921512
2.345825 -0.554693 0.921511
2.347923 -0.554631 0.921512
2.350021 -0.554570 0.921513
2.352120 -0.554506 0.921511
2.354218 -0.554445 0.921512
2.356317 -0.554381 0.921511
2.358415 -0.554319 0.921512
2.360513 -0.554258 0.921513
2.362613 -0.554194 0.921511
2.364710 -0.554133 0.921512
2.366810 -0.554069 0.921511
2.368907 -0.554008 0.921512
2.371005 -0.553946 0.921513
2.373104 -0.553883 0.921511
2.265379 -0.559840 0.921507
2.267474 -0.559779 0.921508
2.269570 -0.559717 0.921509
2.271666 -0.559654 0.921507
2.273761 -0.559592 0.921508
2.275858 -0.559529 0.921507
2.277953 -0.559467 0.921508
2.280048 -0.559406 0.921509
2.275959 -0.572471 0.935862
2.275824 -0.577053 0.940939
2.276273 -0.580358 0.944618
2.276983 -0.583083 0.947664
2.277994 -0.585157 0.949997
2.279000 -0.587218 0.952316
2.280082 -0.589102 0.954440
2.281411 -0.590459 0.955989
2.282736 -0.591811 0.957532
2.284056 -0.593158 0.959069
2.285447 -0.594349 0.960436
2.287027 -0.595148 0.961374
2.288605 -0.595943 0.962308
2.290178 -0.596739 0.963242
2.291748 -0.597533 0.964174
2.293587 -0.597789 0.964518
2.295426 -0.598042 0.964860
2.297263 -0.598296 0.965202
2.299098 -0.598549 0.965543
2.301252 -0.598184 0.965210
2.303443 -0.597750 0.964800
2.305637 -0.597315 0.964390
2.308149 -0.596277 0.963321
2.310988 -0.594625 0.961584
2.314277 -0.592141 0.958937
2.334526 -0.557788 0.921509
2.336622 -0.557724 0.921508
2.338716 -0.557663 0.921508
2.340811 -0.557601 0.921509
2.342906 -0.557538 0.921508
2.345001 -0.557476 0.921509
2.347095 -0.557415 0.921510
2.349191 -0.557351 0.921508
2.351285 -0.557290 0.921509
2.353380 -0.557226 0.921508
2.355474 -0.557165 0.921509
2.357568 -0.557104 0.921510
2.359664 -0.557040 0.921508
2.361758 -0.556979 0.921509
2.363853 -0.556915 0.921508
2.365947 -0.556854 0.921509
2.368041 -0.556792 0.921510
2.370136 -0.556729 0.921508
2.372230 -0.556667 0.921509
2.264705 -0.562610 0.921505
2.266796 -0.562549 0.921506
2.268889 -0.562485 0.921504
2.270980 -0.562424 0.921505
2.273073 -0.562360 0.921504
2.275165 -0.562299 0.921505
2.277256 -0.562238 0.921506
2.279349 -0.562174 0.921504
2.275822 -0.574019 0.934566
2.276065 -0.577793 0.938773
2.276513 -0.581098 0.942466
2.277362 -0.583534 0.945203
2.278373 -0.585606 0.947542
2.279379 -0.587667 0.949869
2.280549 -0.589371 0.951802
2.281880 -0.590726 0.953355
2.283206 -0.592079 0.954904
2.284527 -0.593428 0.956448
2.285997 -0.594460 0.957645
2.287579 -0.595260 0.958587
2.289158 -0.596056 0.959525
2.290733 -0.596852 0.960463
2.292392 -0.597473 0.961209
2.294235 -0.597727 0.961553
2.296076 -0.597981 0.961896
2.297915 -0.598235 0.962240
2.299846 -0.598310 0.962386
2.302040 -0.597875 0.961975
2.304235 -0.597439 0.961563
2.306433 -0.597003 0.961151
2.309197 -0.595493 0.959562
2.312046 -0.593836 0.957813
2.316241 -0.589654 0.953298
2.333726 -0.560558 0.921505
2.335817 -0.560497 0.921506
2.337907 -0.560436 0.921507
2.339999 -0.560372 0.921505
2.342090 -0.560311 0.921506
2.344180 -0.560250 0.921507
2.346272 -0.560186 0.921506
2.348362 -0.560125 0.921507
2.350454 -0.560061 0.921505
2.352544 -0.560000 0.921506
2.354634 -0.559939 0.921507
2.356726 -0.559875 0.921505
2.358816 -0.559814 0.921506
2.360908 -0.559751 0.921505
2.362998 -0.559689 0.921506
2.365088 -0.559628 0.921507
2.367179 -0.559565 0.921505
2.369269 -0.559503 0.921506
2.371359 -0.559442 0.921507
2.264033 -0.565369 0.921503
2.266122 -0.565306 0.921502
2.268210 -0.565245 0.921503
2.270299 -0.565181 0.921501
2.272386 -0.565120 0.921502
2.274474 -0.565059 0.921503
2.276563 -0.564995 0.921502
2.276929 -0.568594 0.925531
2.275855 -0.575205 0.932874
2.276307 -0.578534 0.936605
2.276755 -0.581838 0.940308
2.277741 -0.583983 0.942736
2.278752 -0.586058 0.945085
2.279757 -0.588120 0.947421
2.281018 -0.589638 0.949156
2.282349 -0.590996 0.950717
2.283675 -0.592351 0.952273
2.284997 -0.593700 0.953823
2.286548 -0.594573 0.954849
2.288132 -0.595371 0.955793
2.289712 -0.596170 0.956737
2.291289 -0.596965 0.957677
2.293040 -0.597409 0.958230
2.294885 -0.597664 0.958576
2.296729 -0.597918 0.958921
2.298571 -0.598173 0.959266
2.300631 -0.598002 0.959144
2.302830 -0.597564 0.958728
2.305030 -0.597127 0.958314
2.307405 -0.596361 0.957538
2.310251 -0.594706 0.955784
2.313124 -0.593014 0.953990
2.330841 -0.563382 0.921502
2.332928 -0.563321 0.921503
2.335015 -0.563260 0.921504
2.337102 -0.563196 0.921502
2.339189 -0.563135 0.921503
2.341276 -0.563074 0.921504
2.343364 -0.563011 0.921503
2.345450 -0.562949 0.921504
2.347538 -0.562886 0.921502
2.349624 -0.562825 0.921503
2.351711 -0.562764 0.921504
2.353799 -0.562700 0.921503
2.355885 -0.562639 0.921504
2.357973 -0.562576 0.921502
2.360059 -0.562514 0.921503
2.362145 -0.562453 0.921504
2.364233 -0.562390 0.921503
2.366319 -0.562329 0.921504
2.368405 -0.562268 0.921505
2.370493 -0.562204 0.921503
2.263365 -0.568116 0.921499
2.265449 -0.568055 0.921500
2.267534 -0.567992 0.921498
2.269618 -0.567931 0.921499
2.271702 -0.567870 0.921500
2.273787 -0.567806 0.921499
2.275871 -0.567745 0.921500
2.276791 -0.570156 0.924230
2.276099 -0.575945 0.930690
2.276550 -0.579275 0.934435
2.277106 -0.582349 0.937896
2.278121 -0.584435 0.940266
2.279132 -0.586509 0.942622
2.280151 -0.588543 0.944934
2.281488 -0.589908 0.946507
2.282819 -0.591267 0.948074
2.284146 -0.592622 0.949636
2.285513 -0.593883 0.951093
2.287101 -0.594684 0.952043
2.288687 -0.595483 0.952991
2.290268 -0.596283 0.953940
2.291846 -0.597081 0.954886
2.293689 -0.597347 0.955246
2.295537 -0.597602 0.955593
2.297383 -0.597857 0.955940
2.299227 -0.598112 0.956286
2.301420 -0.597690 0.955887
2.303623 -0.597251 0.955469
2.305828 -0.596814 0.955053
2.308454 -0.595576 0.953754
2.311309 -0.593915 0.951988
2.315085 -0.590529 0.948322
2.330049 -0.566134 0.921500
2.332132 -0.566073 0.921501
2.334216 -0.566010 0.921500
2.336299 -0.565949 0.921501
2.338382 -0.565888 0.921502
2.340466 -0.565825 0.921500
2.342549 -0.565764 0.921501
2.344633 -0.565700 0.921500
2.346716 -0.565639 0.921500
2.348798 -0.565578 0.921501
2.350882 -0.565515 0.921500
2.352965 -0.565454 0.921501
2.355049 -0.565390 0.921499
2.357131 -0.565329 0.921500
2.359214 -0.565268 0.921501
2.361298 -0.565205 0.921500
2.363380 -0.565144 0.921501
2.365462 -0.565083 0.921502
2.367546 -0.565019 0.921500
2.369628 -0.564958 0.921501
2.262699 -0.570856 0.921497
2.264780 -0.570793 0.921496
2.266860 -0.570732 0.921497
2.268940 -0.570670 0.921498
2.271021 -0.570607 0.921496
2.273101 -0.570546 0.921497
2.275181 -0.570485 0.921498
2.276652 -0.571715 0.922929
2.276342 -0.576691 0.928510
2.276792 -0.580017 0.932262
2.277486 -0.582801 0.935413
2.278502 -0.584886 0.937790
2.279512 -0.586962 0.940157
2.280621 -0.588812 0.942273
2.281958 -0.590178 0.943852
2.283290 -0.591539 0.945426
2.284617 -0.592895 0.946994
2.286066 -0.593993 0.948276
2.287656 -0.594795 0.949230
2.289242 -0.595598 0.950185
2.290825 -0.596396 0.951135
2.292489 -0.597029 0.951902
2.294341 -0.597283 0.952249
2.296191 -0.597539 0.952598
2.298040 -0.597794 0.952947
2.300007 -0.597815 0.953037
2.302212 -0.597378 0.952619
2.304420 -0.596938 0.952199
2.306656 -0.596447 0.951721
2.309509 -0.594787 0.949951
2.312373 -0.593120 0.948174
2.317067 -0.588015 0.942595
2.329261 -0.568877 0.921498
2.331341 -0.568814 0.921497
2.333420 -0.568753 0.921498
2.335499 -0.568692 0.921499
2.337579 -0.568628 0.921497
2.339658 -0.568567 0.921498
2.341738 -0.568504 0.921497
2.343817 -0.568443 0.921498
2.345896 -0.568382 0.921499
2.347976 -0.568319 0.921497
2.350055 -0.568258 0.921498
2.352134 -0.568197 0.921499
2.354214 -0.568134 0.921498
2.356293 -0.568073 0.921499
2.358373 -0.568010 0.921497
2.360451 -0.567949 0.921498
2.362530 -0.567888 0.921499
2.364610 -0.567824 0.921498
2.366689 -0.567763 0.921498
2.368768 -0.567700 0.921497
2.262036 -0.573583 0.921493
2.264112 -0.573522 0.921494
2.266188 -0.573461 0.921495
2.268266 -0.573398 0.921493
2.270342 -0.573337 0.921494
2.272418 -0.573276 0.921495
2.274495 -0.573213 0.921494
2.276510 -0.573281 0.921638
2.276585 -0.577435 0.926324
2.277035 -0.580760 0.930087
2.277868 -0.583252 0.932924
2.278883 -0.585340 0.935312
2.279894 -0.587414 0.937684
2.281092 -0.589082 0.939605
2.282429 -0.590449 0.941191
2.283762 -0.591811 0.942771
2.285090 -0.593168 0.944345
2.286620 -0.594104 0.945452
2.288211 -0.594909 0.946413
2.289799 -0.595710 0.947369
2.291383 -0.596512 0.948326
2.293140 -0.596965 0.948895
2.294994 -0.597221 0.949246
2.296846 -0.597477 0.949597
2.298697 -0.597732 0.949947
2.300797 -0.597503 0.949759
2.303006 -0.597065 0.949339
2.305219 -0.596624 0.948916
2.307707 -0.595659 0.947912
2.310569 -0.593994 0.946131
2.313925 -0.591407 0.943327
2.326399 -0.571670 0.921496
2.328476 -0.571607 0.921494
2.330551 -0.571546 0.921495
2.332626 -0.571485 0.921496
2.334703 -0.571422 0.921495
2.336778 -0.571361 0.921496
2.338855 -0.571298 0.921494
2.340930 -0.571237 0.921495
2.343005 -0.571176 0.921496
2.345081 -0.571113 0.921494
2.347156 -0.571052 0.921495
2.349231 -0.570991 0.921496
2.351308 -0.570928 0.921495
2.353383 -0.570867 0.921496
2.355459 -0.570804 0.921494
2.357534 -0.570743 0.921495
2.359609 -0.570682 0.921496
2.361685 -0.570619 0.921495
2.363759 -0.570558 0.921496
2.365836 -0.570495 0.921494
2.367910 -0.570434 0.921495
2.261374 -0.576302 0.921491
2.263447 -0.576241 0.921492
2.265520 -0.576178 0.921491
2.267593 -0.576117 0.921491
2.269665 -0.576057 0.921492
2.271738 -0.575993 0.921491
2.273811 -0.575933 0.921492
2.275884 -0.575870 0.921490
2.276829 -0.578180 0.924136
2.277278 -0.581504 0.927910
2.278249 -0.583706 0.930433
2.279265 -0.585792 0.932827
2.280275 -0.587869 0.935210
2.281564 -0.589353 0.936932
2.282902 -0.590721 0.938524
2.284236 -0.592081 0.940108
2.285580 -0.593409 0.941655
2.287176 -0.594215 0.942620
2.288769 -0.595021 0.943585
2.290358 -0.595823 0.944546
2.291944 -0.596626 0.945507
2.293793 -0.596900 0.945879
2.295650 -0.597156 0.946232
2.297505 -0.597412 0.946584
2.299379 -0.597628 0.946891
2.301591 -0.597189 0.946469
2.303804 -0.596750 0.946047
2.306021 -0.596308 0.945622
2.308763 -0.594868 0.944085
2.311633 -0.593197 0.942292
2.315906 -0.588892 0.937567
2.325621 -0.574390 0.921491
2.327693 -0.574329 0.921492
2.329764 -0.574268 0.921493
2.331837 -0.574205 0.921492
2.333909 -0.574144 0.921493
2.335981 -0.574081 0.921491
2.338053 -0.574021 0.921492
2.340124 -0.573960 0.921493
2.342197 -0.573897 0.921492
2.344268 -0.573836 0.921493
2.346339 -0.573775 0.921494
2.348412 -0.573712 0.921492
2.350483 -0.573651 0.921493
2.352555 -0.573588 0.921492
2.354626 -0.573528 0.921493
2.356698 -0.573467 0.921494
2.358770 -0.573404 0.921492
2.360841 -0.573343 0.921493
2.362913 -0.573280 0.921491
2.364984 -0.573219 0.921492
2.367055 -0.573158 0.921493
2.260715 -0.579011 0.921489
2.262785 -0.578949 0.921488
2.264853 -0.578888 0.921489
2.266922 -0.578827 0.921490
2.268992 -0.578764 0.921488
2.271060 -0.578703 0.921489
2.273129 -0.578643 0.921490
2.275198 -0.578580 0.921489
2.277072 -0.578928 0.921948
2.277612 -0.582060 0.925520
2.278632 -0.584160 0.927937
2.279648 -0.586247 0.930340
2.280694 -0.588249 0.932647
2.282038 -0.589622 0.934251
2.283376 -0.590991 0.935849
2.284710 -0.592355 0.937442
2.286136 -0.593520 0.938812
2.287733 -0.594328 0.939784
2.289328 -0.595133 0.940751
2.290918 -0.595938 0.941718
2.292587 -0.596579 0.942502
2.294447 -0.596836 0.942856
2.296306 -0.597093 0.943211
2.298164 -0.597350 0.943565
2.300171 -0.597314 0.943592
2.302387 -0.596874 0.943168
2.304605 -0.596434 0.942743
2.306954 -0.595745 0.942041
2.309824 -0.594073 0.940240
2.312763 -0.592284 0.938309
2.322777 -0.577163 0.921489
2.324845 -0.577102 0.921490
2.326913 -0.577042 0.921491
2.328982 -0.576979 0.921489
2.331049 -0.576918 0.921490
2.333118 -0.576855 0.921489
2.335186 -0.576794 0.921490
2.337254 -0.576733 0.921490
2.339322 -0.576671 0.921489
2.341390 -0.576610 0.921490
2.343457 -0.576549 0.921491
2.345526 -0.576486 0.921489
2.347594 -0.576426 0.921490
2.349662 -0.576363 0.921489
2.351730 -0.576302 0.921490
2.353797 -0.576241 0.921491
2.355866 -0.576178 0.921489
2.357933 -0.576118 0.921490
2.360002 -0.576055 0.921489
2.362069 -0.575994 0.921490
2.364136 -0.575933 0.921491
2.366205 -0.575870 0.921489
2.260059 -0.581709 0.921485
2.262124 -0.581648 0.921486
2.264189 -0.581587 0.921487
2.266255 -0.581525 0.921486
2.268320 -0.581464 0.921486
2.270385 -0.581403 0.921487
2.272450 -0.581340 0.921486
2.274515 -0.581280 0.921487
2.276581 -0.581217 0.921485
2.277995 -0.582515 0.923011
2.279016 -0.584613 0.925435
2.280031 -0.586701 0.927846
2.281168 -0.588520 0.929955
2.282512 -0.589894 0.931565
2.283851 -0.591264 0.933170
2.285185 -0.592629 0.934769
2.286692 -0.593633 0.935964
2.288292 -0.594440 0.936937
2.289888 -0.595246 0.937909
2.291480 -0.596052 0.938880
2.293242 -0.596513 0.939466
2.295105 -0.596771 0.939822
2.296965 -0.597031 0.940181
2.298825 -0.597288 0.940536
2.300965 -0.596999 0.940281
2.303186 -0.596559 0.939854
2.305408 -0.596117 0.939427
2.308011 -0.594952 0.938188
2.310890 -0.593274 0.936376
2.314740 -0.589773 0.932520
2.322007 -0.579865 0.921487
2.324071 -0.579805 0.921488
2.326137 -0.579742 0.921486
2.328201 -0.579681 0.921487
2.330266 -0.579618 0.921486
2.332330 -0.579558 0.921487
2.334394 -0.579497 0.921488
2.336459 -0.579434 0.921486
2.338522 -0.579374 0.921487
2.340586 -0.579313 0.921488
2.342651 -0.579250 0.921487
2.344715 -0.579190 0.921488
2.346780 -0.579127 0.921486
2.348844 -0.579066 0.921487
2.350907 -0.579005 0.921488
2.352972 -0.578943 0.921487
2.355036 -0.578882 0.921488
2.357101 -0.578819 0.921486
2.359164 -0.578759 0.921487
2.361228 -0.578698 0.921488
2.363292 -0.578635 0.921486
2.365356 -0.578575 0.921487
2.259404 -0.584398 0.921483
2.261466 -0.584338 0.921484
2.263528 -0.584275 0.921483
2.265589 -0.584215 0.921484
2.267650 -0.584154 0.921485
2.269712 -0.584091 0.921483
2.271774 -0.584031 0.921484
2.273836 -0.583968 0.921483
2.275897 -0.583907 0.921484
2.277958 -0.583847 0.921485
2.279399 -0.585070 0.922931
2.280415 -0.587158 0.925350
2.281642 -0.588791 0.927257
2.282987 -0.590166 0.928874
2.284326 -0.591537 0.930486
2.285662 -0.592903 0.932091
2.287251 -0.593744 0.933106
2.288852 -0.594552 0.934083
2.290449 -0.595361 0.935062
2.292043 -0.596166 0.936035
2.293897 -0.596450 0.936423
2.295763 -0.596708 0.936781
2.297627 -0.596965 0.937139
2.299540 -0.597124 0.937385
2.301763 -0.596683 0.936957
2.303988 -0.596241 0.936528
2.306214 -0.595799 0.936099
2.309075 -0.594152 0.934315
2.311961 -0.592471 0.932493
2.316737 -0.587235 0.926674
2.321240 -0.582558 0.921485
2.323302 -0.582495 0.921484
2.325362 -0.582434 0.921485
2.327422 -0.582374 0.921486
2.329484 -0.582311 0.921484
2.331544 -0.582251 0.921485
2.333605 -0.582188 0.921484
2.335665 -0.582127 0.921485
2.337725 -0.582067 0.921486
2.339787 -0.582004 0.921484
2.341847 -0.581944 0.921485
2.343908 -0.581881 0.921483
2.345968 -0.581820 0.921484
2.348028 -0.581760 0.921485
2.350089 -0.581697 0.921484
2.352149 -0.581636 0.921485
2.354210 -0.581574 0.921483
2.356270 -0.581513 0.921484
2.358330 -0.581453 0.921485
2.360391 -0.581390 0.921484
2.362450 -0.581329 0.921485
2.364511 -0.581267 0.921483
2.258752 -0.587078 0.921482
2.260811 -0.587016 0.921480
2.262868 -0.586955 0.921481
2.264926 -0.586895 0.921482
2.266984 -0.586832 0.921481
2.269042 -0.586772 0.921482
2.271100 -0.586709 0.921480
2.273157 -0.586648 0.921481
2.275215 -0.586588 0.921482
2.277273 -0.586525 0.921480
2.279330 -0.586465 0.921481
2.280800 -0.587613 0.922848
2.282117 -0.589063 0.924554
2.283462 -0.590439 0.926177
2.284803 -0.591811 0.927795
2.286206 -0.593044 0.929256
2.287812 -0.593855 0.930240
2.289413 -0.594666 0.931225
2.291012 -0.595474 0.932205
2.292686 -0.596125 0.933008
2.294555 -0.596385 0.933371
2.296423 -0.596644 0.933730
2.298290 -0.596902 0.934090
2.300336 -0.596808 0.934052
2.302563 -0.596366 0.933621
2.304792 -0.595923 0.933190
2.307257 -0.595034 0.932256
2.310142 -0.593351 0.930426
2.313570 -0.590654 0.927452
2.318419 -0.585301 0.921482
2.320477 -0.585238 0.921481
2.322534 -0.585178 0.921482
2.324590 -0.585117 0.921483
2.326648 -0.585055 0.921481
2.328705 -0.584994 0.921482
2.330762 -0.584932 0.921481
2.332819 -0.584871 0.921482
2.334875 -0.584811 0.921483
2.336933 -0.584748 0.921481
2.338989 -0.584688 0.921482
2.341046 -0.584625 0.921481
2.343103 -0.584565 0.921482
2.345159 -0.584504 0.921483
2.347216 -0.584441 0.921481
2.349273 -0.584381 0.921482
2.351330 -0.584318 0.921481
2.353386 -0.584258 0.921482
2.355442 -0.584198 0.921483
2.357500 -0.584135 0.921481
2.359556 -0.584074 0.921482
2.361613 -0.584012 0.921481
2.363669 -0.583951 0.921482
2.258104 -0.589746 0.921477
2.260157 -0.589686 0.921478
2.262211 -0.589626 0.921479
2.264266 -0.589563 0.921478
2.266320 -0.589503 0.921479
2.268374 -0.589440 0.921477
2.270428 -0.589380 0.921478
2.272482 -0.589319 0.921479
2.274536 -0.589257 0.921478
2.276590 -0.589196 0.921479
2.278644 -0.589134 0.921477
2.280698 -0.589073 0.921478
2.282595 -0.589333 0.921842
2.283941 -0.590711 0.923472
2.285282 -0.592084 0.925096
2.286766 -0.593154 0.926378
2.288373 -0.593966 0.927367
2.289976 -0.594779 0.928356
2.291577 -0.595587 0.929340
2.293343 -0.596060 0.929945
2.295215 -0.596319 0.930307
2.297086 -0.596578 0.930668
2.298956 -0.596836 0.931030
2.301135 -0.596490 0.930707
2.303367 -0.596047 0.930274
2.305600 -0.595604 0.929840
2.308320 -0.594235 0.928359
2.311214 -0.592546 0.926517
2.315561 -0.588124 0.921582
2.317663 -0.587972 0.921478
2.319716 -0.587911 0.921479
2.321769 -0.587851 0.921480
2.323823 -0.587788 0.921479
2.325875 -0.587728 0.921480
2.327929 -0.587665 0.921478
2.329982 -0.587605 0.921479
2.332035 -0.587545 0.921480
2.334089 -0.587482 0.921479
2.336141 -0.587422 0.921480
2.338195 -0.587359 0.921478
2.340248 -0.587299 0.921479
2.342300 -0.587239 0.921480
2.344354 -0.587176 0.921478
2.346407 -0.587116 0.921479
2.348460 -0.587053 0.921478
2.350513 -0.586993 0.921479
2.352565 -0.586932 0.921480
2.354619 -0.586870 0.921478
2.356671 -0.586810 0.921479
2.358725 -0.586747 0.921478
2.360777 -0.586687 0.921479
2.362829 -0.586626 0.921480
2.257456 -0.592407 0.921476
2.259506 -0.592347 0.921477
2.261557 -0.592284 0.921475
2.263607 -0.592224 0.921476
2.265658 -0.592161 0.921475
2.267708 -0.592101 0.921476
2.269758 -0.592041 0.921477
2.271809 -0.591978 0.921475
2.273859 -0.591918 0.921476
2.275909 -0.591858 0.921477
2.277960 -0.591795 0.921475
2.280010 -0.591735 0.921476
2.282060 -0.591673 0.921475
2.284110 -0.591612 0.921476
2.285761 -0.592359 0.922394
2.287328 -0.593265 0.923493
2.288936 -0.594080 0.924489
2.290541 -0.594891 0.925480
2.292142 -0.595703 0.926471
2.294002 -0.595995 0.926872
2.295877 -0.596255 0.927236
2.297750 -0.596514 0.927599
2.299703 -0.596616 0.927784
2.301937 -0.596172 0.927349
2.304173 -0.595728 0.926914
2.306498 -0.595117 0.926289
2.309390 -0.593429 0.924442
2.312398 -0.591537 0.922362
2.314859 -0.590695 0.921476
2.316908 -0.590635 0.921477
2.318957 -0.590574 0.921478
2.321007 -0.590512 0.921476
2.323057 -0.590452 0.921477
2.325107 -0.590389 0.921475
2.327156 -0.590329 0.921476
2.329205 -0.590269 0.921477
2.331255 -0.590206 0.921476
2.333304 -0.590146 0.921477
2.335354 -0.590084 0.921475
2.337403 -0.590023 0.921476
2.339452 -0.589963 0.921477
2.341502 -0.589901 0.921476
2.343551 -0.589840 0.921477
2.345601 -0.589778 0.921475
2.347650 -0.589718 0.921476
2.349698 -0.589657 0.921477
2.351748 -0.589595 0.921476
2.353797 -0.589535 0.921477
2.355847 -0.589472 0.921475
2.357896 -0.589412 0.921476
2.359944 -0.589352 0.921477
2.361994 -0.589289 0.921476
2.256811 -0.595058 0.921474
2.258859 -0.594995 0.921473
2.260905 -0.594935 0.921473
2.262952 -0.594873 0.921472
2.264999 -0.594813 0.921473
2.267045 -0.594753 0.921474
2.269092 -0.594690 0.921472
2.271138 -0.594630 0.921473
2.273185 -0.594570 0.921474
2.275232 -0.594507 0.921473
2.277278 -0.594447 0.921474
2.279325 -0.594385 0.921472
2.281371 -0.594325 0.921473
2.283417 -0.594264 0.921474
2.285464 -0.594202 0.921473
2.287510 -0.594142 0.921474
2.289500 -0.594192 0.921601
2.291107 -0.595005 0.922596
2.292785 -0.595668 0.923422
2.294664 -0.595928 0.923788
2.296542 -0.596188 0.924153
2.298418 -0.596447 0.924519
2.300504 -0.596297 0.924416
2.302742 -0.595852 0.923979
2.304982 -0.595407 0.923541
2.307564 -0.594313 0.922364
2.310018 -0.593471 0.921474
2.312065 -0.593409 0.921473
2.314110 -0.593349 0.921474
2.316156 -0.593288 0.921475
2.318202 -0.593226 0.921473
2.320248 -0.593166 0.921474
2.322294 -0.593103 0.921473
2.324340 -0.593043 0.921474
2.326385 -0.592983 0.921475
2.328432 -0.592921 0.921473
2.330477 -0.592861 0.921474
2.332523 -0.592798 0.921473
2.334569 -0.592738 0.921474
2.336614 -0.592678 0.921475
2.338660 -0.592616 0.921473
2.340705 -0.592555 0.921474
2.342752 -0.592493 0.921473
2.344797 -0.592433 0.921474
2.346842 -0.592373 0.921475
2.348888 -0.592310 0.921473
2.350933 -0.592250 0.921474
2.352979 -0.592188 0.921472
2.355024 -0.592128 0.921473
2.357069 -0.592067 0.921474
2.359115 -0.592005 0.921473
2.361160 -0.591945 0.921474
2.256170 -0.597697 0.921470
2.258212 -0.597637 0.921471
2.260256 -0.597575 0.921469
2.262299 -0.597515 0.921470
2.264341 -0.597454 0.921471
2.266385 -0.597392 0.921470
2.268427 -0.597332 0.921471
2.270470 -0.597272 0.921472
2.272513 -0.597210 0.921470
2.274556 -0.597150 0.921471
2.276599 -0.597087 0.921470
2.278642 -0.597027 0.921471
2.280684 -0.596967 0.921472
2.282727 -0.596905 0.921470
2.284770 -0.596845 0.921471
2.286812 -0.596785 0.921472
2.288855 -0.596722 0.921470
2.290898 -0.596662 0.921471
2.292941 -0.596600 0.921470
2.294983 -0.596540 0.921471
2.297025 -0.596480 0.921472
2.299068 -0.596417 0.921470
2.301110 -0.596357 0.921471
2.303153 -0.596295 0.921470
2.305195 -0.596235 0.921471
2.307237 -0.596175 0.921472
2.309281 -0.596113 0.921470
2.311322 -0.596053 0.921471
2.313364 -0.595992 0.921472
2.315407 -0.595930 0.921471
2.317449 -0.595870 0.921472
2.319492 -0.595808 0.921470
2.321534 -0.595748 0.921471
2.323576 -0.595688 0.921472
2.325618 -0.595625 0.921471
2.327660 -0.595565 0.921472
2.329703 -0.595503 0.921470
2.331744 -0.595443 0.921471
2.333786 -0.595383 0.921472
2.335829 -0.595321 0.921470
2.337870 -0.595261 0.921471
2.339913 -0.595198 0.921470
2.341954 -0.595138 0.921471
2.343996 -0.595078 0.921472
2.346038 -0.595016 0.921470
2.348080 -0.594956 0.921471
2.350122 -0.594894 0.921470
2.352164 -0.594834 0.921471
2.354205 -0.594773 0.921472
2.356247 -0.594711 0.921470
2.358289 -0.594651 0.921471
2.360331 -0.594589 0.921470
2.255529 -0.600329 0.921468
2.257569 -0.600267 0.921467
2.259608 -0.600207 0.921468
2.261647 -0.600147 0.921469
2.263687 -0.600085 0.921467
2.265726 -0.600025 0.921468
2.267765 -0.599964 0.921469
2.269805 -0.599902 0.921468
2.271844 -0.599842 0.921468
2.273883 -0.599780 0.921467
2.275922 -0.599720 0.921468
2.277961 -0.599660 0.921469
2.280001 -0.599598 0.921467
2.282039 -0.599538 0.921468
2.284078 -0.599478 0.921469
2.286118 -0.599416 0.921468
2.288156 -0.599356 0.921469
2.290196 -0.599293 0.921467
2.292234 -0.599233 0.921468
2.294273 -0.599173 0.921469
2.296312 -0.599111 0.921468
2.298351 -0.599051 0.921469
2.300390 -0.598989 0.921467
2.302429 -0.598929 0.921468
2.304467 -0.598869 0.921469
2.306506 -0.598807 0.921468
2.308545 -0.598747 0.921469
2.310583 -0.598687 0.921470
2.312622 -0.598625 0.921468
2.314660 -0.598565 0.921469
2.316700 -0.598503 0.921468
2.318738 -0.598443 0.921468
2.320776 -0.598383 0.921469
2.322815 -0.598320 0.921468
2.324853 -0.598260 0.921469
2.326892 -0.598198 0.921467
2.328930 -0.598138 0.921468
2.330968 -0.598078 0.921469
2.333007 -0.598016 0.921468
2.335045 -0.597956 0.921469
2.337084 -0.597894 0.921467
2.339122 -0.597834 0.921468
2.341160 -0.597774 0.921469
2.343199 -0.597712 0.921468
2.345237 -0.597652 0.921469
2.347275 -0.597590 0.921467
2.349313 -0.597530 0.921468
2.351351 -0.597470 0.921469
2.353390 -0.597408 0.921468
2.355427 -0.597348 0.921469
2.357466 -0.597285 0.921467
2.359504 -0.597225 0.921468
2.254892 -0.602949 0.921464
2.256927 -0.602889 0.921465
2.258963 -0.602829 0.921466
2.260999 -0.602767 0.921464
2.263034 -0.602707 0.921465
2.265070 -0.602647 0.921466
2.267106 -0.602585 0.921465
2.269141 -0.602525 0.921466
2.271177 -0.602463 0.921464
2.273212 -0.602403 0.921465
2.275247 -0.602343 0.921466
2.277284 -0.602281 0.921465
2.279319 -0.602221 0.921466
2.281354 -0.602161 0.921467
2.283390 -0.602099 0.921465
2.285425 -0.602039 0.921466
2.287461 -0.601977 0.921465
2.289496 -0.601917 0.921466
2.291530 -0.601858 0.921467
2.293566 -0.601795 0.921465
2.295601 -0.601736 0.921466
2.297637 -0.601673 0.921465
2.299672 -0.601614 0.921466
2.301706 -0.601554 0.921466
2.303742 -0.601492 0.921465
2.305777 -0.601432 0.921466
2.307811 -0.601372 0.921467
2.309847 -0.601310 0.921465
2.311882 -0.601250 0.921466
2.313917 -0.601188 0.921465
2.315952 -0.601128 0.921466
2.317986 -0.601068 0.921467
2.320022 -0.601006 0.921465
2.322056 -0.600946 0.921466
2.324092 -0.600884 0.921465
2.326126 -0.600824 0.921466
2.328161 -0.600764 0.921467
2.330196 -0.600702 0.921465
2.332230 -0.600642 0.921466
2.334266 -0.600580 0.921465
2.336300 -0.600520 0.921466
2.338334 -0.600460 0.921467
2.340369 -0.600398 0.921465
2.342403 -0.600338 0.921466
2.344439 -0.600276 0.921465
2.346473 -0.600216 0.921466
2.348507 -0.600156 0.921466
2.350542 -0.600094 0.921465
2.352576 -0.600034 0.921466
2.354611 -0.599972 0.921464
2.356645 -0.599912 0.921465
2.358679 -0.599852 0.921466
2.254256 -0.605562 0.921462
2.256288 -0.605502 0.921463
2.258321 -0.605440 0.921462
2.260352 -0.605381 0.921463
2.262384 -0.605321 0.921464
2.264417 -0.605259 0.921462
2.266448 -0.605199 0.921463
2.268481 -0.605137 0.921462
2.270512 -0.605077 0.921463
2.272544 -0.605017 0.921464
2.274576 -0.604955 0.921462
2.276608 -0.604895 0.921463
2.278639 -0.604836 0.921464
2.280672 -0.604774 0.921463
2.282703 -0.604714 0.921464
2.284735 -0.604652 0.921462
2.286767 -0.604592 0.921463
2.288798 -0.604532 0.921464
2.290830 -0.604470 0.921462
2.292861 -0.604410 0.921463
2.294893 -0.604348 0.921462
2.296925 -0.604288 0.921463
2.298956 -0.604229 0.921464
2.300988 -0.604167 0.921462
2.303019 -0.604107 0.921463
2.305050 -0.604047 0.921464
2.307082 -0.603985 0.921463
2.309113 -0.603925 0.921464
2.311145 -0.603863 0.921462
2.313176 -0.603803 0.921463
2.315207 -0.603744 0.921464
2.317239 -0.603682 0.921463
2.319270 -0.603622 0.921464
2.321301 -0.603560 0.921462
2.323332 -0.603500 0.921463
2.325363 -0.603440 0.921464
2.327395 -0.603378 0.921463
2.329425 -0.603318 0.921464
2.331457 -0.603256 0.921462
2.333488 -0.603197 0.921463
2.335518 -0.603137 0.921464
2.337550 -0.603075 0.921462
2.339581 -0.603015 0.921463
2.341612 -0.602953 0.921462
2.343643 -0.602893 0.921463
2.345673 -0.602833 0.921464
2.347705 -0.602771 0.921462
2.349735 -0.602712 0.921463
2.351767 -0.602650 0.921462
2.353797 -0.602590 0.921463
2.355827 -0.602530 0.921464
2.357859 -0.602468 0.921462
2.253623 -0.608166 0.921461
2.255652 -0.608104 0.921459
2.257680 -0.608044 0.921460
2.259708 -0.607985 0.921461
2.261737 -0.607923 0.921460
2.263765 -0.607863 0.921461
2.265794 -0.607801 0.921459
2.267822 -0.607741 0.921460
2.269850 -0.607681 0.921461
2.271879 -0.607620 0.921460
2.273906 -0.607560 0.921460
2.275934 -0.607500 0.921461
2.277963 -0.607438 0.921460
2.279991 -0.607378 0.921461
2.282020 -0.607317 0.921459
2.284047 -0.607257 0.921460
2.286075 -0.607197 0.921461
2.288104 -0.607135 0.921460
2.290131 -0.607075 0.921461
2.292160 -0.607014 0.921459
2.294187 -0.606954 0.921460
2.296215 -0.606894 0.921461
2.298243 -0.606832 0.921460
2.300271 -0.606772 0.921461
2.302298 -0.606713 0.921462
2.304327 -0.606651 0.921460
2.306354 -0.606591 0.921461
2.308383 -0.606529 0.921460
2.310410 -0.606469 0.921461
2.312437 -0.606410 0.921462
2.314465 -0.606348 0.921460
2.316493 -0.606288 0.921461
2.318521 -0.606226 0.921460
2.320548 -0.606166 0.921460
2.322575 -0.606107 0.921461
2.324603 -0.606045 0.921460
2.326630 -0.605985 0.921461
2.328659 -0.605923 0.921459
2.330686 -0.605863 0.921460
2.332713 -0.605804 0.921461
2.334741 -0.605742 0.921460
2.336768 -0.605682 0.921461
2.338796 -0.605620 0.921459
2.340823 -0.605561 0.921460
2.342849 -0.605501 0.921461
2.344877 -0.605439 0.921460
2.346904 -0.605379 0.921461
2.348932 -0.605317 0.921459
2.350959 -0.605258 0.921460
2.352985 -0.605198 0.921461
2.355013 -0.605136 0.921460
2.357040 -0.605076 0.921461
2.252992 -0.610758 0.921457
2.255017 -0.610699 0.921458
2.257041 -0.610639 0.921459
2.259067 -0.610577 0.921457
2.261091 -0.610517 0.921458
2.263117 -0.610456 0.921456
2.265141 -0.610396 0.921457
2.267165 -0.610336 0.921458
2.269191 -0.610274 0.921457
2.271215 -0.610215 0.921458
2.273239 -0.610155 0.921459
2.275264 -0.610093 0.921457
2.277288 -0.610034 0.921458
2.279313 -0.609972 0.921457
2.281338 -0.609912 0.921458
2.283362 -0.609853 0.921459
2.285387 -0.609791 0.921457
2.287411 -0.609731 0.921458
2.289435 -0.609671 0.921459
2.291460 -0.609610 0.921458
2.293484 -0.609550 0.921459
2.295509 -0.609488 0.921457
2.297532 -0.609428 0.921458
2.299556 -0.609369 0.921459
2.301581 -0.609307 0.921458
2.303605 -0.609247 0.921459
2.305630 -0.609186 0.921457
2.307654 -0.609126 0.921458
2.309677 -0.609066 0.921459
2.311702 -0.609005 0.921457
2.313726 -0.608945 0.921458
2.315750 -0.608883 0.921457
2.317774 -0.608823 0.921458
2.319797 -0.608764 0.921459
2.321822 -0.608702 0.921457
2.323846 -0.608642 0.921458
2.325870 -0.608581 0.921457
2.327894 -0.608521 0.921458
2.329917 -0.608461 0.921459
2.331941 -0.608400 0.921457
2.333965 -0.608340 0.921458
2.335989 -0.608278 0.921457
2.338012 -0.608218 0.921458
2.340036 -0.608159 0.921459
2.342060 -0.608097 0.921457
2.344083 -0.608037 0.921458
2.346108 -0.607976 0.921457
2.348131 -0.607916 0.921458
2.350154 -0.607856 0.921459
2.352178 -0.607795 0.921457
2.354201 -0.607735 0.921458
2.356225 -0.607673 0.921456
2.252363 -0.613343 0.921455
2.254384 -0.613284 0.921456
2.256406 -0.613222 0.921454
2.258427 -0.613162 0.921455
2.260449 -0.613101 0.921454
2.262470 -0.613041 0.921455
2.264490 -0.612982 0.921456
2.266512 -0.612920 0.921454
2.268533 -0.612860 0.921455
2.270553 -0.612801 0.921456
2.272575 -0.612739 0.921455
2.274595 -0.612679 0.921456
2.276617 -0.612618 0.921454
2.278638 -0.612558 0.921455
2.280658 -0.612499 0.921456
2.282680 -0.612437 0.921455
2.284700 -0.612377 0.921456
2.286720 -0.612318 0.921457
2.288742 -0.612256 0.921455
2.290762 -0.612196 0.921456
2.292784 -0.612135 0.921455
2.294804 -0.612075 0.921455
2.296824 -0.612016 0.921456
2.298845 -0.611954 0.921455
2.300866 -0.611894 0.921456
2.302887 -0.611833 0.921454
2.304907 -0.611773 0.921455
2.306927 -0.611714 0.921456
2.308948 -0.611652 0.921455
2.310968 -0.611592 0.921456
2.312990 -0.611531 0.921454
2.315010 -0.611471 0.921455
2.317029 -0.611411 0.921456
2.319051 -0.611350 0.921455
2.321070 -0.611290 0.921456
2.323091 -0.611229 0.921454
2.325111 -0.611169 0.921455
2.327131 -0.611109 0.921456
2.329152 -0.611048 0.921455
2.331172 -0.610988 0.921456
2.333193 -0.610926 0.921454
2.335212 -0.610867 0.921455
2.337232 -0.610807 0.921456
2.339253 -0.610746 0.921455
2.341272 -0.610686 0.921455
2.343293 -0.610624 0.921454
2.345313 -0.610565 0.921455
2.347332 -0.610505 0.921456
2.349353 -0.610444 0.921454
2.351372 -0.610384 0.921455
2.353393 -0.610322 0.921454
2.355412 -0.610263 0.921455
2.251737 -0.615919 0.921453
2.253755 -0.615858 0.921452
2.255772 -0.615798 0.921453
2.257790 -0.615737 0.921451
2.259808 -0.615677 0.921452
2.261825 -0.615618 0.921453
2.263843 -0.615556 0.921452
2.265860 -0.615496 0.921453
2.267877 -0.615437 0.921454
2.269895 -0.615375 0.921452
2.271912 -0.615316 0.921453
2.273930 -0.615254 0.921452
2.275947 -0.615195 0.921453
2.277964 -0.615135 0.921454
2.279982 -0.615074 0.921452
2.281999 -0.615014 0.921453
2.284016 -0.614955 0.921454
2.286034 -0.614893 0.921452
2.288050 -0.614834 0.921453
2.290068 -0.614772 0.921452
2.292085 -0.614712 0.921453
2.294102 -0.614653 0.921454
2.296119 -0.614591 0.921452
2.298136 -0.614532 0.921453
2.300154 -0.614470 0.921452
2.302170 -0.614411 0.921453
2.304187 -0.614351 0.921454
2.306204 -0.614290 0.921452
2.308221 -0.614230 0.921453
2.310239 -0.614169 0.921452
2.312255 -0.614109 0.921453
2.314271 -0.614050 0.921454
2.316289 -0.613988 0.921452
2.318305 -0.613929 0.921453
2.320323 -0.613867 0.921452
2.322339 -0.613808 0.921453
2.324355 -0.613748 0.921454
2.326373 -0.613687 0.921452
2.328389 -0.613627 0.921453
2.330406 -0.613565 0.921452
2.332422 -0.613506 0.921452
2.334438 -0.613447 0.921453
2.336456 -0.613385 0.921452
2.338472 -0.613325 0.921453
2.340489 -0.613264 0.921451
2.342505 -0.613204 0.921452
2.344521 -0.613145 0.921453
2.346538 -0.613083 0.921452
2.348554 -0.613024 0.921453
2.350571 -0.612962 0.921451
2.352587 -0.612903 0.921452
2.354603 -0.612843 0.921453
2.251113 -0.618484 0.921449
2.253127 -0.618425 0.921450
2.255141 -0.618363 0.921449
2.257155 -0.618304 0.921450
2.259169 -0.618244 0.921451
2.261183 -0.618183 0.921449
2.263197 -0.618123 0.921450
2.265210 -0.618064 0.921451
2.267225 -0.618002 0.921450
2.269238 -0.617943 0.921451
2.271253 -0.617881 0.921449
2.273266 -0.617822 0.921450
2.275280 -0.617763 0.921451
2.277294 -0.617701 0.921449
2.279307 -0.617642 0.921450
2.281321 -0.617582 0.921451
2.283335 -0.617521 0.921450
2.285348 -0.617461 0.921451
2.287362 -0.617400 0.921449
2.289376 -0.617340 0.921450
2.291389 -0.617281 0.921451
2.293403 -0.617220 0.921450
2.295416 -0.617160 0.921451
2.297430 -0.617099 0.921449
2.299443 -0.617039 0.921450
2.301456 -0.616980 0.921451
2.303470 -0.616918 0.921450
2.305483 -0.616859 0.921451
2.307497 -0.616797 0.921449
2.309510 -0.616738 0.921450
2.311523 -0.616679 0.921451
2.313537 -0.616617 0.921450
2.315550 -0.616558 0.921451
2.317564 -0.616496 0.921449
2.319576 -0.616437 0.921450
2.321589 -0.616378 0.921451
2.323603 -0.616316 0.921449
2.325616 -0.616257 0.921450
2.327629 -0.616195 0.921449
2.329642 -0.616136 0.921450
2.331654 -0.616076 0.921451
2.333668 -0.616015 0.921449
2.335681 -0.615955 0.921450
2.337694 -0.615894 0.921449
2.339707 -0.615835 0.921450
2.341719 -0.615775 0.921451
2.343733 -0.615714 0.921449
2.345745 -0.615654 0.921450
2.347759 -0.615593 0.921449
2.349771 -0.615534 0.921450
2.351783 -0.615474 0.921451
2.353797 -0.615413 0.921449
2.250491 -0.621042 0.921448
2.252501 -0.620982 0.921449
2.254512 -0.620921 0.921447
2.256522 -0.620862 0.921448
2.258533 -0.620800 0.921447
2.260543 -0.620741 0.921448
2.262553 -0.620681 0.921448
2.264564 -0.620620 0.921447
2.266574 -0.620561 0.921448
2.268585 -0.620499 0.921446
2.270595 -0.620440 0.921447
2.272605 -0.620381 0.921448
2.274616 -0.620319 0.921447
2.276625 -0.620260 0.921448
2.278635 -0.620201 0.921449
2.280646 -0.620139 0.921447
2.282656 -0.620080 0.921448
2.284666 -0.620018 0.921447
2.286676 -0.619959 0.921448
2.288686 -0.619900 0.921449
2.290696 -0.619838 0.921447
2.292706 -0.619779 0.921448
2.294716 -0.619718 0.921447
2.296726 -0.619658 0.921448
2.298735 -0.619599 0.921449
2.300746 -0.619538 0.921447
2.302755 -0.619478 0.921448
2.304766 -0.619417 0.921447
2.306775 -0.619358 0.921448
2.308784 -0.619298 0.921448
2.310795 -0.619237 0.921447
2.312804 -0.619178 0.921448
2.314814 -0.619116 0.921446
2.316824 -0.619057 0.921447
2.318833 -0.618998 0.921448
2.320843 -0.618936 0.921447
2.322852 -0.618877 0.921448
2.324862 -0.618816 0.921446
2.326871 -0.618756 0.921447
2.328880 -0.618697 0.921448
2.330891 -0.618636 0.921447
2.332900 -0.618576 0.921448
2.334910 -0.618515 0.921446
2.336919 -0.618456 0.921447
2.338927 -0.618396 0.921448
2.340938 -0.618335 0.921447
2.342946 -0.618276 0.921448
2.344956 -0.618214 0.921446
2.346965 -0.618155 0.921447
2.348974 -0.618096 0.921448
2.350984 -0.618034 0.921447
2.352992 -0.617975 0.921448
2.249871 -0.623590 0.921446
2.251878 -0.623529 0.921445
2.253885 -0.623470 0.921445
2.255892 -0.623408 0.921444
2.257899 -0.623349 0.921445
2.259905 -0.623290 0.921446
2.261913 -0.623229 0.921444
2.263919 -0.623169 0.921445
2.265925 -0.623110 0.921446
2.267933 -0.623049 0.921445
2.269939 -0.622990 0.921446
2.271946 -0.622928 0.921444
2.273953 -0.622869 0.921445
2.275959 -0.622810 0.921446
2.277966 -0.622748 0.921445
2.279972 -0.622689 0.921446
2.281980 -0.622628 0.921444
2.283986 -0.622569 0.921445
2.285992 -0.622509 0.921446
2.287999 -0.622448 0.921445
2.290005 -0.622389 0.921446
2.292012 -0.622328 0.921444
2.294018 -0.622268 0.921445
2.296024 -0.622209 0.921446
2.298031 -0.622148 0.921445
2.300037 -0.622089 0.921445
2.302044 -0.622027 0.921444
2.304050 -0.621968 0.921445
2.306055 -0.621909 0.921446
2.308062 -0.621847 0.921444
2.310068 -0.621788 0.921445
2.312075 -0.621727 0.921444
2.314080 -0.621668 0.921445
2.316086 -0.621608 0.921446
2.318093 -0.621547 0.921444
2.320098 -0.621488 0.921445
2.322105 -0.621427 0.921444
2.324111 -0.621367 0.921445
2.326116 -0.621308 0.921446
2.328123 -0.621247 0.921444
2.330128 -0.621188 0.921445
2.332135 -0.621126 0.921444
2.334140 -0.621067 0.921445
2.336146 -0.621008 0.921446
2.338152 -0.620947 0.921444
2.340157 -0.620887 0.921445
2.342164 -0.620826 0.921444
2.344169 -0.620767 0.921445
2.346174 -0.620708 0.921445
2.348181 -0.620646 0.921444
2.350186 -0.620587 0.921445
2.352192 -0.620526 0.921443
2.000620 -0.470574 0.993634
2.002384 -0.473628 0.996480
2.004424 -0.474464 0.997300
2.006553 -0.474608 0.997489
2.008746 -0.474268 0.997236
2.011037 -0.473223 0.996340
1.997799 -0.494373 1.012523
1.999913 -0.494309 1.012520
2.002027 -0.494235 1.012509
2.004140 -0.494179 1.012514
2.006252 -0.494120 1.012517
2.008365 -0.494061 1.012519
2.012859 -0.477040 0.996988
1.987051 -0.497773 1.012518
1.989170 -0.497627 1.012440
1.991316 -0.497258 1.012157
1.993468 -0.496848 1.011837
1.995625 -0.496416 1.011497
1.997770 -0.496084 1.011248
1.999905 -0.495847 1.011087
2.002027 -0.495708 1.011015
2.004137 -0.495667 1.011034
2.006235 -0.495716 1.011136
2.008319 -0.495853 1.011318
2.010390 -0.496078 1.011581
2.012452 -0.496365 1.011902
2.014512 -0.496645 1.012215
2.016582 -0.496851 1.012462
1.982659 -0.500981 1.012519
1.984801 -0.500589 1.012214
1.986985 -0.499851 1.011589
1.989177 -0.499066 1.010921
1.991370 -0.498302 1.010274
1.993549 -0.497675 1.009752
1.995716 -0.497173 1.009346
1.997870 -0.496778 1.009038
2.000012 -0.496498 1.008837
2.002138 -0.496339 1.008747
2.004248 -0.496310 1.008777
2.006341 -0.496397 1.008914
2.008419 -0.496595 1.009153
2.010483 -0.496874 1.009468
2.012531 -0.497259 1.009879
2.014562 -0.497746 1.010385
2.016579 -0.498313 1.010964
2.018588 -0.498911 1.011572
2.020600 -0.499471 1.012145
2.022642 -0.499811 1.012515
1.980408 -0.503913 1.012332
1.982611 -0.502925 1.011475
1.984838 -0.501771 1.010463
1.987063 -0.500677 1.009507
1.989280 -0.499691 1.008651
1.991487 -0.498827 1.007908
1.993675 -0.498140 1.007329
1.995849 -0.497595 1.006881
1.998008 -0.497179 1.006554
2.000152 -0.496890 1.006343
2.002280 -0.496738 1.006260
2.004390 -0.496719 1.006299
2.006483 -0.496823 1.006453
2.008559 -0.497038 1.006709
2.010620 -0.497361 1.007064
2.012662 -0.497793 1.007522
2.014685 -0.498348 1.008092
2.016686 -0.499032 1.008781
2.018672 -0.499790 1.009539
2.020642 -0.500626 1.010369
2.022603 -0.501495 1.011229
2.024569 -0.502302 1.012033
2.026588 -0.502755 1.012507
1.976027 -0.507288 1.012512
1.978179 -0.506701 1.012023
1.980418 -0.505337 1.010813
1.982683 -0.503799 1.009441
1.984943 -0.502360 1.008161
1.987185 -0.501131 1.007076
1.989413 -0.500066 1.006145
1.991628 -0.499150 1.005350
1.993823 -0.498429 1.004739
1.996001 -0.497861 1.004268
1.998164 -0.497436 1.003931
2.000310 -0.497151 1.003723
2.002438 -0.497014 1.003653
2.004549 -0.497000 1.003698
2.006643 -0.497115 1.003862
2.008720 -0.497345 1.004133
2.010777 -0.497700 1.004520
2.012816 -0.498176 1.005019
2.014831 -0.498791 1.005647
2.016825 -0.499530 1.006390
2.018802 -0.500357 1.007215
2.020758 -0.501295 1.008143
2.022690 -0.502358 1.009185
2.024611 -0.503460 1.010265
2.026523 -0.504581 1.011362
2.028460 -0.505510 1.012281
1.973776 -0.510395 1.012511
1.975931 -0.509729 1.011947
1.978207 -0.507957 1.010352
1.980506 -0.506045 1.008627
1.982798 -0.504279 1.007038
1.985073 -0.502720 1.005642
1.987328 -0.501401 1.004469
1.989562 -0.500305 1.003506
1.991781 -0.499375 1.002697
1.993981 -0.498637 1.002066
1.996163 -0.498056 1.001582
1.998330 -0.497622 1.001236
2.000478 -0.497342 1.001032
2.002607 -0.497213 1.000969
2.004719 -0.497211 1.001026
2.006813 -0.497339 1.001202
2.008889 -0.497591 1.001495
2.010945 -0.497972 1.001907
2.012979 -0.498493 1.002450
2.014991 -0.499144 1.003113
2.016985 -0.499898 1.003874
2.018955 -0.500781 1.004753
2.020901 -0.501794 1.005754
2.022819 -0.502956 1.006893
2.024717 -0.504207 1.008114
2.026592 -0.505567 1.009438
2.028453 -0.506968 1.010799
2.030338 -0.508182 1.011986
2.032338 -0.508676 1.012502
1.973661 -0.513053 1.012160
1.975952 -0.511056 1.010349
1.978294 -0.508668 1.008172
1.980624 -0.506485 1.006187
1.982935 -0.504561 1.004445
1.985218 -0.502959 1.003004
1.987482 -0.501584 1.001775
1.989723 -0.500450 1.000773
1.991946 -0.499511 0.999953
1.994147 -0.498777 0.999324
1.996332 -0.498200 0.998843
1.998500 -0.497774 0.998502
2.000648 -0.497511 0.998314
2.002779 -0.497389 0.998258
2.004892 -0.497400 0.998326
2.006987 -0.497535 0.998510
2.009064 -0.497798 0.998814
2.011119 -0.498200 0.999247
2.013153 -0.498736 0.999806
2.015165 -0.499402 1.000486
2.017154 -0.500202 1.001292
2.019119 -0.501133 1.002219
2.021056 -0.502216 1.003289
2.022969 -0.503421 1.004472
2.024852 -0.504774 1.005793
2.026708 -0.506258 1.007236
2.028534 -0.507882 1.008810
2.030348 -0.509532 1.010408
2.032178 -0.511036 1.011870
2.034152 -0.511649 1.012499
1.971389 -0.516480 1.012482
1.973634 -0.514843 1.011003
1.976025 -0.511880 1.008278
1.978410 -0.509106 1.005732
1.980762 -0.506744 1.003573
1.983085 -0.504738 1.001747
1.985378 -0.503072 1.000241
1.987643 -0.501705 0.999017
1.989888 -0.500565 0.998005
1.992115 -0.499613 0.997169
1.994321 -0.498867 0.996528
1.996509 -0.498287 0.996042
1.998679 -0.497861 0.995700
2.000829 -0.497610 0.995523
2.002961 -0.497498 0.995476
2.005075 -0.497519 0.995555
2.007171 -0.497669 0.995754
2.009246 -0.497955 0.996080
2.011300 -0.498387 0.996543
2.013332 -0.498949 0.997128
2.015342 -0.499649 0.997842
2.017329 -0.500472 0.998672
2.019291 -0.501433 0.999631
2.021225 -0.502550 1.000736
2.023129 -0.503822 1.001986
2.025003 -0.505242 1.003375
2.026844 -0.506828 1.004919
2.028647 -0.508600 1.006637
2.030426 -0.510464 1.008441
2.032182 -0.512411 1.010323
2.033974 -0.514092 1.011955
1.971283 -0.519067 1.012084
1.973669 -0.516025 1.009276
1.976131 -0.512401 1.005920
1.978543 -0.509383 1.003136
1.980913 -0.506881 1.000837
1.983242 -0.504847 0.998980
1.985541 -0.503154 0.997444
1.987813 -0.501758 0.996187
1.990063 -0.500602 0.995157
1.992290 -0.499669 0.994337
1.994498 -0.498933 0.993702
1.996688 -0.498357 0.993219
1.998858 -0.497952 0.992896
2.001010 -0.497709 0.992726
2.003143 -0.497607 0.992688
2.005258 -0.497638 0.992776
2.007355 -0.497799 0.992986
2.009430 -0.498108 0.993335
2.011484 -0.498553 0.993812
2.013517 -0.499125 0.994409
2.015527 -0.499838 0.995138
2.017512 -0.500689 0.995997
2.019469 -0.501704 0.997010
2.021396 -0.502874 0.998168
2.023298 -0.504167 0.999443
2.025166 -0.505642 1.000888
2.026992 -0.507330 1.002533
2.028785 -0.509163 1.004315
2.030529 -0.511246 1.006331
2.032245 -0.513438 1.008449
2.033937 -0.515704 1.010637
2.035721 -0.517379 1.012269
1.971212 -0.521305 1.011366
1.973742 -0.516846 1.007209
1.976258 -0.512715 1.003362
1.978695 -0.509493 1.000375
1.981070 -0.506973 0.998052
1.983408 -0.504882 0.996135
1.985713 -0.503167 0.994573
1.987986 -0.501790 0.993330
1.990237 -0.500642 0.992304
1.992467 -0.499717 0.991489
1.994676 -0.498986 0.990857
1.996869 -0.498414 0.990376
1.999040 -0.498027 0.990069
2.001193 -0.497791 0.989904
2.003328 -0.497696 0.989874
2.005444 -0.497738 0.989972
2.007541 -0.497918 0.990202
2.009616 -0.498248 0.990571
2.011670 -0.498706 0.991062
2.013703 -0.499299 0.991681
2.015712 -0.500030 0.992430
2.017696 -0.500910 0.993319
2.019651 -0.501941 0.994350
2.021578 -0.503126 0.995528
2.023474 -0.504473 0.996857
2.025329 -0.506036 0.998390
2.027153 -0.507749 1.000064
2.028928 -0.509706 1.001969
2.030657 -0.511879 1.004077
2.032329 -0.514336 1.006453
2.033963 -0.516944 1.008971
2.035614 -0.519387 1.011333
2.037475 -0.520559 1.012495
1.968874 -0.525550 1.012500
1.971152 -0.523423 1.010540
1.973845 -0.517372 1.004859
1.976405 -0.512846 1.000625
1.978852 -0.509561 0.997569
1.981239 -0.506964 0.995164
1.983578 -0.504893 0.993259
1.985885 -0.503181 0.991694
1.988161 -0.501803 0.990448
1.990416 -0.500656 0.989419
1.992646 -0.499751 0.988620
1.994857 -0.499026 0.987992
1.997051 -0.498469 0.987523
1.999223 -0.498094 0.987227
2.001378 -0.497867 0.987071
2.003514 -0.497780 0.987048
2.005632 -0.497835 0.987159
2.007728 -0.498038 0.987411
2.009804 -0.498378 0.987792
2.011859 -0.498849 0.988297
2.013892 -0.499456 0.988930
2.015901 -0.500205 0.989699
2.017881 -0.501116 0.990620
2.019835 -0.502172 0.991680
2.021761 -0.503379 0.992881
2.023653 -0.504764 0.994251
2.025506 -0.506353 0.995814
2.027317 -0.508148 0.997572
2.029080 -0.510187 0.999561
2.030792 -0.512474 1.001784
2.032442 -0.515065 1.004294
2.034021 -0.517998 1.007129
2.035567 -0.521047 1.010071
2.037239 -0.523286 1.012248
1.968732 -0.528517 1.012495
1.971087 -0.525598 1.009775
1.973966 -0.517721 1.002337
1.976557 -0.512928 0.997834
1.979020 -0.509533 0.994663
1.981407 -0.506955 0.992268
1.983750 -0.504881 0.990354
1.986059 -0.503181 0.988796
1.988338 -0.501807 0.987549
1.990593 -0.500679 0.986535
1.992825 -0.499782 0.985741
1.995039 -0.499064 0.985117
1.997233 -0.498529 0.984668
1.999406 -0.498166 0.984382
2.001562 -0.497947 0.984233
2.003700 -0.497870 0.984219
2.005818 -0.497942 0.984348
2.007915 -0.498159 0.984613
2.009992 -0.498509 0.985005
2.012047 -0.498996 0.985527
2.014081 -0.499613 0.986173
2.016088 -0.500388 0.986969
2.018069 -0.501312 0.987906
2.020023 -0.502387 0.988987
2.021946 -0.503622 0.990220
2.023832 -0.505053 0.991638
2.025683 -0.506668 0.993231
2.027488 -0.508514 0.995043
2.029240 -0.510626 0.997108
2.030933 -0.513033 0.999452
2.032556 -0.515790 1.002129
2.034094 -0.518964 1.005201
2.035545 -0.522555 1.008670
2.037051 -0.525738 1.011749
1.968590 -0.531477 1.012494
1.970950 -0.528469 1.009680
1.974109 -0.517865 0.999613
1.976724 -0.512877 0.994910
1.979188 -0.509501 0.991745
1.981581 -0.506910 0.989331
1.983924 -0.504856 0.987429
1.986234 -0.503179 0.985888
1.988515 -0.501816 0.984647
1.990771 -0.500704 0.983645
1.993005 -0.499816 0.982857
1.995220 -0.499112 0.982245
1.997414 -0.498597 0.981813
1.999590 -0.498241 0.981533
2.001747 -0.498029 0.981391
2.003887 -0.497959 0.981384
2.006004 -0.498055 0.981535
2.008102 -0.498282 0.981811
2.010180 -0.498645 0.982217
2.012235 -0.499145 0.982753
2.014269 -0.499783 0.983421
2.016276 -0.500574 0.984235
2.018257 -0.501511 0.985188
2.020210 -0.502600 0.986286
2.022131 -0.503869 0.987555
2.024015 -0.505326 0.989003
2.025862 -0.506971 0.990631
2.027658 -0.508881 0.992509
2.029405 -0.511035 0.994622
2.031083 -0.513544 0.997071
2.032681 -0.516454 0.999903
2.034171 -0.519908 1.003252
2.035539 -0.523975 1.007186
2.036882 -0.528073 1.011148
2.038697 -0.529415 1.012484
1.968648 -0.532414 1.010567
1.970619 -0.533262 1.011437
1.974267 -0.517870 0.996750
1.976892 -0.512820 0.991970
1.979361 -0.509430 0.988782
1.981755 -0.506864 0.986384
1.984099 -0.504834 0.984499
1.986409 -0.503185 0.982979
1.988691 -0.501830 0.981742
1.990949 -0.500731 0.980749
1.993185 -0.499850 0.979966
1.995402 -0.499160 0.979365
1.997596 -0.498662 0.978948
1.999773 -0.498313 0.978674
2.001933 -0.498112 0.978541
2.004072 -0.498062 0.978554
2.006191 -0.498168 0.978715
2.008289 -0.498407 0.979004
2.010367 -0.498784 0.979424
2.012424 -0.499297 0.979975
2.014456 -0.499961 0.980670
2.016464 -0.500763 0.981497
2.018445 -0.501714 0.982467
2.020397 -0.502823 0.983588
2.022315 -0.504121 0.984889
2.024199 -0.505594 0.986357
2.026040 -0.507288 0.988037
2.027833 -0.509226 0.989949
2.029567 -0.511465 0.992150
2.031237 -0.514029 0.994660
2.032809 -0.517095 0.997651
2.034260 -0.520785 1.001237
2.035532 -0.525403 1.005711
2.036672 -0.530645 1.010781
2.038416 -0.532364 1.012481
1.968733 -0.533080 1.008377
1.970373 -0.537201 1.012396
1.974438 -0.517754 0.993762
1.977065 -0.512720 0.988982
1.979535 -0.509357 0.985810
1.981928 -0.506822 0.983432
1.984273 -0.504822 0.981570
1.986584 -0.503190 0.980063
1.988869 -0.501841 0.978826
1.991128 -0.500759 0.977846
1.993365 -0.499892 0.977074
1.995581 -0.499226 0.976495
1.997777 -0.498740 0.976088
1.999955 -0.498406 0.975828
2.002116 -0.498212 0.975701
2.004256 -0.498180 0.975731
2.006376 -0.498293 0.975900
2.008476 -0.498544 0.976201
2.010555 -0.498931 0.976633
2.012611 -0.499462 0.977203
2.014643 -0.500137 0.977911
2.016652 -0.500952 0.978753
2.018634 -0.501914 0.979737
2.020582 -0.503062 0.980899
2.022499 -0.504376 0.982219
2.024381 -0.505870 0.983713
2.026218 -0.507603 0.985436
2.028008 -0.509571 0.987384
2.029735 -0.511866 0.989646
2.031387 -0.514541 0.992271
2.032942 -0.517715 0.995376
2.034345 -0.521681 0.999240
2.035507 -0.526931 1.004333
2.036385 -0.533646 1.010833
2.038135 -0.535303 1.012480
1.968816 -0.533760 1.006198
1.970252 -0.539896 1.012174
1.974612 -0.517611 0.990739
1.977239 -0.512620 0.985985
1.979707 -0.509302 0.982845
1.982102 -0.506787 0.980480
1.984447 -0.504809 0.978633
1.986759 -0.503199 0.977140
1.989045 -0.501870 0.975920
1.991304 -0.500812 0.974960
1.993543 -0.499956 0.974196
1.995759 -0.499308 0.973632
1.997956 -0.498839 0.973240
2.000136 -0.498510 0.972984
2.002298 -0.498331 0.972871
2.004439 -0.498306 0.972909
2.006560 -0.498430 0.973088
2.008660 -0.498696 0.973405
2.010739 -0.499101 0.973856
2.012795 -0.499653 0.974448
2.014829 -0.500333 0.975164
2.016838 -0.501154 0.976015
2.018820 -0.502130 0.977015
2.020768 -0.503299 0.978202
2.022683 -0.504636 0.979549
2.024562 -0.506166 0.981083
2.026396 -0.507925 0.982837
2.028181 -0.509935 0.984831
2.029902 -0.512270 0.987139
2.031542 -0.515022 0.989848
2.033074 -0.518338 0.993100
2.034430 -0.522581 0.997243
2.035441 -0.528692 1.003183
2.035988 -0.537258 1.011486
1.968904 -0.534399 1.003975
1.970368 -0.540262 1.009708
1.972123 -0.543060 1.012474
1.977412 -0.512527 0.982986
1.979880 -0.509253 0.979879
1.982275 -0.506760 0.977527
1.984619 -0.504820 0.975710
1.986931 -0.503240 0.974242
1.989218 -0.501922 0.973028
1.991480 -0.500867 0.972069
1.993720 -0.500024 0.971314
1.995937 -0.499395 0.970766
1.998135 -0.498936 0.970383
2.000317 -0.498616 0.970135
2.002480 -0.498452 0.970037
2.004623 -0.498435 0.970082
2.006745 -0.498569 0.970272
2.008845 -0.498850 0.970605
2.010923 -0.499279 0.971080
2.012979 -0.499844 0.971687
2.015014 -0.500533 0.972414
2.017024 -0.501367 0.973281
2.019003 -0.502376 0.974317
2.020951 -0.503554 0.975515
2.022867 -0.504902 0.976878
2.024741 -0.506469 0.978452
2.026574 -0.508249 0.980232
2.028352 -0.510311 0.982285
2.030067 -0.512690 0.984643
2.031698 -0.515507 0.987423
2.033206 -0.518962 0.990820
2.034516 -0.523479 0.995242
2.035328 -0.530721 1.002295
2.035561 -0.541040 1.012318
1.969001 -0.534942 1.001656
1.970488 -0.540592 1.007202
1.972133 -0.544460 1.011016
1.974035 -0.545747 1.012324
1.980052 -0.509210 0.976909
1.982445 -0.506771 0.974602
1.984790 -0.504848 0.972796
1.987103 -0.503283 0.971339
1.989392 -0.501974 0.970129
1.991656 -0.500926 0.969173
1.993896 -0.500109 0.968441
1.996112 -0.499510 0.967921
1.998311 -0.499068 0.967553
2.000494 -0.498758 0.967314
2.002657 -0.498607 0.967228
2.004802 -0.498595 0.967278
2.006925 -0.498739 0.967479
2.009026 -0.499036 0.967828
2.011104 -0.499480 0.968320
2.013163 -0.500044 0.968928
2.015200 -0.500735 0.969659
2.017208 -0.501591 0.970550
2.019186 -0.502623 0.971612
2.021133 -0.503823 0.972836
2.023045 -0.505207 0.974238
2.024918 -0.506789 0.975833
2.026751 -0.508578 0.977627
2.028523 -0.510686 0.979732
2.030228 -0.513135 0.982166
2.031846 -0.516034 0.985035
2.033333 -0.519621 0.988571
2.034587 -0.524462 0.993322
2.034964 -0.534178 1.002795
2.035259 -0.544106 1.012474
1.969101 -0.535467 0.999315
1.970608 -0.540914 1.004681
1.972262 -0.544715 1.008443
1.973980 -0.547740 1.011449
1.975936 -0.548453 1.012201
1.982614 -0.506784 0.971672
1.984961 -0.504881 0.969880
1.987273 -0.503347 0.968447
1.989562 -0.502070 0.967264
1.991826 -0.501040 0.966323
1.994067 -0.500238 0.965603
1.996284 -0.499653 0.965096
1.998485 -0.499219 0.964734
2.000669 -0.498921 0.964506
2.002834 -0.498775 0.964425
2.004980 -0.498771 0.964483
2.007104 -0.498925 0.964694
2.009204 -0.499250 0.965072
2.011282 -0.499710 0.965581
2.013341 -0.500284 0.966201
2.015380 -0.500979 0.966939
2.017389 -0.501845 0.967842
2.019369 -0.502876 0.968907
2.021315 -0.504094 0.970153
2.023222 -0.505519 0.971600
2.025094 -0.507123 0.973221
2.026922 -0.508952 0.975061
2.028694 -0.511067 0.977179
2.030390 -0.513584 0.979687
2.031992 -0.516579 0.982660
2.033460 -0.520283 0.986322
2.034651 -0.525484 0.991438
2.032961 -0.546992 1.012408
2.035552 -0.543810 1.009373
1.969200 -0.535997 0.996975
1.970729 -0.541240 1.002160
1.972391 -0.544970 1.005865
1.974116 -0.547947 1.008834
1.975879 -0.550446 1.011335
1.977794 -0.551469 1.012392
1.985125 -0.504972 0.967012
1.987439 -0.503454 0.965590
1.989729 -0.502183 0.964410
1.991997 -0.501150 0.963462
1.994239 -0.500364 0.962756
1.996457 -0.499794 0.962261
1.998658 -0.499372 0.961910
2.000843 -0.499087 0.961694
2.003011 -0.498938 0.961610
2.005159 -0.498942 0.961676
2.007283 -0.499117 0.961908
2.009381 -0.499465 0.962310
2.011460 -0.499938 0.962834
2.013520 -0.500525 0.963469
2.015557 -0.501243 0.964231
2.017566 -0.502123 0.965152
2.019545 -0.503172 0.966238
2.021490 -0.504411 0.967508
2.023399 -0.505837 0.968962
2.025270 -0.507457 0.970603
2.027092 -0.509332 0.972495
2.028858 -0.511493 0.974664
2.030550 -0.514038 0.977208
2.032139 -0.517122 0.980278
2.033576 -0.521007 0.984129
2.030674 -0.549858 1.012334
2.032949 -0.548420 1.010990
2.035948 -0.542942 1.005705
1.969303 -0.536488 0.994592
1.970849 -0.541570 0.999636
1.972520 -0.545231 1.003286
1.974253 -0.548153 1.006210
1.976020 -0.550631 1.008700
1.977818 -0.552723 1.010810
1.979658 -0.554358 1.012472
1.987604 -0.503564 0.962729
1.989898 -0.502291 0.961543
1.992166 -0.501277 0.960611
1.994406 -0.500532 0.959942
1.996623 -0.499987 0.959470
1.998825 -0.499585 0.959138
2.001011 -0.499312 0.958933
2.003181 -0.499168 0.958854
2.005330 -0.499174 0.958922
2.007453 -0.499372 0.959178
2.009553 -0.499729 0.959589
2.011634 -0.500202 0.960115
2.013697 -0.500777 0.960740
2.015735 -0.501506 0.961516
2.017745 -0.502396 0.962450
2.019722 -0.503469 0.963563
2.021661 -0.504757 0.964886
2.023568 -0.506207 0.966367
2.025440 -0.507834 0.968023
2.027263 -0.509711 0.969921
2.029020 -0.511937 0.972162
2.030700 -0.514557 0.974788
2.032279 -0.517706 0.977932
2.028370 -0.552858 1.012402
2.030620 -0.551523 1.011154
2.033269 -0.547952 1.007717
2.036381 -0.541874 1.001827
1.969411 -0.536933 0.992159
1.970971 -0.541888 0.997096
1.972650 -0.545487 1.000696
1.974389 -0.548361 1.003584
1.976162 -0.550802 1.006045
1.977963 -0.552883 1.008151
1.979784 -0.554702 1.010000
1.981623 -0.556294 1.011624
1.983548 -0.557093 1.012469
1.992328 -0.501469 0.957816
1.994569 -0.500738 0.957159
1.996787 -0.500211 0.956703
1.998989 -0.499818 0.956379
2.001177 -0.499553 0.956181
2.003349 -0.499406 0.956099
2.005501 -0.499415 0.956170
2.007622 -0.499644 0.956457
2.009720 -0.500024 0.956893
2.011801 -0.500510 0.957433
2.013864 -0.501106 0.958081
2.015904 -0.501833 0.958858
2.017917 -0.502711 0.959783
2.019896 -0.503792 0.960907
2.021833 -0.505101 0.962255
2.023738 -0.506576 0.963767
2.025604 -0.508245 0.965469
2.027428 -0.510130 0.967382
2.029182 -0.512382 0.969656
2.030848 -0.515092 0.972379
2.026077 -0.555840 1.012465
2.028421 -0.553919 1.010637
2.030916 -0.551175 1.008000
2.033606 -0.547401 1.004352
2.036831 -0.540718 0.997849
1.968509 -0.526566 0.978983
1.969519 -0.537386 0.989729
1.971095 -0.542196 0.994539
1.972782 -0.545730 0.998088
1.974526 -0.548574 1.000955
1.976305 -0.550974 1.003385
1.978110 -0.553036 1.005480
1.979934 -0.554846 1.007326
1.981778 -0.556410 1.008928
1.983637 -0.557785 1.010344
1.985509 -0.558995 1.011597
1.987423 -0.559817 1.012467
1.996950 -0.500432 0.953926
1.999153 -0.500057 0.953619
2.001343 -0.499790 0.953418
2.003518 -0.499645 0.953338
2.005670 -0.499669 0.953424
2.007791 -0.499916 0.953731
2.009889 -0.500314 0.954186
2.011969 -0.500819 0.954746
2.014031 -0.501432 0.955414
2.016073 -0.502162 0.956196
2.018086 -0.503054 0.957137
2.020058 -0.504191 0.958322
2.021998 -0.505496 0.959670
2.023905 -0.506965 0.961180
2.025770 -0.508654 0.962908
2.027586 -0.510595 0.964883
2.021784 -0.558801 1.012460
2.023991 -0.557626 1.011361
2.026308 -0.555830 1.009649
2.028704 -0.553623 1.007533
2.031219 -0.550791 1.004801
2.033946 -0.546834 1.000961
2.037375 -0.539041 0.993342
1.968444 -0.528783 0.978260
1.969629 -0.537816 0.987271
1.971220 -0.542486 0.991958
1.972915 -0.545964 0.995465
1.974663 -0.548783 0.998317
1.976448 -0.551149 1.000720
1.978257 -0.553197 1.002808
1.980086 -0.554982 1.004635
1.981934 -0.556529 1.006227
1.983796 -0.557894 1.007639
1.985672 -0.559092 1.008884
1.987560 -0.560141 1.009981
1.989460 -0.561053 1.010943
1.991372 -0.561836 1.011777
1.993301 -0.562467 1.012460
1.995321 -0.562386 1.012438
2.005825 -0.500032 0.950779
2.007946 -0.500292 0.951100
2.010046 -0.500690 0.951556
2.012128 -0.501195 0.952119
2.014196 -0.501783 0.952764
2.016243 -0.502490 0.953527
2.018252 -0.503420 0.954510
2.020221 -0.504589 0.955729
2.013486 -0.561788 1.012375
2.015490 -0.561813 1.012458
2.017596 -0.561198 1.011908
2.019771 -0.560173 1.010953
2.021985 -0.558940 1.009793
2.024250 -0.557434 1.008362
2.026577 -0.555605 1.006613
2.028990 -0.553322 1.004414
2.031526 -0.550388 1.001572
2.034288 -0.546255 0.997546
1.968472 -0.530045 0.976594
1.969738 -0.538261 0.984824
1.971346 -0.542783 0.989380
1.973049 -0.546194 0.992831
1.974800 -0.548997 0.995677
1.976591 -0.551326 0.998052
1.978404 -0.553353 1.000126
1.980238 -0.555115 1.001937
1.982089 -0.556650 1.003521
1.983955 -0.558001 1.004924
1.985835 -0.559189 1.006163
1.987726 -0.560228 1.007255
1.989630 -0.561130 1.008210
1.991546 -0.561903 1.009037
1.993475 -0.562552 1.009741
1.995415 -0.563083 1.010326
1.997370 -0.563495 1.010794
1.999337 -0.563797 1.011154
2.001318 -0.563989 1.011403
2.003313 -0.564070 1.011542
2.005326 -0.564033 1.011564
2.007354 -0.563883 1.011474
2.009402 -0.563609 1.011261
2.011472 -0.563199 1.010913
2.013564 -0.562653 1.010430
2.015683 -0.561956 1.009797
2.017831 -0.561094 1.009000
2.020013 -0.560050 1.008023
2.022234 -0.558790 1.006832
2.024510 -0.557241 1.005354
2.026846 -0.555377 1.003564
2.029276 -0.553019 1.001284
2.031835 -0.549981 0.998329
2.034649 -0.545582 0.994026
1.968524 -0.531064 0.974686
1.969853 -0.538652 0.982317
1.971472 -0.543069 0.986784
1.973182 -0.546425 0.990191
1.974941 -0.549181 0.993001
1.976735 -0.551494 0.995368
1.978552 -0.553512 0.997440
1.980391 -0.555246 0.999229
1.982246 -0.556769 1.000807
1.984115 -0.558109 1.002202
1.985998 -0.559287 1.003436
1.987893 -0.560318 1.004523
1.989801 -0.561208 1.005470
1.991721 -0.561970 1.006289
1.993652 -0.562611 1.006988
1.995597 -0.563131 1.007565
1.997556 -0.563530 1.008022
1.999527 -0.563822 1.008372
2.001512 -0.564001 1.008609
2.003512 -0.564070 1.008737
2.005529 -0.564020 1.008746
2.007563 -0.563855 1.008640
2.009616 -0.563567 1.008413
2.011691 -0.563143 1.008050
2.013789 -0.562581 1.007549
2.015913 -0.561869 1.006900
2.018067 -0.560988 1.006082
2.020255 -0.559924 1.005082
2.022487 -0.558624 1.003847
2.024771 -0.557043 1.002332
2.027120 -0.555128 1.000485
2.029562 -0.552720 0.998148
2.032144 -0.549579 0.995081
2.035015 -0.544885 0.990469
1.968591 -0.531935 0.972629
1.969969 -0.539026 0.979788
1.971599 -0.543353 0.984180
1.973316 -0.546660 0.987551
1.975081 -0.549378 0.990330
1.976879 -0.551670 0.992685
1.978701 -0.553660 0.994736
1.980544 -0.555378 0.996514
1.982402 -0.556889 0.998086
1.984275 -0.558219 0.999476
1.986162 -0.559384 1.000702
1.988060 -0.560405 1.001783
1.989972 -0.561287 1.002725
1.991896 -0.562033 1.003530
1.993832 -0.562659 1.004216
1.995781 -0.563166 1.004783
1.997743 -0.563559 1.005235
1.999719 -0.563838 1.005573
2.001708 -0.564008 1.005803
2.003713 -0.564065 1.005918
2.005734 -0.564003 1.005916
2.007772 -0.563826 1.005799
2.009831 -0.563522 1.005555
2.011910 -0.563087 1.005179
2.014013 -0.562511 1.004663
2.016144 -0.561777 1.003990
2.018304 -0.560882 1.003154
2.020498 -0.559798 1.002131
2.022740 -0.558456 1.000850
2.025033 -0.556847 0.999303
2.027397 -0.554867 0.997385
2.029852 -0.552404 0.994985
2.032464 -0.549118 0.991764
2.035392 -0.544133 0.986847
1.968667 -0.532722 0.970486
1.970085 -0.539409 0.977263
1.971725 -0.543652 0.981585
1.973451 -0.546894 0.984902
1.975222 -0.549568 0.987647
1.977024 -0.551846 0.989995
1.978850 -0.553807 0.992023
1.980697 -0.555507 0.993791
1.982560 -0.557007 0.995356
1.984436 -0.558327 0.996741
1.986326 -0.559482 0.997961
1.988229 -0.560489 0.999031
1.990145 -0.561354 0.999959
1.992073 -0.562089 1.000757
1.994013 -0.562707 1.001437
1.995966 -0.563202 1.001993
1.997931 -0.563586 1.002438
1.999911 -0.563857 1.002770
2.001904 -0.564015 1.002989
2.003914 -0.564059 1.003092
2.005939 -0.563991 1.003083
2.007982 -0.563798 1.002949
2.010045 -0.563482 1.002693
2.012130 -0.563031 1.002300
2.014239 -0.562438 1.001765
2.016375 -0.561692 1.001078
2.018541 -0.560777 1.000220
2.020745 -0.559654 0.999154
2.022995 -0.558286 0.997843
2.025296 -0.556650 0.996263
2.027674 -0.554607 0.994277
2.030149 -0.552055 0.991779
2.032789 -0.548632 0.988411
2.035795 -0.543239 0.983067
1.968753 -0.533398 0.968227
1.970202 -0.539786 0.974726
1.971853 -0.543933 0.978966
1.973585 -0.547127 0.982244
1.975363 -0.549754 0.984952
1.977168 -0.552023 0.987299
1.979000 -0.553953 0.989304
1.980851 -0.555642 0.991066
1.982717 -0.557131 0.992626
1.984597 -0.558439 0.994004
1.986492 -0.559574 0.995207
1.988399 -0.560566 0.996266
1.990318 -0.561420 0.997187
1.992250 -0.562148 0.997979
1.994194 -0.562753 0.998649
1.996150 -0.563241 0.999200
1.998121 -0.563611 0.999632
2.000104 -0.563873 0.999956
2.002102 -0.564021 1.000165
2.004115 -0.564055 1.000260
2.006145 -0.563971 1.000235
2.008193 -0.563767 1.000090
2.010261 -0.563440 0.999821
2.012351 -0.562974 0.999412
2.014465 -0.562367 0.998862
2.016606 -0.561605 0.998155
2.018779 -0.560668 0.997273
2.020993 -0.559507 0.996165
2.023250 -0.558119 0.994830
2.025562 -0.556439 0.993201
2.027953 -0.554342 0.991153
2.030447 -0.551704 0.988562
2.033114 -0.548152 0.985051
2.036211 -0.542279 0.979208
1.968840 -0.534075 0.965966
1.970320 -0.540164 0.972184
1.971984 -0.544189 0.976315
1.973721 -0.547359 0.979581
1.975504 -0.549949 0.982261
1.977315 -0.552186 0.984583
1.979151 -0.554095 0.986573
1.981005 -0.555775 0.988332
1.982874 -0.557252 0.989885
1.984758 -0.558545 0.991253
1.986658 -0.559663 0.992443
1.988569 -0.560643 0.993493
1.990492 -0.561487 0.994407
1.992427 -0.562206 0.995194
1.994375 -0.562804 0.995858
1.996335 -0.563279 0.996398
1.998309 -0.563642 0.996825
2.000297 -0.563889 0.997135
2.002299 -0.564026 0.997333
2.004317 -0.564049 0.997417
2.006351 -0.563956 0.997384
2.008404 -0.563740 0.997226
2.010477 -0.563397 0.996940
2.012572 -0.562917 0.996516
2.014692 -0.562294 0.995947
2.016839 -0.561514 0.995221
2.019021 -0.560543 0.994301
2.021241 -0.559361 0.993169
2.023506 -0.557948 0.991804
2.025831 -0.556208 0.990110
2.028231 -0.554083 0.988026
2.030747 -0.551345 0.985326
2.033446 -0.547639 0.981649
2.036667 -0.541102 0.975116
1.968935 -0.534666 0.963614
1.970441 -0.540500 0.969594
1.972115 -0.544452 0.973666
1.973859 -0.547569 0.976889
1.975646 -0.550141 0.979559
1.977462 -0.552343 0.981853
1.979302 -0.554242 0.983841
1.981160 -0.555908 0.985590
1.983033 -0.557371 0.987135
1.984922 -0.558640 0.988483
1.986824 -0.559753 0.989672
1.988739 -0.560724 0.990718
1.990666 -0.561556 0.991622
1.992605 -0.562263 0.992399
1.994557 -0.562850 0.993054
1.996521 -0.563317 0.993588
1.998499 -0.563667 0.994004
2.000491 -0.563907 0.994308
2.002497 -0.564033 0.994496
2.004519 -0.564045 0.994569
2.006559 -0.563937 0.994520
2.008616 -0.563712 0.994353
2.010694 -0.563355 0.994052
2.012794 -0.562861 0.993612
2.014920 -0.562220 0.993024
2.017074 -0.561415 0.992270
2.019264 -0.560415 0.991317
2.021491 -0.559216 0.990164
2.023762 -0.557777 0.988769
2.026101 -0.555987 0.987018
2.028515 -0.553800 0.984865
2.031047 -0.550995 0.982087
2.033790 -0.547062 0.978169
2.037187 -0.539574 0.970653
1.969037 -0.535198 0.961199
1.970564 -0.540831 0.966995
1.972246 -0.544714 0.971008
1.973997 -0.547780 0.974190
1.975788 -0.550340 0.976857
1.977610 -0.552502 0.979119
1.979454 -0.554388 0.981099
1.981315 -0.556041 0.982843
1.983193 -0.557483 0.984371
1.985086 -0.558740 0.985711
1.986992 -0.559840 0.986891
1.988910 -0.560799 0.987928
1.990841 -0.561623 0.988827
1.992783 -0.562322 0.989599
1.994739 -0.562898 0.990246
1.996707 -0.563357 0.990773
1.998689 -0.563696 0.991179
2.000685 -0.563924 0.991471
2.002696 -0.564039 0.991649
2.004723 -0.564039 0.991711
2.006766 -0.563922 0.991652
2.008828 -0.563681 0.991468
2.010911 -0.563312 0.991155
2.013017 -0.562804 0.990699
2.015148 -0.562144 0.990090
2.017311 -0.561311 0.989305
2.019506 -0.560293 0.988332
2.021741 -0.559067 0.987147
2.024023 -0.557588 0.985706
2.026372 -0.555755 0.983906
2.028802 -0.553498 0.981675
2.031356 -0.550590 0.978783
2.034135 -0.546485 0.974677
2.037871 -0.537138 0.965249
1.969137 -0.535740 0.958789
1.970686 -0.541166 0.964392
1.972378 -0.544976 0.968345
1.974135 -0.547993 0.971488
1.975931 -0.550525 0.974135
1.977758 -0.552667 0.976383
1.979605 -0.554536 0.978353
1.981470 -0.556172 0.980086
1.983353 -0.557590 0.981595
1.985250 -0.558838 0.982930
1.987159 -0.559928 0.984104
1.989081 -0.560877 0.985134
1.991015 -0.561693 0.986028
1.992962 -0.562381 0.986792
1.994922 -0.562947 0.987430
1.996894 -0.563393 0.987946
1.998880 -0.563724 0.988345
2.000880 -0.563942 0.988629
2.002895 -0.564044 0.988794
2.004927 -0.564031 0.988843
2.006974 -0.563904 0.988774
2.009041 -0.563652 0.988578
2.011129 -0.563269 0.988249
2.013241 -0.562740 0.987771
2.015380 -0.562055 0.987134
2.017549 -0.561200 0.986324
2.019750 -0.560169 0.985334
2.021992 -0.558920 0.984123
2.024286 -0.557389 0.982624
2.026644 -0.555527 0.980789
2.029091 -0.553194 0.978473
2.031668 -0.550178 0.975463
2.034491 -0.545854 0.971119
1.969237 -0.536291 0.956382
1.970810 -0.541495 0.961777
1.972510 -0.545234 0.965671
1.974274 -0.548209 0.968781
1.976075 -0.550709 0.971404
1.977906 -0.552824 0.973634
1.979757 -0.554681 0.975598
1.981627 -0.556297 0.977315
1.983514 -0.557701 0.978815
1.985415 -0.558934 0.980140
1.987328 -0.560016 0.981309
1.989253 -0.560957 0.982335
1.991191 -0.561763 0.983221
1.993142 -0.562438 0.983975
1.995105 -0.562996 0.984607
1.997081 -0.563431 0.985114
1.999072 -0.563751 0.985503
2.001076 -0.563956 0.985775
2.003095 -0.564051 0.985934
2.005130 -0.564030 0.985973
2.007183 -0.563889 0.985891
2.009255 -0.563621 0.985678
2.011349 -0.563219 0.985329
2.013467 -0.562669 0.984827
2.015612 -0.561967 0.984171
2.017786 -0.561097 0.983343
2.019994 -0.560044 0.982328
2.022244 -0.558769 0.981085
2.024549 -0.557193 0.979536
2.026917 -0.555296 0.977659
2.029381 -0.552890 0.975261
2.031982 -0.549763 0.972127
2.034861 -0.545145 0.967469
1.969347 -0.536746 0.953874
1.970933 -0.541824 0.959157
1.972642 -0.545500 0.962999
1.974413 -0.548418 0.966062
1.976219 -0.550888 0.968663
1.978055 -0.552987 0.970883
1.979910 -0.554825 0.972834
1.981785 -0.556417 0.974533
1.983675 -0.557811 0.976027
1.985579 -0.559035 0.977346
1.987496 -0.560107 0.978510
1.989425 -0.561035 0.979526
1.991367 -0.561828 0.980403
1.993321 -0.562498 0.981152
1.995289 -0.563042 0.981774
1.997269 -0.563469 0.982274
1.999263 -0.563778 0.982653
2.001272 -0.563975 0.982917
2.003296 -0.564057 0.983063
2.005335 -0.564024 0.983091
2.007393 -0.563870 0.982994
2.009471 -0.563580 0.982759
2.011570 -0.563163 0.982393
2.013694 -0.562598 0.981875
2.015844 -0.561879 0.981199
2.018025 -0.560992 0.980351
2.020240 -0.559917 0.979310
2.022499 -0.558601 0.978022
2.024814 -0.556995 0.976437
2.027195 -0.555037 0.974491
2.029671 -0.552584 0.972037
2.032298 -0.549337 0.968769
2.035233 -0.544435 0.963805
1.969458 -0.537197 0.951356
1.971058 -0.542147 0.956524
1.972776 -0.545747 0.960301
1.974553 -0.548631 0.963338
1.976365 -0.551061 0.965907
1.978204 -0.553148 0.968123
1.980063 -0.554972 0.970066
1.981943 -0.556538 0.971743
1.983837 -0.557922 0.973233
1.985745 -0.559133 0.974544
1.987665 -0.560193 0.975698
1.989598 -0.561116 0.976712
1.991543 -0.561901 0.977583
1.993502 -0.562558 0.978323
1.995473 -0.563091 0.978935
1.997458 -0.563505 0.979424
1.999456 -0.563806 0.979796
2.001469 -0.563989 0.980047
2.003497 -0.564057 0.980179
2.005542 -0.564011 0.980194
2.007604 -0.563841 0.980081
2.009688 -0.563540 0.979833
2.011792 -0.563104 0.979446
2.013921 -0.562525 0.978912
2.016078 -0.561789 0.978217
2.018264 -0.560886 0.977350
2.020486 -0.559787 0.976280
2.022757 -0.558427 0.974943
2.025079 -0.556794 0.973324
2.027475 -0.554775 0.971309
2.029969 -0.552241 0.968764
2.032625 -0.548854 0.965341
2.035636 -0.543553 0.959950
1.956950 -0.511754 0.921571
1.959131 -0.511688 0.921569
1.961312 -0.511625 0.921570
1.963493 -0.511559 0.921569
1.965674 -0.511495 0.921570
1.967854 -0.511432 0.921571
1.968455 -0.527487 0.938252
1.969569 -0.537642 0.948826
1.971186 -0.542444 0.953859
1.972911 -0.545981 0.957583
1.974692 -0.548846 0.960611
1.976511 -0.551238 0.963150
1.978354 -0.553309 0.965356
1.980218 -0.555103 0.967274
1.982101 -0.556662 0.968949
1.983999 -0.558031 0.970429
1.985910 -0.559232 0.971734
1.987834 -0.560284 0.972884
1.989771 -0.561194 0.973889
1.991720 -0.561969 0.974752
1.993682 -0.562615 0.975483
1.995658 -0.563136 0.976084
1.997647 -0.563537 0.976561
1.999650 -0.563822 0.976919
2.001667 -0.563996 0.977162
2.003700 -0.564054 0.977283
2.005749 -0.563994 0.977284
2.007817 -0.563810 0.977156
2.009905 -0.563497 0.976896
2.012015 -0.563049 0.976495
2.014149 -0.562453 0.975942
2.016312 -0.561700 0.975227
2.018504 -0.560778 0.974337
2.020736 -0.559641 0.973225
2.023014 -0.558258 0.971860
2.025345 -0.556596 0.970206
2.027756 -0.554509 0.968114
2.030270 -0.551887 0.965469
2.032955 -0.548359 0.961890
2.036043 -0.542657 0.956067
2.044166 -0.509176 0.921567
2.046345 -0.509113 0.921568
2.048525 -0.509047 0.921567
2.050705 -0.508983 0.921568
2.052885 -0.508918 0.921566
2.055064 -0.508854 0.921567
2.057244 -0.508791 0.921568
2.059423 -0.508725 0.921566
2.061603 -0.508662 0.921568
2.063783 -0.508596 0.921566
1.956841 -0.514723 0.921566
1.959018 -0.514659 0.921567
1.961195 -0.514593 0.921566
1.963372 -0.514530 0.921567
1.965548 -0.514467 0.921568
1.967725 -0.514401 0.921566
1.968434 -0.529274 0.937075
1.969680 -0.538103 0.946307
1.971314 -0.542739 0.951185
1.973047 -0.546217 0.954861
1.974833 -0.549052 0.957868
1.976657 -0.551412 0.960381
1.978504 -0.553471 0.962582
1.980373 -0.555239 0.964480
1.982260 -0.556783 0.966146
1.984162 -0.558140 0.967618
1.986077 -0.559331 0.968917
1.988004 -0.560373 0.970061
1.989945 -0.561270 0.971055
1.991899 -0.562030 0.971906
1.993865 -0.562661 0.972624
1.995845 -0.563172 0.973217
1.997838 -0.563564 0.973686
1.999845 -0.563843 0.974038
2.001866 -0.564004 0.974268
2.003904 -0.564050 0.974379
2.005958 -0.563976 0.974365
2.008030 -0.563779 0.974223
2.010123 -0.563454 0.973950
2.012238 -0.562989 0.973531
2.014378 -0.562381 0.972963
2.016546 -0.561614 0.972231
2.018746 -0.560668 0.971313
2.020987 -0.559494 0.970160
2.023273 -0.558086 0.968764
2.025616 -0.556373 0.967052
2.028039 -0.554241 0.964906
2.030572 -0.551531 0.962163
2.033285 -0.547869 0.958433
2.036502 -0.541478 0.951876
2.043890 -0.512151 0.921565
2.046066 -0.512086 0.921564
2.048241 -0.512022 0.921565
2.050416 -0.511959 0.921566
2.052592 -0.511893 0.921564
2.054767 -0.511830 0.921565
2.056943 -0.511764 0.921563
2.059118 -0.511701 0.921565
2.061294 -0.511635 0.921563
2.063469 -0.511572 0.921564
1.956733 -0.517683 0.921564
1.958906 -0.517617 0.921563
1.961078 -0.517554 0.921564
1.963251 -0.517490 0.921565
1.965424 -0.517425 0.921563
1.967596 -0.517362 0.921564
1.968465 -0.530547 0.935367
1.969795 -0.538513 0.943731
1.971442 -0.543040 0.948511
1.973184 -0.546450 0.952128
1.974976 -0.549245 0.955103
1.976804 -0.551588 0.957608
1.978654 -0.553629 0.959797
1.980529 -0.555373 0.961677
1.982419 -0.556905 0.963336
1.984325 -0.558250 0.964800
1.986243 -0.559433 0.966095
1.988175 -0.560460 0.967227
1.990120 -0.561338 0.968205
1.992078 -0.562089 0.969051
1.994049 -0.562710 0.969760
1.996032 -0.563210 0.970343
1.998029 -0.563593 0.970806
2.000040 -0.563859 0.971146
2.002066 -0.564009 0.971365
2.004108 -0.564044 0.971464
2.006167 -0.563959 0.971439
2.008244 -0.563750 0.971284
2.010342 -0.563411 0.970995
2.012462 -0.562932 0.970560
2.014608 -0.562307 0.969974
2.016781 -0.561523 0.969221
2.018990 -0.560541 0.968263
2.021238 -0.559347 0.967085
2.023532 -0.557914 0.965659
2.025888 -0.556145 0.963883
2.028322 -0.553975 0.961692
2.030874 -0.551182 0.958852
2.033631 -0.547296 0.954877
2.036993 -0.540126 0.947489
2.043615 -0.515113 0.921561
2.045787 -0.515050 0.921562
2.047958 -0.514987 0.921563
2.050130 -0.514921 0.921561
2.052301 -0.514858 0.921562
2.054472 -0.514792 0.921560
2.056643 -0.514729 0.921562
2.058815 -0.514663 0.921560
2.060986 -0.514600 0.921561
2.063157 -0.514537 0.921562
1.956625 -0.520629 0.921560
1.958794 -0.520566 0.921561
1.960962 -0.520502 0.921562
1.963131 -0.520437 0.921560
1.965299 -0.520374 0.921561
1.967468 -0.520308 0.921559
1.968531 -0.531456 0.933279
1.969913 -0.538903 0.941127
1.971571 -0.543327 0.945817
1.973321 -0.546685 0.949391
1.975119 -0.549438 0.952332
1.976950 -0.551770 0.954833
1.978807 -0.553772 0.956990
1.980685 -0.555502 0.958862
1.982579 -0.557024 0.960516
1.984488 -0.558362 0.961977
1.986410 -0.559530 0.963261
1.988347 -0.560537 0.964377
1.990296 -0.561408 0.965350
1.992258 -0.562147 0.966185
1.994232 -0.562759 0.966888
1.996220 -0.563248 0.967463
1.998221 -0.563621 0.967915
2.000236 -0.563875 0.968245
2.002267 -0.564014 0.968453
2.004312 -0.564040 0.968544
2.006376 -0.563944 0.968506
2.008458 -0.563721 0.968337
2.010561 -0.563368 0.968032
2.012687 -0.562875 0.967581
2.014838 -0.562233 0.966975
2.017019 -0.561424 0.966195
2.019235 -0.560416 0.965206
2.021491 -0.559197 0.963999
2.023792 -0.557743 0.962546
2.026162 -0.555913 0.960701
2.028612 -0.553675 0.958430
2.031183 -0.550793 0.955490
2.033979 -0.546717 0.951303
2.037612 -0.538065 0.942346
2.043342 -0.518066 0.921559
2.045509 -0.518002 0.921560
2.047676 -0.517937 0.921558
2.049843 -0.517874 0.921559
2.052011 -0.517808 0.921558
2.054178 -0.517745 0.921559
2.056345 -0.517680 0.921557
2.058512 -0.517617 0.921558
2.060679 -0.517554 0.921559
2.062846 -0.517488 0.921557
1.956518 -0.523566 0.921558
1.958682 -0.523503 0.921559
1.960847 -0.523438 0.921557
1.963011 -0.523375 0.921558
1.965175 -0.523309 0.921556
1.967340 -0.523246 0.921558
1.968600 -0.532334 0.931155
1.970032 -0.539279 0.938504
1.971700 -0.543627 0.943129
1.973457 -0.546924 0.946651
1.975262 -0.549634 0.949558
1.977097 -0.551949 0.952049
1.978960 -0.553917 0.954177
1.980841 -0.555641 0.956049
1.982739 -0.557149 0.957694
1.984652 -0.558474 0.959147
1.986579 -0.559621 0.960413
1.988520 -0.560618 0.961522
1.990473 -0.561476 0.962485
1.992438 -0.562204 0.963312
1.994417 -0.562806 0.964006
1.996408 -0.563286 0.964574
1.998413 -0.563648 0.965017
2.000433 -0.563892 0.965336
2.002468 -0.564020 0.965534
2.004518 -0.564034 0.965612
2.006586 -0.563924 0.965561
2.008673 -0.563691 0.965381
2.010781 -0.563327 0.965063
2.012912 -0.562817 0.964593
2.015069 -0.562158 0.963968
2.017259 -0.561317 0.963150
2.019481 -0.560290 0.962140
2.021744 -0.559049 0.960904
2.024057 -0.557542 0.959391
2.026437 -0.555683 0.957510
2.028903 -0.553368 0.955153
2.031498 -0.550376 0.952086
2.034330 -0.546127 0.947705
2.040906 -0.521070 0.921556
2.043069 -0.521007 0.921557
2.045232 -0.520941 0.921555
2.047395 -0.520879 0.921556
2.049559 -0.520813 0.921555
2.051721 -0.520750 0.921556
2.053885 -0.520685 0.921554
2.056047 -0.520622 0.921555
2.058210 -0.520559 0.921556
2.060373 -0.520493 0.921554
2.062536 -0.520430 0.921555
1.956411 -0.526492 0.921556
1.958571 -0.526427 0.921554
1.960731 -0.526364 0.921555
1.962892 -0.526299 0.921554
1.965052 -0.526236 0.921555
1.967212 -0.526170 0.921553
1.968687 -0.533030 0.928838
1.970151 -0.539672 0.935893
1.971831 -0.543908 0.940415
1.973594 -0.547165 0.943907
1.975406 -0.549828 0.946774
1.977246 -0.552120 0.949249
1.979113 -0.554066 0.951361
1.980999 -0.555769 0.953218
1.982900 -0.557272 0.954862
1.984817 -0.558575 0.956298
1.986749 -0.559710 0.957555
1.988693 -0.560696 0.958657
1.990649 -0.561546 0.959615
1.992619 -0.562264 0.960433
1.994601 -0.562855 0.961119
1.996597 -0.563327 0.961680
1.998606 -0.563676 0.962110
2.000630 -0.563911 0.962421
2.002669 -0.564030 0.962610
2.004724 -0.564030 0.962675
2.006797 -0.563909 0.962612
2.008888 -0.563662 0.962417
2.011002 -0.563281 0.962081
2.013138 -0.562759 0.961596
2.015303 -0.562070 0.960937
2.017499 -0.561211 0.960098
2.019728 -0.560162 0.959062
2.021999 -0.558898 0.957798
2.024323 -0.557344 0.956231
2.026712 -0.555450 0.954307
2.029196 -0.553061 0.951863
2.031815 -0.549954 0.948667
2.034704 -0.545411 0.943963
2.040638 -0.524000 0.921554
2.042798 -0.523935 0.921552
2.044956 -0.523872 0.921553
2.047116 -0.523806 0.921552
2.049274 -0.523744 0.921553
2.051434 -0.523678 0.921551
2.053592 -0.523615 0.921552
2.055751 -0.523553 0.921553
2.057910 -0.523487 0.921551
2.060069 -0.523424 0.921552
2.062228 -0.523359 0.921551
1.956305 -0.529405 0.921551
1.958461 -0.529342 0.921552
1.960617 -0.529277 0.921551
1.962773 -0.529214 0.921552
1.964929 -0.529149 0.921550
1.967085 -0.529086 0.921551
1.968777 -0.533707 0.926497
1.970269 -0.540062 0.933271
1.971964 -0.544176 0.937680
1.973733 -0.547392 0.941141
1.975550 -0.550025 0.943986
1.977395 -0.552286 0.946437
1.979266 -0.554216 0.948539
1.981156 -0.555907 0.950389
1.983061 -0.557392 0.952021
1.984983 -0.558674 0.953439
1.986918 -0.559798 0.954689
1.988867 -0.560773 0.955782
1.990827 -0.561614 0.956734
1.992800 -0.562321 0.957545
1.994786 -0.562904 0.958224
1.996786 -0.563363 0.958773
1.998800 -0.563703 0.959196
2.000828 -0.563927 0.959496
2.002871 -0.564035 0.959674
2.004930 -0.564024 0.959728
2.007007 -0.563893 0.959654
2.009105 -0.563631 0.959441
2.011223 -0.563235 0.959089
2.013367 -0.562687 0.958576
2.015538 -0.561981 0.957897
2.017740 -0.561102 0.957035
2.019976 -0.560036 0.955976
2.022254 -0.558744 0.954680
2.024590 -0.557142 0.953056
2.026990 -0.555206 0.951082
2.029489 -0.552755 0.948565
2.032131 -0.549545 0.945249
2.035080 -0.544692 0.940203
2.040372 -0.526917 0.921549
2.042527 -0.526854 0.921550
2.044682 -0.526788 0.921549
2.046837 -0.526726 0.921550
2.048992 -0.526660 0.921548
2.051147 -0.526598 0.921549
2.053301 -0.526535 0.921550
2.055456 -0.526470 0.921548
2.057611 -0.526407 0.921550
2.059766 -0.526342 0.921548
2.061920 -0.526279 0.921549
1.956198 -0.532309 0.921549
1.958351 -0.532244 0.921548
1.960503 -0.532181 0.921549
1.962655 -0.532116 0.921547
1.964807 -0.532053 0.921548
1.966958 -0.531990 0.921549
1.968867 -0.534380 0.924147
1.970392 -0.540413 0.930604
1.972097 -0.544444 0.934940
1.973873 -0.547608 0.938357
1.975694 -0.550220 0.941189
1.977546 -0.552441 0.943606
1.979420 -0.554363 0.945707
1.981313 -0.556047 0.947555
1.983223 -0.557506 0.949165
1.985149 -0.558776 0.950575
1.987088 -0.559892 0.951821
1.989040 -0.560856 0.952906
1.991005 -0.561682 0.953846
1.992982 -0.562379 0.954648
1.994972 -0.562951 0.955319
1.996976 -0.563402 0.955860
1.998994 -0.563731 0.956273
2.001026 -0.563944 0.956563
2.003074 -0.564040 0.956730
2.005138 -0.564018 0.956772
2.007219 -0.563876 0.956686
2.009322 -0.563599 0.956458
2.011447 -0.563178 0.956077
2.013597 -0.562613 0.955545
2.015773 -0.561892 0.954847
2.017981 -0.560996 0.953965
2.020224 -0.559909 0.952881
2.022514 -0.558567 0.951527
2.024858 -0.556943 0.949875
2.027273 -0.554944 0.947828
2.029786 -0.552431 0.945237
2.032459 -0.549068 0.941749
2.035475 -0.543869 0.936321
2.040107 -0.529824 0.921547
2.042258 -0.529759 0.921546
2.044408 -0.529697 0.921547
2.046559 -0.529634 0.921548
2.048710 -0.529569 0.921546
2.050861 -0.529506 0.921547
2.053012 -0.529441 0.921546
2.055162 -0.529378 0.921547
2.057313 -0.529313 0.921545
2.059463 -0.529251 0.921546
2.061614 -0.529188 0.921547
1.956093 -0.535199 0.921545
1.958241 -0.535137 0.921546
1.960389 -0.535072 0.921544
1.962537 -0.535009 0.921545
1.964685 -0.534946 0.921546
1.966833 -0.534881 0.921545
1.968967 -0.534956 0.921691
1.970517 -0.540749 0.927914
1.972231 -0.544706 0.932185
1.974014 -0.547823 0.935564
1.975839 -0.550420 0.938390
1.977696 -0.552606 0.940778
1.979574 -0.554514 0.942871
1.981471 -0.556183 0.944709
1.983387 -0.557616 0.946297
1.985316 -0.558876 0.947701
1.987259 -0.559981 0.948941
1.989215 -0.560935 0.950019
1.991183 -0.561753 0.950953
1.993164 -0.562442 0.951749
1.995158 -0.563003 0.952410
1.997166 -0.563441 0.952940
1.999188 -0.563761 0.953345
2.001224 -0.563963 0.953624
2.003277 -0.564048 0.953780
2.005345 -0.564015 0.953810
2.007433 -0.563851 0.953701
2.009541 -0.563556 0.953453
2.011672 -0.563121 0.953056
2.013827 -0.562539 0.952504
2.016009 -0.561803 0.951789
2.018224 -0.560887 0.950882
2.020474 -0.559778 0.949771
2.022774 -0.558398 0.948374
2.025126 -0.556741 0.946682
2.027557 -0.554673 0.944554
2.030089 -0.552076 0.941866
2.032792 -0.548573 0.938218
2.035886 -0.542966 0.932340
2.039842 -0.532719 0.921543
2.041989 -0.532656 0.921544
2.044136 -0.532594 0.921545
2.046283 -0.532529 0.921543
2.048429 -0.532466 0.921544
2.050576 -0.532401 0.921543
2.052723 -0.532339 0.921544
2.054869 -0.532273 0.921542
2.057016 -0.532211 0.921543
2.059162 -0.532148 0.921544
2.061309 -0.532083 0.921543
1.955987 -0.538081 0.921543
1.958132 -0.538017 0.921541
1.960275 -0.537954 0.921542
1.962419 -0.537891 0.921543
1.964563 -0.537827 0.921542
1.966707 -0.537764 0.921543
1.968851 -0.537699 0.921541
1.970642 -0.541085 0.925218
1.972365 -0.544968 0.929425
1.974155 -0.548040 0.932767
1.975985 -0.550607 0.935570
1.977847 -0.552773 0.937945
1.979729 -0.554662 0.940025
1.981631 -0.556305 0.941842
1.983551 -0.557726 0.943422
1.985484 -0.558975 0.944819
1.987430 -0.560069 0.946050
1.989390 -0.561014 0.947123
1.991362 -0.561822 0.948049
1.993347 -0.562500 0.948837
1.995345 -0.563053 0.949492
1.997356 -0.563482 0.950014
1.999383 -0.563789 0.950407
2.001424 -0.563979 0.950675
2.003481 -0.564049 0.950814
2.005555 -0.563999 0.950827
2.007648 -0.563820 0.950701
2.009761 -0.563512 0.950439
2.011897 -0.563065 0.950029
2.014057 -0.562469 0.949460
2.016247 -0.561709 0.948716
2.018466 -0.560782 0.947795
2.020726 -0.559632 0.946637
2.023035 -0.558225 0.945205
2.025397 -0.556535 0.943473
2.027841 -0.554409 0.941277
2.030394 -0.551719 0.938482
2.033125 -0.548081 0.934678
2.036328 -0.541893 0.928162
2.039579 -0.535605 0.921541
2.041721 -0.535542 0.921542
2.043864 -0.535477 0.921540
2.046007 -0.535415 0.921541
2.048150 -0.535350 0.921540
2.050292 -0.535288 0.921541
2.052435 -0.535223 0.921539
2.054577 -0.535160 0.921540
2.056720 -0.535098 0.921541
2.058863 -0.535033 0.921540
2.061005 -0.534970 0.921541
1.955883 -0.540950 0.921538
1.958023 -0.540888 0.921539
1.960162 -0.540825 0.921540
1.962302 -0.540761 0.921539
1.964442 -0.540698 0.921540
1.966582 -0.540633 0.921538
1.968722 -0.540571 0.921539
1.970767 -0.541429 0.922525
1.972499 -0.545240 0.926669
1.974296 -0.548255 0.929961
1.976132 -0.550791 0.932740
1.977998 -0.552932 0.935096
1.979884 -0.554809 0.937169
1.981791 -0.556425 0.938965
1.983715 -0.557838 0.940542
1.985652 -0.559078 0.941933
1.987602 -0.560161 0.943157
1.989565 -0.561094 0.944220
1.991541 -0.561893 0.945141
1.993530 -0.562560 0.945920
1.995532 -0.563100 0.946563
1.997549 -0.563514 0.947070
1.999580 -0.563808 0.947450
2.001625 -0.563985 0.947705
2.003687 -0.564043 0.947833
2.005766 -0.563979 0.947831
2.007863 -0.563791 0.947695
2.009982 -0.563469 0.947417
2.012123 -0.563007 0.946990
2.014289 -0.562396 0.946403
2.016484 -0.561621 0.945641
2.018711 -0.560670 0.944691
2.020981 -0.559481 0.943488
2.023296 -0.558053 0.942029
2.025672 -0.556306 0.940231
2.028128 -0.554136 0.937981
2.030699 -0.551363 0.935088
2.033467 -0.547542 0.931075
2.036801 -0.540653 0.923790
2.039316 -0.538480 0.921539
2.041455 -0.538415 0.921537
2.043594 -0.538353 0.921538
2.045733 -0.538288 0.921537
2.047871 -0.538226 0.921538
2.050010 -0.538161 0.921536
2.052148 -0.538098 0.921537
2.054287 -0.538036 0.921538
2.056425 -0.537971 0.921537
2.058564 -0.537909 0.921538
2.060702 -0.537844 0.921536
1.955778 -0.543811 0.921536
1.957914 -0.543748 0.921537
1.960050 -0.543684 0.921536
1.962186 -0.543621 0.921537
1.964322 -0.543557 0.921535
1.966457 -0.543494 0.921536
1.968593 -0.543432 0.921537
1.970729 -0.543367 0.921536
1.972634 -0.545503 0.923896
1.974438 -0.548469 0.927146
1.976280 -0.550969 0.929896
1.978150 -0.553098 0.932247
1.980041 -0.554951 0.934302
1.981952 -0.556548 0.936082
1.983879 -0.557949 0.937652
1.985820 -0.559178 0.939037
1.987774 -0.560251 0.940254
1.989741 -0.561173 0.941309
1.991720 -0.561965 0.942224
1.993714 -0.562614 0.942987
1.995721 -0.563139 0.943616
1.997742 -0.563541 0.944113
1.999777 -0.563824 0.944483
2.001827 -0.563992 0.944729
2.003893 -0.564039 0.944845
2.005977 -0.563962 0.944829
2.008080 -0.563761 0.944680
2.010203 -0.563428 0.944389
2.012349 -0.562949 0.943942
2.014521 -0.562321 0.943335
2.016722 -0.561531 0.942555
2.018959 -0.560541 0.941561
2.021236 -0.559332 0.940332
2.023559 -0.557876 0.938838
2.025948 -0.556074 0.936975
2.028416 -0.553858 0.934669
2.031008 -0.550990 0.931664
2.033819 -0.546955 0.927410
2.036920 -0.541406 0.921536
2.039055 -0.541342 0.921534
2.041190 -0.541279 0.921535
2.043324 -0.541215 0.921534
2.045459 -0.541152 0.921535
2.047594 -0.541088 0.921533
2.049728 -0.541025 0.921534
2.051863 -0.540963 0.921535
2.053997 -0.540898 0.921534
2.056132 -0.540836 0.921535
2.058266 -0.540771 0.921533
2.060401 -0.540709 0.921534
1.955674 -0.546660 0.921535
1.957806 -0.546596 0.921533
1.959938 -0.546534 0.921534
1.962070 -0.546469 0.921532
1.964201 -0.546407 0.921533
1.966333 -0.546344 0.921534
1.968465 -0.546280 0.921533
1.970596 -0.546218 0.921534
1.972728 -0.546153 0.921532
1.974580 -0.548687 0.924329
1.976428 -0.551148 0.927045
1.978302 -0.553262 0.929388
1.980198 -0.555091 0.931424
1.982114 -0.556671 0.933193
1.984044 -0.558062 0.934757
1.985988 -0.559281 0.936135
1.987946 -0.560339 0.937340
1.989917 -0.561253 0.938391
1.991901 -0.562027 0.939290
1.993900 -0.562664 0.940042
1.995911 -0.563177 0.940661
1.997936 -0.563569 0.941149
1.999975 -0.563845 0.941512
2.002030 -0.564000 0.941745
2.004100 -0.564035 0.941849
2.006189 -0.563946 0.941821
2.008296 -0.563732 0.941656
2.010425 -0.563382 0.941346
2.012577 -0.562891 0.940885
2.014755 -0.562246 0.940258
2.016962 -0.561436 0.939454
2.019207 -0.560415 0.938423
2.021491 -0.559182 0.937165
2.023823 -0.557700 0.935639
2.026225 -0.555842 0.933709
2.028711 -0.553546 0.931309
2.031326 -0.550573 0.928181
2.034175 -0.546351 0.923713
2.036664 -0.544258 0.921532
2.038794 -0.544195 0.921533
2.040925 -0.544131 0.921531
2.043056 -0.544068 0.921532
2.045187 -0.544004 0.921530
2.047317 -0.543942 0.921531
2.049448 -0.543879 0.921532
2.051578 -0.543815 0.921531
2.053709 -0.543753 0.921532
2.055839 -0.543688 0.921530
2.057970 -0.543626 0.921531
2.060100 -0.543564 0.921532
1.955570 -0.549497 0.921530
1.957698 -0.549435 0.921531
1.959826 -0.549370 0.921530
1.961954 -0.549308 0.921531
1.964082 -0.549246 0.921532
1.966209 -0.549181 0.921530
1.968337 -0.549119 0.921531
1.970465 -0.549055 0.921529
1.972592 -0.548993 0.921530
1.974720 -0.548931 0.921531
1.976576 -0.551326 0.924187
1.978454 -0.553426 0.926523
1.980356 -0.555227 0.928535
1.982275 -0.556793 0.930293
1.984209 -0.558175 0.931854
1.986157 -0.559382 0.933224
1.988119 -0.560432 0.934424
1.990095 -0.561324 0.935455
1.992084 -0.562085 0.936343
1.994086 -0.562713 0.937088
1.996101 -0.563216 0.937698
1.998130 -0.563601 0.938180
2.000174 -0.563862 0.938528
2.002233 -0.564005 0.938750
2.004308 -0.564029 0.938842
2.006401 -0.563929 0.938801
2.008514 -0.563700 0.938621
2.010647 -0.563338 0.938297
2.012805 -0.562830 0.937817
2.014989 -0.562170 0.937171
2.017205 -0.561325 0.936326
2.019456 -0.560288 0.935275
2.021748 -0.559030 0.933986
2.024092 -0.557496 0.932399
2.026503 -0.555606 0.930429
2.029005 -0.553241 0.927946
2.031644 -0.550159 0.924691
2.034282 -0.547162 0.921529
2.036408 -0.547100 0.921530
2.038535 -0.547036 0.921528
2.040662 -0.546974 0.921529
2.042789 -0.546909 0.921528
2.044915 -0.546847 0.921529
2.047042 -0.546785 0.921530
2.049168 -0.546720 0.921528
2.051295 -0.546658 0.921529
2.053421 -0.546594 0.921527
2.055548 -0.546532 0.921528
2.057674 -0.546470 0.921529
2.059801 -0.546405 0.921528
1.955467 -0.552325 0.921528
1.957591 -0.552261 0.921527
1.959715 -0.552199 0.921528
1.961838 -0.552137 0.921529
1.963962 -0.552072 0.921527
1.966086 -0.552010 0.921528
1.968210 -0.551946 0.921527
1.970334 -0.551884 0.921528
1.972457 -0.551822 0.921529
1.974581 -0.551757 0.921527
1.976705 -0.551695 0.921528
1.978608 -0.553581 0.923640
1.980514 -0.555358 0.925633
1.982437 -0.556919 0.927392
1.984375 -0.558287 0.928941
1.986327 -0.559481 0.930302
1.988294 -0.560511 0.931486
1.990274 -0.561395 0.932511
1.992266 -0.562143 0.933388
1.994272 -0.562763 0.934127
1.996292 -0.563255 0.934727
1.998325 -0.563627 0.935196
2.000373 -0.563881 0.935539
2.002436 -0.564013 0.935749
2.004517 -0.564023 0.935827
2.006614 -0.563913 0.935775
2.008732 -0.563670 0.935580
2.010871 -0.563294 0.935239
2.013034 -0.562772 0.934741
2.015225 -0.562085 0.934066
2.017448 -0.561217 0.933194
2.019706 -0.560155 0.932112
2.022005 -0.558879 0.930799
2.024361 -0.557296 0.929154
2.026783 -0.555370 0.927138
2.029303 -0.552924 0.924560
2.031908 -0.550056 0.921526
2.034031 -0.549994 0.921527
2.036154 -0.549930 0.921525
2.038277 -0.549868 0.921526
2.040399 -0.549804 0.921525
2.042522 -0.549741 0.921526
2.044644 -0.549679 0.921527
2.046767 -0.549615 0.921525
2.048890 -0.549553 0.921526
2.051013 -0.549489 0.921525
2.053135 -0.549427 0.921526
2.055257 -0.549365 0.921527
2.057380 -0.549300 0.921525
2.059502 -0.549238 0.921526
1.955364 -0.555141 0.921524
1.957484 -0.555079 0.921525
1.959604 -0.555017 0.921526
1.961724 -0.554953 0.921524
1.963844 -0.554891 0.921525
1.965963 -0.554826 0.921524
1.968083 -0.554764 0.921525
1.970203 -0.554702 0.921526
1.972323 -0.554638 0.921524
1.974442 -0.554576 0.921525
1.976562 -0.554512 0.921524
1.978682 -0.554450 0.921525
1.980673 -0.555499 0.922734
1.982600 -0.557043 0.924480
1.984542 -0.558396 0.926019
1.986498 -0.559577 0.927371
1.988469 -0.560590 0.928539
1.990453 -0.561464 0.929556
1.992450 -0.562201 0.930425
1.994460 -0.562810 0.931155
1.996483 -0.563294 0.931747
1.998521 -0.563655 0.932207
2.000573 -0.563893 0.932533
2.002641 -0.564016 0.932734
2.004726 -0.564017 0.932803
2.006828 -0.563893 0.932736
2.008950 -0.563641 0.932529
2.011094 -0.563252 0.932175
2.013264 -0.562708 0.931652
2.015462 -0.561995 0.930945
2.017692 -0.561110 0.930052
2.019957 -0.560030 0.928947
2.022265 -0.558717 0.927589
2.024631 -0.557096 0.925897
2.027066 -0.555117 0.923817
2.029544 -0.552940 0.921523
2.031662 -0.552878 0.921524
2.033782 -0.552813 0.921522
2.035900 -0.552751 0.921523
2.038019 -0.552687 0.921522
2.040138 -0.552625 0.921523
2.042256 -0.552563 0.921524
2.044375 -0.552499 0.921522
2.046494 -0.552437 0.921523
2.048613 -0.552373 0.921522
2.050731 -0.552311 0.921523
2.052849 -0.552249 0.921524
2.054968 -0.552185 0.921522
2.057087 -0.552123 0.921523
2.059205 -0.552058 0.921522
1.955261 -0.557948 0.921522
1.957377 -0.557886 0.921523
1.959493 -0.557822 0.921521
1.961609 -0.557760 0.921522
1.963725 -0.557696 0.921521
1.965841 -0.557634 0.921522
1.967957 -0.557572 0.921523
1.970073 -0.557508 0.921521
1.972188 -0.557446 0.921522
1.974304 -0.557382 0.921521
1.976420 -0.557320 0.921522
1.978535 -0.557258 0.921523
1.980651 -0.557194 0.921521
1.982762 -0.557170 0.921563
1.984709 -0.558508 0.923091
1.986670 -0.559667 0.924424
1.988645 -0.560672 0.925587
1.990632 -0.561535 0.926596
1.992633 -0.562262 0.927457
1.994647 -0.562860 0.928177
1.996675 -0.563333 0.928760
1.998716 -0.563685 0.929211
2.000773 -0.563914 0.929529
2.002846 -0.564023 0.929716
2.004935 -0.564013 0.929772
2.007042 -0.563878 0.929693
2.009170 -0.563611 0.929470
2.011320 -0.563199 0.929089
2.013497 -0.562631 0.928538
2.015701 -0.561903 0.927813
2.017936 -0.561000 0.926897
2.020208 -0.559902 0.925769
2.022527 -0.558547 0.924361
2.024903 -0.556890 0.922625
2.027188 -0.555812 0.921520
2.029303 -0.555750 0.921521
2.031418 -0.555686 0.921520
2.033533 -0.555624 0.921521
2.035648 -0.555560 0.921519
2.037762 -0.555498 0.921520
2.039877 -0.555436 0.921521
2.041992 -0.555372 0.921519
2.044107 -0.555310 0.921520
2.046222 -0.555246 0.921519
2.048336 -0.555184 0.921520
2.050451 -0.555123 0.921521
2.052566 -0.555058 0.921519
2.054680 -0.554997 0.921520
2.056795 -0.554932 0.921519
2.058909 -0.554871 0.921520
1.955159 -0.560745 0.921520
1.957271 -0.560681 0.921519
1.959383 -0.560619 0.921520
1.961495 -0.560555 0.921518
1.963607 -0.560493 0.921519
1.965719 -0.560431 0.921520
1.967831 -0.560367 0.921518
1.969943 -0.560305 0.921519
1.972055 -0.560241 0.921518
1.974167 -0.560180 0.921519
1.976278 -0.560118 0.921520
1.978390 -0.560054 0.921518
1.980502 -0.559992 0.921519
1.982614 -0.559928 0.921518
1.984725 -0.559866 0.921519
1.986837 -0.559804 0.921520
1.988821 -0.560752 0.922625
1.990813 -0.561604 0.923626
1.992817 -0.562323 0.924480
1.994835 -0.562910 0.925191
1.996867 -0.563372 0.925764
1.998913 -0.563713 0.926205
2.000974 -0.563931 0.926512
2.003051 -0.564031 0.926689
2.005145 -0.564009 0.926733
2.007257 -0.563860 0.926638
2.009391 -0.563572 0.926392
2.011548 -0.563138 0.925986
2.013730 -0.562558 0.925420
2.015940 -0.561815 0.924676
2.018182 -0.560889 0.923733
2.020460 -0.559771 0.922579
2.022730 -0.558738 0.921519
2.024841 -0.558674 0.921517
2.026952 -0.558612 0.921518
2.029063 -0.558548 0.921517
2.031174 -0.558486 0.921518
2.033285 -0.558422 0.921516
2.035396 -0.558361 0.921517
2.037507 -0.558299 0.921518
2.039618 -0.558235 0.921517
2.041728 -0.558173 0.921518
2.043840 -0.558109 0.921516
2.045950 -0.558047 0.921517
2.048061 -0.557985 0.921518
2.050172 -0.557921 0.921517
2.052282 -0.557860 0.921518
2.054393 -0.557796 0.921516
2.056504 -0.557734 0.921517
2.058614 -0.557672 0.921518
1.955057 -0.563529 0.921516
1.957166 -0.563467 0.921517
1.959274 -0.563403 0.921515
1.961382 -0.563342 0.921516
1.963490 -0.563280 0.921517
1.965598 -0.563216 0.921516
1.967706 -0.563154 0.921517
1.969814 -0.563090 0.921515
1.971922 -0.563029 0.921516
1.974029 -0.562967 0.921517
1.976137 -0.562903 0.921516
1.978245 -0.562841 0.921516
1.980353 -0.562777 0.921515
1.982461 -0.562716 0.921516
1.984568 -0.562654 0.921517
1.986676 -0.562590 0.921515
1.988784 -0.562528 0.921516
1.990892 -0.562464 0.921515
1.992999 -0.562403 0.921516
1.995024 -0.562961 0.922197
1.997060 -0.563411 0.922760
1.999111 -0.563739 0.923188
2.001176 -0.563948 0.923486
2.003258 -0.564034 0.923649
2.005356 -0.564000 0.923680
2.007474 -0.563832 0.923565
2.009613 -0.563528 0.923299
2.011775 -0.563084 0.922881
2.013963 -0.562485 0.922292
2.016180 -0.561722 0.921524
2.018288 -0.561651 0.921515
2.020395 -0.561589 0.921516
2.022503 -0.561525 0.921514
2.024610 -0.561464 0.921515
2.026717 -0.561400 0.921514
2.028824 -0.561338 0.921515
2.030931 -0.561274 0.921513
2.033038 -0.561212 0.921514
2.035145 -0.561151 0.921515
2.037252 -0.561087 0.921514
2.039359 -0.561025 0.921515
2.041466 -0.560961 0.921513
2.043573 -0.560899 0.921514
2.045680 -0.560838 0.921515
2.047787 -0.560774 0.921514
2.049893 -0.560712 0.921515
2.052000 -0.560648 0.921513
2.054107 -0.560587 0.921514
2.056214 -0.560525 0.921515
2.058320 -0.560461 0.921514
1.954956 -0.566305 0.921514
1.957060 -0.566241 0.921512
1.959164 -0.566180 0.921513
1.961269 -0.566118 0.921514
1.963373 -0.566054 0.921513
1.965477 -0.565993 0.921514
1.967581 -0.565929 0.921512
1.969685 -0.565867 0.921513
1.971789 -0.565805 0.921514
1.973893 -0.565742 0.921513
1.975997 -0.565680 0.921514
1.978101 -0.565616 0.921512
1.980205 -0.565554 0.921513
1.982308 -0.565493 0.921514
1.984412 -0.565429 0.921513
1.986516 -0.565367 0.921514
1.988620 -0.565304 0.921512
1.990724 -0.565242 0.921513
1.992828 -0.565178 0.921511
1.994931 -0.565116 0.921512
1.997035 -0.565055 0.921513
1.999138 -0.564991 0.921512
2.001242 -0.564929 0.921513
2.003346 -0.564866 0.921511
2.005449 -0.564804 0.921512
2.007552 -0.564742 0.921513
2.009656 -0.564679 0.921512
2.011759 -0.564617 0.921513
2.013863 -0.564553 0.921511
2.015966 -0.564491 0.921512
2.018069 -0.564430 0.921513
2.020173 -0.564366 0.921512
2.022276 -0.564304 0.921513
2.024380 -0.564241 0.921511
2.026483 -0.564179 0.921512
2.028586 -0.564115 0.921511
2.030689 -0.564054 0.921512
2.032792 -0.563992 0.921513
2.034895 -0.563928 0.921511
2.036998 -0.563867 0.921512
2.039102 -0.563803 0.921510
2.041205 -0.563741 0.921511
2.043307 -0.563680 0.921512
2.045411 -0.563616 0.921511
2.047513 -0.563554 0.921512
2.049616 -0.563490 0.921510
2.051719 -0.563429 0.921511
2.053822 -0.563367 0.921512
2.055925 -0.563303 0.921511
2.058028 -0.563242 0.921512
1.954855 -0.569069 0.921510
1.956955 -0.569007 0.921511
1.959056 -0.568946 0.921512
1.961156 -0.568882 0.921510
1.963256 -0.568820 0.921511
1.965356 -0.568757 0.921509
1.967456 -0.568695 0.921510
1.969557 -0.568634 0.921511
1.971657 -0.568570 0.921510
1.973757 -0.568508 0.921511
1.975857 -0.568444 0.921509
1.977957 -0.568383 0.921510
1.980057 -0.568321 0.921511
1.982157 -0.568258 0.921510
1.984257 -0.568196 0.921511
1.986357 -0.568132 0.921509
1.988457 -0.568071 0.921510
1.990557 -0.568007 0.921509
1.992656 -0.567946 0.921510
1.994756 -0.567884 0.921511
1.996856 -0.567820 0.921509
1.998956 -0.567759 0.921510
2.001055 -0.567695 0.921509
2.003155 -0.567634 0.921510
2.005254 -0.567572 0.921511
2.007354 -0.567508 0.921509
2.009454 -0.567447 0.921510
2.011553 -0.567383 0.921508
2.013653 -0.567322 0.921509
2.015752 -0.567260 0.921510
2.017852 -0.567196 0.921509
2.019951 -0.567135 0.921510
2.022051 -0.567071 0.921508
2.024150 -0.567010 0.921509
2.026250 -0.566946 0.921508
2.028349 -0.566884 0.921509
2.030448 -0.566823 0.921510
2.032547 -0.566759 0.921508
2.034646 -0.566698 0.921509
2.036746 -0.566634 0.921508
2.038845 -0.566572 0.921509
2.040944 -0.566511 0.921510
2.043043 -0.566447 0.921508
2.045142 -0.566386 0.921509
2.047241 -0.566322 0.921508
2.049340 -0.566260 0.921509
2.051439 -0.566199 0.921510
2.053538 -0.566135 0.921508
2.055637 -0.566074 0.921509
2.057736 -0.566010 0.921507
1.954754 -0.571824 0.921508
1.956851 -0.571763 0.921509
1.958947 -0.571699 0.921507
1.961044 -0.571638 0.921508
1.963140 -0.571574 0.921507
1.965236 -0.571513 0.921508
1.967332 -0.571451 0.921509
1.969429 -0.571388 0.921507
1.971525 -0.571326 0.921508
1.973621 -0.571262 0.921507
1.975717 -0.571201 0.921508
1.977813 -0.571140 0.921509
1.979910 -0.571076 0.921507
1.982006 -0.571015 0.921508
1.984102 -0.570951 0.921506
1.986198 -0.570889 0.921507
1.988294 -0.570826 0.921506
1.990390 -0.570764 0.921507
1.992486 -0.570703 0.921508
1.994582 -0.570639 0.921506
1.996678 -0.570578 0.921507
1.998774 -0.570514 0.921506
2.000869 -0.570453 0.921507
2.002965 -0.570391 0.921508
2.005061 -0.570328 0.921506
2.007157 -0.570266 0.921507
2.009252 -0.570203 0.921506
2.011348 -0.570141 0.921507
2.013443 -0.570080 0.921508
2.015539 -0.570016 0.921506
2.017635 -0.569955 0.921507
2.019731 -0.569891 0.921506
2.021826 -0.569830 0.921507
2.023922 -0.569766 0.921505
2.026017 -0.569705 0.921506
2.028112 -0.569643 0.921507
2.030208 -0.569580 0.921505
2.032303 -0.569518 0.921506
2.034399 -0.569455 0.921505
2.036494 -0.569393 0.921506
2.038589 -0.569332 0.921507
2.040684 -0.569268 0.921505
2.042779 -0.569207 0.921506
2.044875 -0.569143 0.921505
2.046970 -0.569082 0.921506
2.049065 -0.569020 0.921507
2.051160 -0.568957 0.921505
2.053255 -0.568895 0.921506
2.055351 -0.568832 0.921505
2.057445 -0.568770 0.921506
1.954654 -0.574570 0.921506
1.956747 -0.574506 0.921504
1.958839 -0.574445 0.921505
1.960932 -0.574381 0.921504
1.963024 -0.574320 0.921505
1.965117 -0.574259 0.921506
1.967209 -0.574195 0.921504
1.969301 -0.574134 0.921505
1.971394 -0.574070 0.921504
1.973486 -0.574009 0.921505
1.975578 -0.573947 0.921506
1.977671 -0.573884 0.921504
1.979763 -0.573823 0.921505
1.981855 -0.573759 0.921504
1.983947 -0.573698 0.921505
1.986040 -0.573634 0.921503
1.988132 -0.573573 0.921504
1.990224 -0.573511 0.921505
1.992316 -0.573448 0.921504
1.994408 -0.573387 0.921505
1.996500 -0.573323 0.921503
1.998592 -0.573262 0.921504
2.000684 -0.573200 0.921505
2.002776 -0.573137 0.921503
2.004868 -0.573075 0.921504
2.006960 -0.573012 0.921503
2.009052 -0.572951 0.921504
2.011143 -0.572889 0.921505
2.013235 -0.572826 0.921503
2.015327 -0.572764 0.921504
2.017419 -0.572701 0.921503
2.019510 -0.572640 0.921504
2.021602 -0.572576 0.921502
2.023694 -0.572515 0.921503
2.025785 -0.572453 0.921504
2.027877 -0.572390 0.921503
2.029968 -0.572329 0.921504
2.032060 -0.572265 0.921502
2.034151 -0.572204 0.921503
2.036243 -0.572142 0.921504
2.038334 -0.572079 0.921503
2.040426 -0.572018 0.921504
2.042517 -0.571954 0.921502
2.044608 -0.571893 0.921503
2.046700 -0.571831 0.921504
2.048791 -0.571768 0.921502
2.050882 -0.571707 0.921503
2.052974 -0.571643 0.921502
2.055065 -0.571582 0.921503
2.057156 -0.571518 0.921501
1.954554 -0.577303 0.921502
1.956643 -0.577242 0.921503
1.958732 -0.577178 0.921501
1.960820 -0.577117 0.921502
1.962909 -0.577056 0.921503
1.964997 -0.576992 0.921502
1.967086 -0.576931 0.921503
1.969175 -0.576867 0.921501
1.971263 -0.576806 0.921502
1.973351 -0.576745 0.921503
1.975440 -0.576681 0.921501
1.977528 -0.576620 0.921502
1.979617 -0.576557 0.921501
1.981705 -0.576496 0.921502
1.983794 -0.576432 0.921500
1.985882 -0.576371 0.921501
1.987970 -0.576310 0.921502
1.990059 -0.576246 0.921501
1.992147 -0.576185 0.921502
1.994235 -0.576121 0.921500
1.996323 -0.576060 0.921501
1.998411 -0.575999 0.921502
2.000499 -0.575936 0.921501
2.002587 -0.575874 0.921502
2.004676 -0.575811 0.921500
2.006764 -0.575750 0.921501
2.008851 -0.575688 0.921502
2.010940 -0.575625 0.921501
2.013027 -0.575564 0.921502
2.015116 -0.575500 0.921500
2.017203 -0.575439 0.921501
2.019291 -0.575376 0.921499
2.021379 -0.575314 0.921500
2.023467 -0.575253 0.921501
2.025555 -0.575190 0.921500
2.027642 -0.575129 0.921501
2.029730 -0.575065 0.921499
2.031818 -0.575004 0.921500
2.033905 -0.574943 0.921501
2.035993 -0.574879 0.921500
2.038080 -0.574818 0.921501
2.040168 -0.574755 0.921499
2.042256 -0.574693 0.921500
2.044343 -0.574632 0.921501
2.046431 -0.574569 0.921500
2.048518 -0.574508 0.921501
2.050606 -0.574444 0.921499
2.052693 -0.574383 0.921500
2.054780 -0.574319 0.921499
2.056867 -0.574258 0.921500
1.954454 -0.580028 0.921500
1.956539 -0.579965 0.921498
1.958624 -0.579904 0.921499
1.960709 -0.579842 0.921500
1.962794 -0.579779 0.921499
1.964879 -0.579718 0.921500
1.966964 -0.579655 0.921498
1.969048 -0.579593 0.921499
1.971133 -0.579532 0.921500
1.973218 -0.579469 0.921499
1.975302 -0.579408 0.921500
1.977387 -0.579344 0.921498
1.979471 -0.579283 0.921499
1.981556 -0.579220 0.921498
1.983640 -0.579159 0.921499
1.985725 -0.579098 0.921500
1.987809 -0.579034 0.921498
1.989894 -0.578973 0.921499
1.991978 -0.578910 0.921497
1.994063 -0.578849 0.921498
1.996147 -0.578787 0.921499
1.998231 -0.578724 0.921498
2.000315 -0.578663 0.921499
2.002400 -0.578600 0.921497
2.004484 -0.578538 0.921498
2.006568 -0.578477 0.921499
2.008652 -0.578414 0.921498
2.010736 -0.578353 0.921499
2.012821 -0.578289 0.921497
2.014905 -0.578228 0.921498
2.016989 -0.578165 0.921497
2.019073 -0.578104 0.921498
2.021157 -0.578043 0.921499
2.023241 -0.577979 0.921497
2.025325 -0.577918 0.921498
2.027409 -0.577855 0.921497
2.029492 -0.577794 0.921498
2.031576 -0.577733 0.921499
2.033660 -0.577669 0.921497
2.035744 -0.577608 0.921498
2.037828 -0.577545 0.921496
2.039911 -0.577484 0.921497
2.041995 -0.577423 0.921498
2.044079 -0.577359 0.921497
2.046162 -0.577298 0.921498
2.048246 -0.577235 0.921496
2.050329 -0.577174 0.921497
2.052413 -0.577110 0.921496
2.054497 -0.577049 0.921497
2.056580 -0.576988 0.921498
1.954355 -0.582741 0.921496
1.956436 -0.582680 0.921497
1.958517 -0.582619 0.921498
1.960598 -0.582556 0.921496
1.962679 -0.582495 0.921497
1.964760 -0.582431 0.921495
1.966841 -0.582370 0.921496
1.968922 -0.582309 0.921497
1.971003 -0.582246 0.921496
1.973084 -0.582185 0.921497
1.975165 -0.582122 0.921495
1.977246 -0.582061 0.921496
1.979326 -0.581997 0.921495
1.981407 -0.581936 0.921496
1.983488 -0.581875 0.921497
1.985568 -0.581812 0.921495
1.987649 -0.581751 0.921496
1.989730 -0.581688 0.921495
1.991810 -0.581627 0.921496
1.993891 -0.581566 0.921497
1.995971 -0.581502 0.921495
1.998052 -0.581441 0.921496
2.000132 -0.581378 0.921495
2.002213 -0.581317 0.921496
2.004293 -0.581256 0.921497
2.006373 -0.581193 0.921495
2.008454 -0.581132 0.921496
2.010534 -0.581068 0.921494
2.012614 -0.581007 0.921495
2.014695 -0.580944 0.921494
2.016775 -0.580883 0.921495
2.018855 -0.580822 0.921496
2.020935 -0.580759 0.921494
2.023015 -0.580698 0.921495
2.025096 -0.580635 0.921494
2.027176 -0.580574 0.921495
2.029255 -0.580513 0.921496
2.031336 -0.580449 0.921494
2.033416 -0.580388 0.921495
2.035496 -0.580325 0.921494
2.037576 -0.580264 0.921495
2.039655 -0.580203 0.921496
2.041735 -0.580140 0.921494
2.043815 -0.580079 0.921495
2.045895 -0.580015 0.921494
2.047975 -0.579954 0.921495
2.050055 -0.579891 0.921493
2.052134 -0.579830 0.921494
2.054214 -0.579769 0.921495
2.056294 -0.579706 0.921493
1.954256 -0.585447 0.921494
1.956334 -0.585386 0.921495
1.958411 -0.585322 0.921493
1.960488 -0.585261 0.921494
1.962565 -0.585198 0.921493
1.964643 -0.585137 0.921494
1.966720 -0.585076 0.921495
1.968797 -0.585013 0.921493
1.970874 -0.584952 0.921494
1.972951 -0.584889 0.921493
1.975028 -0.584828 0.921494
1.977105 -0.584765 0.921492
1.979182 -0.584704 0.921493
1.981259 -0.584643 0.921494
1.983336 -0.584580 0.921493
1.985412 -0.584519 0.921493
1.987489 -0.584456 0.921492
1.989566 -0.584395 0.921493
1.991643 -0.584334 0.921494
1.993720 -0.584271 0.921492
1.995796 -0.584210 0.921493
1.997873 -0.584146 0.921492
1.999950 -0.584086 0.921493
2.002026 -0.584025 0.921494
2.004103 -0.583961 0.921492
2.006179 -0.583900 0.921493
2.008256 -0.583837 0.921492
2.010332 -0.583776 0.921493
2.012409 -0.583715 0.921494
2.014485 -0.583652 0.921492
2.016562 -0.583591 0.921493
2.018638 -0.583528 0.921492
2.020715 -0.583467 0.921493
2.022791 -0.583404 0.921491
2.024867 -0.583343 0.921492
2.026943 -0.583282 0.921493
2.029020 -0.583219 0.921492
2.031096 -0.583158 0.921493
2.033172 -0.583095 0.921491
2.035248 -0.583034 0.921492
2.037324 -0.582973 0.921493
2.039401 -0.582910 0.921491
2.041477 -0.582849 0.921492
2.043553 -0.582786 0.921491
2.045629 -0.582725 0.921492
2.047704 -0.582664 0.921493
2.049781 -0.582601 0.921491
2.051856 -0.582540 0.921492
2.053933 -0.582477 0.921491
2.056008 -0.582416 0.921492
1.954158 -0.588140 0.921490
1.956232 -0.588079 0.921491
1.958305 -0.588018 0.921492
1.960378 -0.587955 0.921490
1.962452 -0.587894 0.921491
1.964525 -0.587833 0.921492
1.966598 -0.587770 0.921490
1.968672 -0.587709 0.921491
1.970745 -0.587646 0.921490
1.972818 -0.587585 0.921491
1.974891 -0.587524 0.921492
1.976965 -0.587461 0.921490
1.979038 -0.587401 0.921491
1.981111 -0.587337 0.921490
1.983184 -0.587277 0.921491
1.985257 -0.587214 0.921489
1.987330 -0.587153 0.921490
1.989403 -0.587092 0.921491
1.991476 -0.587029 0.921490
1.993549 -0.586968 0.921491
1.995622 -0.586905 0.921489
1.997695 -0.586844 0.921490
1.999768 -0.586783 0.921491
2.001841 -0.586720 0.921490
2.003913 -0.586659 0.921491
2.005986 -0.586596 0.921489
2.008059 -0.586535 0.921490
2.010131 -0.586474 0.921491
2.012204 -0.586411 0.921489
2.014277 -0.586350 0.921490
2.016350 -0.586287 0.921489
2.018422 -0.586227 0.921490
2.020495 -0.586164 0.921488
2.022567 -0.586103 0.921489
2.024640 -0.586042 0.921490
2.026712 -0.585979 0.921489
2.028785 -0.585918 0.921490
2.030857 -0.585855 0.921488
2.032930 -0.585794 0.921489
2.035002 -0.585733 0.921490
2.037074 -0.585670 0.921489
2.039147 -0.585609 0.921490
2.041219 -0.585546 0.921488
2.043291 -0.585485 0.921489
2.045363 -0.585425 0.921490
2.047436 -0.585361 0.921489
2.049508 -0.585301 0.921490
2.051580 -0.585238 0.921488
2.053652 -0.585177 0.921489
2.055724 -0.585114 0.921487
1.954060 -0.590825 0.921488
1.956130 -0.590765 0.921489
1.958199 -0.590702 0.921487
1.960269 -0.590641 0.921488
1.962338 -0.590580 0.921489
1.964408 -0.590517 0.921488
1.966478 -0.590456 0.921489
1.968547 -0.590393 0.921487
1.970617 -0.590333 0.921488
1.972686 -0.590272 0.921489
1.974756 -0.590209 0.921488
1.976825 -0.590148 0.921489
1.978894 -0.590085 0.921487
1.980964 -0.590024 0.921488
1.983033 -0.589961 0.921487
1.985102 -0.589901 0.921487
1.987171 -0.589840 0.921488
1.989241 -0.589777 0.921487
1.991310 -0.589716 0.921488
1.993379 -0.589653 0.921486
1.995448 -0.589592 0.921487
1.997517 -0.589532 0.921488
1.999587 -0.589469 0.921487
2.001655 -0.589408 0.921488
2.003725 -0.589345 0.921486
2.005794 -0.589284 0.921487
2.007862 -0.589223 0.921488
2.009931 -0.589160 0.921487
2.012000 -0.589100 0.921488
2.014069 -0.589037 0.921486
2.016138 -0.588976 0.921487
2.018207 -0.588913 0.921486
2.020276 -0.588852 0.921487
2.022344 -0.588791 0.921488
2.024413 -0.588728 0.921486
2.026482 -0.588668 0.921487
2.028551 -0.588605 0.921486
2.030619 -0.588544 0.921487
2.032688 -0.588483 0.921487
2.034757 -0.588420 0.921486
2.036825 -0.588360 0.921487
2.038894 -0.588297 0.921485
2.040962 -0.588236 0.921486
2.043030 -0.588175 0.921487
2.045099 -0.588112 0.921486
2.047167 -0.588051 0.921487
2.049236 -0.587988 0.921485
2.051304 -0.587928 0.921486
2.053373 -0.587865 0.921485
2.055441 -0.587804 0.921486
1.953962 -0.593501 0.921486
1.956028 -0.593438 0.921485
1.958094 -0.593378 0.921486
1.960160 -0.593317 0.921487
1.962226 -0.593254 0.921485
1.964291 -0.593193 0.921486
1.966357 -0.593131 0.921484
1.968423 -0.593070 0.921485
1.970489 -0.593009 0.921486
1.972554 -0.592946 0.921485
1.974620 -0.592886 0.921486
1.976686 -0.592823 0.921484
1.978751 -0.592762 0.921485
1.980817 -0.592699 0.921484
1.982882 -0.592639 0.921485
1.984948 -0.592578 0.921486
1.987014 -0.592515 0.921484
1.989079 -0.592454 0.921485
1.991145 -0.592391 0.921484
1.993210 -0.592331 0.921485
1.995275 -0.592270 0.921486
1.997341 -0.592207 0.921484
1.999406 -0.592147 0.921485
2.001471 -0.592084 0.921484
2.003536 -0.592023 0.921485
2.005602 -0.591962 0.921486
2.007667 -0.591899 0.921484
2.009732 -0.591839 0.921485
2.011797 -0.591776 0.921483
2.013862 -0.591715 0.921484
2.015928 -0.591652 0.921483
2.017992 -0.591592 0.921484
2.020057 -0.591531 0.921485
2.022123 -0.591468 0.921483
2.024187 -0.591407 0.921484
2.026253 -0.591345 0.921483
2.028317 -0.591284 0.921484
2.030382 -0.591223 0.921485
2.032447 -0.591160 0.921483
2.034512 -0.591100 0.921484
2.036577 -0.591037 0.921483
2.038642 -0.590976 0.921484
2.040706 -0.590916 0.921485
2.042771 -0.590853 0.921483
2.044836 -0.590792 0.921484
2.046900 -0.590729 0.921483
2.048965 -0.590669 0.921484
2.051030 -0.590606 0.921482
2.053094 -0.590545 0.921483
2.055159 -0.590484 0.921484
2.139851 -0.526332 1.026392
2.141905 -0.526247 1.026368
2.127155 -0.529484 1.026229
2.129295 -0.529078 1.025905
2.131411 -0.528763 1.025666
2.133527 -0.528450 1.025429
2.135636 -0.528168 1.025220
2.137688 -0.528082 1.025196
2.139741 -0.527997 1.025172
2.141794 -0.527911 1.025148
2.143807 -0.527960 1.025249
2.145795 -0.528088 1.025425
2.147783 -0.528216 1.025601
2.149769 -0.528344 1.025777
2.151697 -0.528661 1.026130
2.122654 -0.532411 1.026092
2.124832 -0.531851 1.025621
2.127012 -0.531288 1.025147
2.129178 -0.530785 1.024730
2.131293 -0.530471 1.024491
2.133408 -0.530156 1.024252
2.135534 -0.529811 1.023984
2.137600 -0.529675 1.023911
2.139661 -0.529559 1.023858
2.141721 -0.529443 1.023806
2.143699 -0.529606 1.024015
2.145682 -0.529750 1.024206
2.147669 -0.529877 1.024382
2.149646 -0.530031 1.024583
2.151569 -0.530361 1.024949
2.153490 -0.530690 1.025314
2.155410 -0.531017 1.025678
2.157309 -0.531403 1.026096
2.120270 -0.535031 1.025729
2.122514 -0.534211 1.025012
2.124691 -0.533649 1.024538
2.126869 -0.533090 1.024067
2.129233 -0.531882 1.022983
2.131434 -0.531262 1.022455
2.133639 -0.530641 1.021926
2.135835 -0.530057 1.021431
2.137897 -0.529944 1.021381
2.139959 -0.529828 1.021328
2.142022 -0.529714 1.021277
2.143982 -0.529943 1.021549
2.145914 -0.530260 1.021905
2.147845 -0.530577 1.022260
2.149733 -0.531027 1.022741
2.151535 -0.531752 1.023480
2.153361 -0.532387 1.024135
2.155279 -0.532714 1.024499
2.157152 -0.533180 1.024994
2.159006 -0.533698 1.025539
2.160857 -0.534219 1.026086
2.115584 -0.538731 1.026343
2.117845 -0.537817 1.025534
2.120088 -0.536984 1.024802
2.122335 -0.536153 1.024071
2.124792 -0.534577 1.022636
2.127173 -0.533295 1.021478
2.129538 -0.532092 1.020397
2.131741 -0.531474 1.019868
2.133948 -0.530853 1.019337
2.136130 -0.530330 1.018898
2.138194 -0.530214 1.018845
2.140259 -0.530098 1.018792
2.142323 -0.529984 1.018741
2.144266 -0.530278 1.019077
2.146200 -0.530596 1.019434
2.148132 -0.530913 1.019790
2.149998 -0.531443 1.020348
2.151801 -0.532167 1.021090
2.153601 -0.532891 1.021831
2.155393 -0.533627 1.022584
2.157054 -0.534768 1.023719
2.158848 -0.535471 1.024440
2.160698 -0.535990 1.024986
2.162531 -0.536549 1.025572
2.164315 -0.537254 1.026294
2.115339 -0.540928 1.025658
2.117660 -0.539788 1.024631
2.119988 -0.538640 1.023597
2.122640 -0.536335 1.021464
2.125106 -0.534737 1.020003
2.127491 -0.533453 1.018840
2.129843 -0.532306 1.017807
2.132050 -0.531685 1.017274
2.134259 -0.531066 1.016743
2.136425 -0.530600 1.016358
2.138492 -0.530484 1.016305
2.140559 -0.530368 1.016251
2.142612 -0.530299 1.016243
2.144550 -0.530617 1.016601
2.146486 -0.530934 1.016960
2.148420 -0.531252 1.017318
2.150263 -0.531861 1.017953
2.152067 -0.532586 1.018698
2.153869 -0.533308 1.019440
2.155631 -0.534142 1.020288
2.157293 -0.535285 1.021429
2.158949 -0.536425 1.022567
2.160601 -0.537562 1.023703
2.162330 -0.538443 1.024594
2.164113 -0.539145 1.025317
2.165893 -0.539843 1.026035
2.112784 -0.544253 1.025998
2.115096 -0.543120 1.024974
2.117481 -0.541734 1.023709
2.120312 -0.538746 1.020918
2.122968 -0.536439 1.018775
2.125422 -0.534895 1.017361
2.127810 -0.533610 1.016193
2.130148 -0.532520 1.015211
2.132358 -0.531898 1.014676
2.134570 -0.531276 1.014140
2.136722 -0.530871 1.013812
2.138791 -0.530755 1.013759
2.140859 -0.530641 1.013707
2.142896 -0.530635 1.013759
2.144835 -0.530953 1.014119
2.146772 -0.531271 1.014479
2.148708 -0.531589 1.014839
2.150528 -0.532278 1.015552
2.152334 -0.533003 1.016300
2.154136 -0.533727 1.017046
2.155870 -0.534659 1.017991
2.157532 -0.535803 1.019136
2.159189 -0.536943 1.020278
2.160818 -0.538154 1.021488
2.162310 -0.539775 1.023087
2.163911 -0.541032 1.024341
2.165689 -0.541731 1.025062
2.167437 -0.542510 1.025860
2.110880 -0.545150 1.024028
2.112480 -0.546674 1.025543
2.114853 -0.545305 1.024289
2.117821 -0.541773 1.020968
2.120636 -0.538853 1.018232
2.123297 -0.536543 1.016080
2.125738 -0.535056 1.014715
2.128129 -0.533769 1.013542
2.130455 -0.532734 1.012610
2.132667 -0.532112 1.012073
2.134882 -0.531489 1.011535
2.137019 -0.531143 1.011261
2.139090 -0.531027 1.011207
2.141160 -0.530913 1.011156
2.143179 -0.530975 1.011273
2.145120 -0.531293 1.011635
2.147059 -0.531611 1.011996
2.148984 -0.531971 1.012397
2.150794 -0.532695 1.013147
2.152601 -0.533421 1.013898
2.154405 -0.534145 1.014647
2.156108 -0.535178 1.015690
2.157772 -0.536319 1.016838
2.159430 -0.537459 1.017984
2.161018 -0.538804 1.019325
2.162509 -0.540425 1.020930
2.163996 -0.542037 1.022526
2.165459 -0.543698 1.024169
2.167173 -0.544572 1.025061
2.168883 -0.545445 1.025950
2.110042 -0.549590 1.025514
2.112140 -0.549226 1.025222
2.114918 -0.546349 1.022517
2.118161 -0.541812 1.018220
2.120962 -0.538960 1.015540
2.123626 -0.536647 1.013378
2.126054 -0.535217 1.012063
2.128449 -0.533929 1.010885
2.130762 -0.532947 1.010001
2.132976 -0.532326 1.009463
2.135194 -0.531703 1.008923
2.137316 -0.531415 1.008705
2.139390 -0.531299 1.008651
2.141462 -0.531185 1.008599
2.143462 -0.531315 1.008782
2.145405 -0.531633 1.009145
2.147346 -0.531952 1.009508
2.149249 -0.532389 1.009985
2.151060 -0.533116 1.010740
2.152869 -0.533840 1.011491
2.154674 -0.534564 1.012243
2.156348 -0.535695 1.013384
2.158012 -0.536838 1.014538
2.159671 -0.537979 1.015688
2.161217 -0.539455 1.017160
2.162709 -0.541076 1.018770
2.164196 -0.542688 1.020372
2.165543 -0.544703 1.022360
2.166909 -0.546630 1.024263
2.168617 -0.547502 1.025154
2.170323 -0.548369 1.026042
2.109456 -0.553077 1.026104
2.111802 -0.551768 1.024900
2.115296 -0.546232 1.019626
2.118502 -0.541851 1.015464
2.121288 -0.539064 1.012839
2.123957 -0.536749 1.010668
2.126372 -0.535375 1.009403
2.128770 -0.534086 1.008220
2.131070 -0.533162 1.007388
2.133287 -0.532539 1.006846
2.135507 -0.531917 1.006306
2.137615 -0.531688 1.006143
2.139689 -0.531574 1.006091
2.141765 -0.531457 1.006037
2.143747 -0.531654 1.006284
2.145692 -0.531972 1.006649
2.147634 -0.532290 1.007013
2.149515 -0.532808 1.007569
2.151327 -0.533535 1.008326
2.153137 -0.534261 1.009083
2.154918 -0.535068 1.009916
2.156587 -0.536215 1.011077
2.158252 -0.537358 1.012234
2.159912 -0.538499 1.013389
2.161416 -0.540107 1.014992
2.162909 -0.541727 1.016608
2.164397 -0.543339 1.018214
2.165680 -0.545548 1.020395
2.166947 -0.547774 1.022592
2.168336 -0.549602 1.024406
2.169981 -0.550644 1.025464
2.109154 -0.555490 1.025671
2.111349 -0.554730 1.024993
2.115633 -0.546274 1.016880
2.118844 -0.541890 1.012701
2.121615 -0.539172 1.010133
2.124288 -0.536854 1.007952
2.126691 -0.535537 1.006738
2.129092 -0.534247 1.005550
2.131378 -0.533378 1.004769
2.133598 -0.532754 1.004225
2.135821 -0.532130 1.003680
2.137913 -0.531961 1.003576
2.139990 -0.531847 1.003524
2.142068 -0.531730 1.003470
2.144032 -0.531995 1.003784
2.145978 -0.532314 1.004150
2.147923 -0.532632 1.004515
2.149780 -0.533230 1.005150
2.151595 -0.533955 1.005908
2.153406 -0.534681 1.006668
2.155156 -0.535588 1.007601
2.156827 -0.536735 1.008766
2.158493 -0.537879 1.009928
2.160117 -0.539136 1.011198
2.161616 -0.540760 1.012822
2.163109 -0.542380 1.014442
2.164544 -0.544155 1.016213
2.165817 -0.546393 1.018428
2.167084 -0.548620 1.020634
2.168137 -0.551454 1.023425
2.169632 -0.552935 1.024909
2.171270 -0.553970 1.025964
2.108852 -0.557897 1.025240
2.110864 -0.557811 1.025214
2.115970 -0.546319 1.014130
2.119187 -0.541929 1.009932
2.121943 -0.539279 1.007421
2.124613 -0.536985 1.005256
2.127010 -0.535697 1.004065
2.129414 -0.534405 1.002872
2.131687 -0.533594 1.002145
2.133910 -0.532970 1.001598
2.136133 -0.532352 1.001058
2.138213 -0.532235 1.001004
2.140292 -0.532121 1.000951
2.142368 -0.532016 1.000908
2.144318 -0.532335 1.001276
2.146266 -0.532654 1.001644
2.148212 -0.532972 1.002011
2.150047 -0.533650 1.002725
2.151862 -0.534378 1.003489
2.153675 -0.535102 1.004248
2.155396 -0.536107 1.005280
2.157068 -0.537255 1.006449
2.158734 -0.538399 1.007615
2.160316 -0.539790 1.009020
2.161816 -0.541413 1.010649
2.163310 -0.543033 1.012275
2.164680 -0.545005 1.014241
2.165954 -0.547241 1.016463
2.167221 -0.549464 1.018672
2.168165 -0.552625 1.021787
2.169284 -0.555220 1.024355
2.170905 -0.556295 1.025453
2.108607 -0.560086 1.024605
2.110279 -0.561254 1.025798
2.116308 -0.546364 1.011372
2.119530 -0.541968 1.007154
2.122271 -0.539387 1.004703
2.124929 -0.537149 1.002584
2.127330 -0.535859 1.001389
2.129737 -0.534566 1.000190
2.131998 -0.533808 0.999512
2.134222 -0.533186 0.998966
2.136431 -0.532626 0.998481
2.138513 -0.532510 0.998426
2.140594 -0.532395 0.998374
2.142652 -0.532358 0.998397
2.144604 -0.532678 0.998766
2.146554 -0.532997 0.999135
2.148494 -0.533341 0.999529
2.150314 -0.534071 1.000296
2.152131 -0.534799 1.001063
2.153944 -0.535526 1.001827
2.155636 -0.536630 1.002958
2.157308 -0.537777 1.004132
2.158976 -0.538921 1.005301
2.160516 -0.540444 1.006839
2.162017 -0.542067 1.008474
2.163511 -0.543687 1.010104
2.164818 -0.545852 1.012266
2.166092 -0.548087 1.014493
2.167255 -0.550621 1.017011
2.168192 -0.553797 1.020153
2.168931 -0.557514 1.023818
2.170440 -0.558910 1.025231
2.172055 -0.559977 1.026324
2.109826 -0.564200 1.025913
2.112179 -0.562827 1.024630
2.119875 -0.542008 1.004370
2.122601 -0.539493 1.001975
2.125246 -0.537313 0.999906
2.127650 -0.536022 0.998706
2.130061 -0.534728 0.997502
2.132308 -0.534026 0.996876
2.134536 -0.533400 0.996325
2.136730 -0.532902 0.995898
2.138813 -0.532787 0.995845
2.140897 -0.532670 0.995790
2.142937 -0.532702 0.995880
2.144891 -0.533019 0.996249
2.146842 -0.533338 0.996619
2.148759 -0.533765 0.997095
2.150581 -0.534493 0.997863
2.152400 -0.535221 0.998632
2.154198 -0.536002 0.999452
2.155875 -0.537153 1.000633
2.157549 -0.538300 1.001810
2.159209 -0.539470 1.003009
2.160716 -0.541099 1.004656
2.162217 -0.542722 1.006296
2.163674 -0.544458 1.008046
2.164955 -0.546703 1.010291
2.166229 -0.548936 1.012525
2.167283 -0.551796 1.015368
2.168220 -0.554967 1.018516
2.168711 -0.559412 1.022903
2.169977 -0.561517 1.025010
2.171548 -0.562702 1.026221
2.109720 -0.565861 1.024782
2.111470 -0.566695 1.025655
2.120221 -0.542047 1.001578
2.122932 -0.539602 0.999243
2.125565 -0.537475 0.997219
2.127972 -0.536183 0.996014
2.130385 -0.534890 0.994807
2.132619 -0.534243 0.994234
2.134850 -0.533617 0.993681
2.137029 -0.533177 0.993309
2.139114 -0.533063 0.993257
2.141201 -0.532946 0.993202
2.143223 -0.533043 0.993357
2.145178 -0.533363 0.993729
2.147131 -0.533682 0.994101
2.149026 -0.534187 0.994654
2.150849 -0.534917 0.995428
2.152668 -0.535646 0.996200
2.154437 -0.536526 0.997119
2.156116 -0.537674 0.998302
2.157790 -0.538822 0.999483
2.159409 -0.540126 1.000818
2.160916 -0.541755 1.002470
2.162417 -0.543380 1.004117
2.163811 -0.545309 1.006061
2.165092 -0.547552 1.008313
2.166367 -0.549783 1.010552
2.167311 -0.552972 1.013728
2.168241 -0.556157 1.016898
2.168491 -0.561310 1.021992
2.169453 -0.564298 1.024970
2.170968 -0.565634 1.026333
2.111617 -0.560115 1.016375
2.111116 -0.569256 1.025413
2.113170 -0.568958 1.025178
2.123262 -0.539710 0.996504
2.125883 -0.537640 0.994529
2.128294 -0.536346 0.993318
2.130701 -0.535087 0.992141
2.132931 -0.534462 0.991586
2.135164 -0.533835 0.991031
2.137328 -0.533456 0.990718
2.139416 -0.533339 0.990663
2.141505 -0.533222 0.990608
2.143509 -0.533388 0.990831
2.145466 -0.533708 0.991204
2.147420 -0.534027 0.991578
2.149293 -0.534610 0.992210
2.151117 -0.535341 0.992986
2.152938 -0.536069 0.993761
2.154677 -0.537048 0.994780
2.156357 -0.538199 0.995969
2.158032 -0.539346 0.997155
2.159609 -0.540784 0.998624
2.161117 -0.542412 1.000281
2.162618 -0.544037 1.001934
2.163949 -0.546160 1.004075
2.165229 -0.548404 1.006335
2.166395 -0.550962 1.008903
2.167339 -0.554147 1.012085
2.168020 -0.558068 1.015988
2.168049 -0.563862 1.021727
2.168835 -0.567353 1.025208
2.170574 -0.568020 1.025919
2.111945 -0.560178 1.013649
2.112334 -0.566059 1.019506
2.112596 -0.572298 1.025714
2.114856 -0.571247 1.024735
2.126203 -0.537802 0.991830
2.128617 -0.536508 0.990614
2.131011 -0.535304 0.989487
2.133244 -0.534678 0.988930
2.135479 -0.534053 0.988375
2.137629 -0.533733 0.988119
2.139719 -0.533616 0.988064
2.141810 -0.533498 0.988008
2.143796 -0.533731 0.988297
2.145754 -0.534051 0.988672
2.147711 -0.534370 0.989047
2.149560 -0.535036 0.989763
2.151386 -0.535764 0.990540
2.153208 -0.536494 0.991318
2.154917 -0.537573 0.992440
2.156598 -0.538724 0.993633
2.158274 -0.539872 0.994823
2.159809 -0.541441 0.996427
2.161318 -0.543070 0.998090
2.162798 -0.544761 0.999814
2.164086 -0.547014 1.002090
2.165367 -0.549254 1.004354
2.166423 -0.552141 1.007254
2.167366 -0.555324 1.010444
2.167800 -0.559975 1.015079
2.166706 -0.569063 1.024078
2.168205 -0.570435 1.025485
2.170382 -0.569811 1.024929
2.112275 -0.560240 1.010916
2.112662 -0.566129 1.016800
2.112590 -0.573577 1.024224
2.114145 -0.575058 1.025747
2.116395 -0.574036 1.024794
2.128941 -0.536672 0.987906
2.131321 -0.535524 0.986830
2.133557 -0.534897 0.986271
2.135795 -0.534272 0.985713
2.137930 -0.534010 0.985515
2.140022 -0.533893 0.985459
2.142115 -0.533776 0.985403
2.144083 -0.534077 0.985761
2.146043 -0.534397 0.986138
2.147998 -0.534729 0.986526
2.149828 -0.535461 0.987310
2.151655 -0.536191 0.988092
2.153471 -0.536944 0.988896
2.155157 -0.538099 0.990096
2.156839 -0.539250 0.991294
2.158494 -0.540466 0.992554
2.160009 -0.542100 0.994228
2.161519 -0.543728 0.995896
2.162936 -0.545615 0.997818
2.164224 -0.547866 1.000101
2.165500 -0.550121 1.002387
2.166451 -0.553320 1.005605
2.167324 -0.556709 1.009009
2.167580 -0.561876 1.014169
2.165902 -0.572668 1.024880
2.167369 -0.574113 1.026364
2.112605 -0.560302 1.008177
2.112990 -0.566198 1.014087
2.114044 -0.569576 1.017497
2.114200 -0.576113 1.024041
2.115802 -0.577397 1.025373
2.117688 -0.577660 1.025691
2.131633 -0.535744 0.984167
2.133871 -0.535117 0.983605
2.136113 -0.534489 0.983043
2.138231 -0.534288 0.982905
2.140326 -0.534171 0.982849
2.142406 -0.534103 0.982842
2.144371 -0.534421 0.983218
2.146333 -0.534741 0.983596
2.148265 -0.535154 0.984065
2.150097 -0.535886 0.984852
2.151925 -0.536617 0.985637
2.153712 -0.537469 0.986542
2.155399 -0.538623 0.987747
2.157081 -0.539775 0.988948
2.158695 -0.541126 0.990347
2.160210 -0.542760 0.992026
2.161720 -0.544388 0.993699
2.163073 -0.546471 0.995824
2.164361 -0.548721 0.998113
2.165528 -0.551304 1.000731
2.166479 -0.554502 1.003958
2.167103 -0.558625 1.008102
2.163601 -0.574908 1.024289
2.165073 -0.576337 1.025762
2.167346 -0.575409 1.024900
2.112936 -0.560365 1.005430
2.113324 -0.566251 1.011349
2.114392 -0.569580 1.014723
2.115452 -0.572881 1.018068
2.116812 -0.575060 1.020295
2.117454 -0.579730 1.025002
2.119108 -0.580787 1.026112
2.121658 -0.578724 1.024116
2.136430 -0.534708 0.980369
2.138534 -0.534567 0.980289
2.140631 -0.534449 0.980233
2.142693 -0.534448 0.980292
2.144659 -0.534769 0.980672
2.146623 -0.535089 0.981052
2.148532 -0.535582 0.981603
2.150366 -0.536312 0.982390
2.152195 -0.537043 0.983178
2.153952 -0.537996 0.984187
2.155640 -0.539151 0.985396
2.157323 -0.540303 0.986601
2.158895 -0.541786 0.988137
2.160411 -0.543420 0.989822
2.161915 -0.545066 0.991519
2.163211 -0.547326 0.993826
2.164499 -0.549575 0.996121
2.165556 -0.552490 0.999078
2.166506 -0.555683 1.002311
2.161074 -0.577830 1.024383
2.162528 -0.579310 1.025912
2.164686 -0.578703 1.025365
2.113268 -0.560428 1.002676
2.113674 -0.566250 1.008552
2.114743 -0.569582 1.011939
2.115813 -0.572848 1.015260
2.117180 -0.575008 1.017477
2.118540 -0.577159 1.019683
2.119203 -0.581699 1.024275
2.120898 -0.582598 1.025231
2.122589 -0.583495 1.026185
2.138836 -0.534846 0.977668
2.140936 -0.534728 0.977612
2.142980 -0.534796 0.977740
2.144947 -0.535117 0.978122
2.146914 -0.535435 0.978500
2.148800 -0.536008 0.979134
2.150634 -0.536741 0.979926
2.152465 -0.537472 0.980717
2.154192 -0.538524 0.981828
2.155881 -0.539679 0.983041
2.157567 -0.540829 0.984249
2.159096 -0.542448 0.985925
2.160612 -0.544081 0.987615
2.162053 -0.545923 0.989513
2.163348 -0.548184 0.991828
2.164627 -0.550461 0.994159
2.165584 -0.553673 0.997423
2.158470 -0.581005 1.024740
2.159953 -0.582392 1.026181
2.162293 -0.581232 1.025082
2.113601 -0.560491 0.999914
2.114025 -0.566247 1.005744
2.115093 -0.569586 1.009150
2.116182 -0.572793 1.012424
2.117550 -0.574957 1.014650
2.118910 -0.577111 1.016868
2.120328 -0.579027 1.018846
2.121876 -0.580462 1.020343
2.122685 -0.584404 1.024350
2.124388 -0.585245 1.025250
2.126169 -0.585807 1.025871
2.128076 -0.585938 1.026061
2.145237 -0.535463 0.975564
2.147205 -0.535784 0.975946
2.149069 -0.536435 0.976660
2.150904 -0.537168 0.977455
2.152737 -0.537900 0.978249
2.154433 -0.539054 0.979466
2.156124 -0.540206 0.980681
2.157774 -0.541468 0.982005
2.159297 -0.543110 0.983710
2.160814 -0.544743 0.985405
2.162191 -0.546783 0.987508
2.163486 -0.549041 0.989827
2.153954 -0.584097 1.024969
2.155441 -0.585479 1.026410
2.157700 -0.584532 1.025521
2.159977 -0.583547 1.024594
2.166396 -0.570361 1.011459
2.113935 -0.560554 0.997146
2.114377 -0.566246 1.002931
2.115445 -0.569590 1.006353
2.116551 -0.572739 1.009578
2.117920 -0.574907 1.011818
2.119281 -0.577063 1.014044
2.120719 -0.578917 1.015967
2.122269 -0.580355 1.017471
2.123812 -0.581788 1.018970
2.125357 -0.583194 1.020442
2.127049 -0.584079 1.021390
2.128074 -0.587180 1.024565
2.129849 -0.587742 1.025188
2.131647 -0.588223 1.025729
2.133516 -0.588461 1.026026
2.135384 -0.588700 1.026325
2.137584 -0.587868 1.025546
2.139747 -0.587164 1.024897
2.141660 -0.587260 1.025052
2.143573 -0.587353 1.025203
2.145486 -0.587447 1.025355
2.147203 -0.588142 1.026111
2.149158 -0.588097 1.026124
2.151258 -0.587610 1.025693
2.153360 -0.587120 1.025259
2.155591 -0.586251 1.024445
2.159481 -0.580441 1.018670
2.162739 -0.576584 1.014856
2.114270 -0.560617 0.994370
2.114729 -0.566246 1.000110
2.115798 -0.569592 1.003546
2.116922 -0.572684 1.006725
2.118291 -0.574856 1.008976
2.119653 -0.577016 1.011215
2.121111 -0.578809 1.013082
2.122662 -0.580247 1.014592
2.124208 -0.581682 1.016098
2.125776 -0.583016 1.017502
2.127471 -0.583903 1.018455
2.129162 -0.584786 1.019404
2.130849 -0.585666 1.020350
2.132596 -0.586338 1.021086
2.133664 -0.589211 1.024040
2.135532 -0.589448 1.024338
2.137399 -0.589687 1.024637
2.139296 -0.589828 1.024837
2.141267 -0.589729 1.024795
2.143239 -0.589627 1.024751
2.145211 -0.589528 1.024709
2.147228 -0.589291 1.024528
2.149326 -0.588804 1.024096
2.152525 -0.584975 1.020297
2.155002 -0.583381 1.018748
2.157540 -0.581624 1.017038
2.160462 -0.578747 1.014199
2.164280 -0.573260 1.008730
2.114605 -0.560680 0.991587
2.115083 -0.566245 0.997282
2.116151 -0.569596 1.000734
2.117293 -0.572631 1.003866
2.118664 -0.574804 1.006125
2.120027 -0.576968 1.008375
2.121504 -0.578698 1.010186
2.123057 -0.580139 1.011703
2.124604 -0.581576 1.013217
2.126196 -0.582838 1.014553
2.127893 -0.583727 1.015511
2.129587 -0.584611 1.016464
2.131276 -0.585495 1.017418
2.133053 -0.586076 1.018063
2.134885 -0.586467 1.018518
2.136716 -0.586859 1.018973
2.138544 -0.587247 1.019425
2.140502 -0.587221 1.019457
2.142491 -0.587094 1.019387
2.144480 -0.586969 1.019319
2.146515 -0.586698 1.019104
2.148713 -0.585932 1.018387
2.150914 -0.585164 1.017670
2.153177 -0.584221 1.016775
2.155712 -0.582465 1.015060
2.158258 -0.580703 1.013337
2.161450 -0.577042 1.009697
2.114942 -0.560744 0.988797
2.115438 -0.566242 0.994443
2.116506 -0.569600 0.997913
2.117665 -0.572575 1.000996
2.119037 -0.574754 1.003269
2.120401 -0.576919 1.005527
2.121899 -0.578588 1.007281
2.123453 -0.580033 1.008808
2.125002 -0.581470 1.010327
2.126617 -0.582662 1.011596
2.128317 -0.583550 1.012557
2.130013 -0.584436 1.013515
2.131704 -0.585321 1.014474
2.133512 -0.585810 1.015028
2.135347 -0.586202 1.015486
2.137180 -0.586594 1.015943
2.139021 -0.586957 1.016369
2.141013 -0.586831 1.016301
2.143005 -0.586706 1.016232
2.144997 -0.586580 1.016164
2.147098 -0.586121 1.015757
2.149300 -0.585352 1.015036
2.151507 -0.584582 1.014314
2.153884 -0.583305 1.013078
2.156427 -0.581543 1.011351
2.159169 -0.579212 1.009046
2.162445 -0.575325 1.005164
2.115279 -0.560808 0.986000
2.115793 -0.566242 0.991599
2.116861 -0.569603 0.995086
2.118039 -0.572520 0.998118
2.119411 -0.574702 1.000402
2.120777 -0.576870 1.002671
2.122294 -0.578477 1.004368
2.123850 -0.579924 1.005902
2.125401 -0.581364 1.007429
2.127040 -0.582483 1.008628
2.128742 -0.583372 1.009593
2.130440 -0.584260 1.010557
2.132134 -0.585147 1.011520
2.133973 -0.585543 1.011983
2.135811 -0.585936 1.012443
2.137647 -0.586329 1.012902
2.139529 -0.586567 1.013204
2.141525 -0.586442 1.013135
2.143521 -0.586316 1.013066
2.145517 -0.586190 1.012998
2.147682 -0.585542 1.012397
2.149891 -0.584769 1.011669
2.152103 -0.583996 1.010943
2.154595 -0.582385 1.009362
2.157146 -0.580617 1.007623
2.160155 -0.577505 1.004516
2.164579 -0.570238 0.997184
2.115617 -0.560872 0.983195
2.116150 -0.566241 0.988747
2.117218 -0.569605 0.992248
2.118414 -0.572464 0.995232
2.119787 -0.574650 0.997526
2.121153 -0.576823 0.999809
2.122691 -0.578365 1.001445
2.124249 -0.579815 1.002987
2.125801 -0.581257 1.004522
2.127465 -0.582303 1.005650
2.129169 -0.583194 1.006621
2.130868 -0.584085 1.007591
2.132593 -0.584881 1.008464
2.134435 -0.585275 1.008927
2.136276 -0.585670 1.009389
2.138115 -0.586063 1.009851
2.140040 -0.586177 1.010027
2.142039 -0.586051 1.009958
2.144039 -0.585925 1.009889
2.146061 -0.585729 1.009748
2.148270 -0.584957 1.009020
2.150483 -0.584185 1.008290
2.152759 -0.583229 1.007374
2.155308 -0.581462 1.005630
2.157871 -0.579677 1.003868
2.161148 -0.575785 0.999955
2.115956 -0.560936 0.980383
2.116507 -0.566240 0.985887
2.117576 -0.569609 0.989404
2.118789 -0.572411 0.992339
2.120164 -0.574597 0.994643
2.121531 -0.576774 0.996936
2.123089 -0.578255 0.998516
2.124649 -0.579705 1.000064
2.126202 -0.581152 1.001608
2.127890 -0.582122 1.002663
2.129597 -0.583015 1.003638
2.131299 -0.583908 1.004614
2.133053 -0.584613 1.005397
2.134899 -0.585009 1.005863
2.136743 -0.585402 1.006325
2.138585 -0.585796 1.006790
2.140552 -0.585785 1.006838
2.142556 -0.585657 1.006766
2.144559 -0.585530 1.006697
2.146646 -0.585147 1.006364
2.148860 -0.584373 1.005631
2.151078 -0.583598 1.004897
2.153469 -0.582306 1.003633
2.156026 -0.580533 1.001877
2.158854 -0.577967 0.999310
2.162447 -0.573160 0.994447
2.116296 -0.561000 0.977563
2.116866 -0.566238 0.983016
2.117934 -0.569613 0.986553
2.119166 -0.572355 0.989436
2.120541 -0.574547 0.991753
2.121922 -0.576683 0.994013
2.123488 -0.578143 0.995576
2.125050 -0.579596 0.997131
2.126605 -0.581045 0.998683
2.128317 -0.581942 0.999666
2.130026 -0.582836 1.000647
2.131730 -0.583730 1.001627
2.133516 -0.584343 1.002318
2.135364 -0.584739 1.002786
2.137211 -0.585135 1.003253
2.139060 -0.585516 1.003705
2.141067 -0.585389 1.003635
2.143074 -0.585263 1.003565
2.145081 -0.585136 1.003495
2.147233 -0.584562 1.002965
2.149453 -0.583784 1.002226
2.151676 -0.583007 1.001487
2.154183 -0.581378 0.999874
2.156747 -0.579599 0.998105
2.159844 -0.576248 0.994723
2.116637 -0.561065 0.974736
2.117226 -0.566237 0.980141
2.118294 -0.569615 0.983691
2.119544 -0.572299 0.986524
2.120920 -0.574494 0.988852
2.122321 -0.576568 0.991056
2.123889 -0.578031 0.992627
2.125452 -0.579486 0.994190
2.127031 -0.580862 0.995671
2.128746 -0.581760 0.996659
2.130456 -0.582658 0.997647
2.132163 -0.583552 0.998631
2.133980 -0.584072 0.999228
2.135831 -0.584469 0.999698
2.137681 -0.584866 1.000168
2.139573 -0.585121 1.000492
2.141583 -0.584994 1.000422
2.143594 -0.584868 1.000352
2.145605 -0.584741 1.000282
2.147823 -0.583973 0.999550
2.150047 -0.583195 0.998808
2.152338 -0.582224 0.997868
2.154900 -0.580446 0.996095
2.157547 -0.578434 0.994082
2.160841 -0.574514 0.990101
2.116979 -0.561129 0.971902
2.117586 -0.566236 0.977257
2.118655 -0.569619 0.980824
2.119923 -0.572245 0.983606
2.121300 -0.574441 0.985944
2.122721 -0.576453 0.988090
2.124291 -0.577918 0.989668
2.125855 -0.579377 0.991242
2.127459 -0.580678 0.992650
2.129176 -0.581578 0.993643
2.130888 -0.582478 0.994636
2.132597 -0.583373 0.995625
2.134446 -0.583800 0.996127
2.136300 -0.584198 0.996600
2.138153 -0.584595 0.997073
2.140087 -0.584725 0.997268
2.142101 -0.584598 0.997197
2.144116 -0.584471 0.997127
2.146189 -0.584162 0.996868
2.148415 -0.583383 0.996123
2.150644 -0.582603 0.995377
2.153050 -0.581296 0.994085
2.155620 -0.579511 0.992299
2.158535 -0.576710 0.989464
2.162734 -0.570114 0.982701
2.117321 -0.561194 0.969060
2.117947 -0.566236 0.974365
2.119016 -0.569623 0.977949
2.120303 -0.572188 0.980678
2.121682 -0.574388 0.983026
2.123121 -0.576340 0.985117
2.124694 -0.577805 0.986701
2.126259 -0.579267 0.988282
2.127888 -0.580494 0.989619
2.129607 -0.581395 0.990617
2.131322 -0.582297 0.991615
2.133053 -0.583127 0.992540
2.134913 -0.583527 0.993016
2.136771 -0.583925 0.993491
2.138626 -0.584324 0.993966
2.140603 -0.584327 0.994031
2.142622 -0.584198 0.993958
2.144640 -0.584071 0.993887
2.146778 -0.583572 0.993431
2.149009 -0.582791 0.992681
2.151244 -0.582009 0.991930
2.153767 -0.580360 0.990281
2.156344 -0.578569 0.988483
2.159529 -0.574977 0.984815
2.117665 -0.561259 0.966211
2.118311 -0.566233 0.971462
2.119379 -0.569625 0.975063
2.120684 -0.572132 0.977740
2.122063 -0.574337 0.980103
2.123524 -0.576224 0.982132
2.125098 -0.577691 0.983725
2.126665 -0.579156 0.985314
2.128318 -0.580309 0.986578
2.130039 -0.581214 0.987584
2.131757 -0.582115 0.988585
2.133519 -0.582855 0.989417
2.135381 -0.583255 0.989896
2.137242 -0.583654 0.990374
2.139100 -0.584054 0.990852
2.141122 -0.583926 0.990780
2.143144 -0.583798 0.990709
2.145166 -0.583671 0.990638
2.147370 -0.582977 0.989977
2.149607 -0.582194 0.989223
2.151912 -0.581211 0.988260
2.154487 -0.579420 0.986457
2.157219 -0.577177 0.984183
2.160589 -0.573057 0.979954
2.118009 -0.561324 0.963354
2.118674 -0.566232 0.968554
2.119743 -0.569629 0.972172
2.121067 -0.572075 0.974794
2.122447 -0.574284 0.977168
2.123928 -0.576107 0.979139
2.125503 -0.577580 0.980742
2.127073 -0.579044 0.982336
2.128750 -0.580123 0.983527
2.130473 -0.581030 0.984538
2.132193 -0.581933 0.985544
2.133987 -0.582579 0.986282
2.135852 -0.582980 0.986763
2.137715 -0.583380 0.987244
2.139616 -0.583653 0.987591
2.141642 -0.583525 0.987519
2.143668 -0.583398 0.987448
2.145727 -0.583166 0.987268
2.147964 -0.582382 0.986511
2.150206 -0.581597 0.985752
2.152627 -0.580275 0.984432
2.155210 -0.578475 0.982614
2.158212 -0.575439 0.979503
2.118355 -0.561389 0.960490
2.119038 -0.566231 0.965638
2.120107 -0.569633 0.969273
2.121450 -0.572020 0.971842
2.122831 -0.574230 0.974225
2.124333 -0.575991 0.976136
2.125910 -0.577465 0.977747
2.127481 -0.578932 0.979349
2.129183 -0.579937 0.980466
2.130908 -0.580846 0.981482
2.132631 -0.581750 0.982494
2.134456 -0.582302 0.983135
2.136324 -0.582704 0.983619
2.138191 -0.583105 0.984103
2.140135 -0.583251 0.984318
2.142164 -0.583123 0.984246
2.144193 -0.582995 0.984174
2.146318 -0.582571 0.983792
2.148561 -0.581785 0.983030
2.150808 -0.580997 0.982266
2.153346 -0.579332 0.980582
2.155937 -0.577526 0.978751
2.159212 -0.573688 0.974791
2.118701 -0.561455 0.957618
2.119404 -0.566231 0.962713
2.120473 -0.569635 0.966363
2.121834 -0.571963 0.968879
2.123217 -0.574176 0.971273
2.124739 -0.575874 0.973124
2.126318 -0.577351 0.974743
2.127890 -0.578822 0.976356
2.129617 -0.579753 0.977398
2.131345 -0.580661 0.978417
2.133070 -0.581567 0.979434
2.134927 -0.582024 0.979978
2.136798 -0.582427 0.980465
2.138667 -0.582831 0.980953
2.140655 -0.582848 0.981033
2.142688 -0.582720 0.980961
2.144722 -0.582589 0.980886
2.146913 -0.581971 0.980298
2.149161 -0.581183 0.979531
2.151481 -0.580186 0.978546
2.154069 -0.578384 0.976712
2.156888 -0.575905 0.974168
2.160862 -0.569989 0.968009
2.119048 -0.561520 0.954738
2.119771 -0.566228 0.959778
2.120840 -0.569639 0.963447
2.122220 -0.571906 0.965907
2.123603 -0.574125 0.968316
2.125146 -0.575758 0.970105
2.126727 -0.577236 0.971730
2.128318 -0.578651 0.973288
2.130053 -0.579565 0.974317
2.131784 -0.580475 0.975342
2.133522 -0.581344 0.976322
2.135399 -0.581748 0.976812
2.137273 -0.582151 0.977301
2.139146 -0.582554 0.977790
2.141178 -0.582441 0.977733
2.143215 -0.582312 0.977660
2.145260 -0.582160 0.977562
2.147509 -0.581371 0.976792
2.149763 -0.580580 0.976021
2.152199 -0.579240 0.974669
2.154795 -0.577431 0.972823
2.157886 -0.574152 0.969426
2.119395 -0.561589 0.951853
2.120139 -0.566227 0.956837
2.121215 -0.569616 0.960495
2.122607 -0.571849 0.962926
2.123991 -0.574071 0.965347
2.125555 -0.575641 0.967075
2.127137 -0.577121 0.968707
2.128754 -0.578461 0.970192
2.130490 -0.579377 0.971227
2.132223 -0.580289 0.972256
2.133994 -0.581063 0.973140
2.135873 -0.581468 0.973633
2.137750 -0.581872 0.974125
2.139661 -0.582163 0.974496
2.141702 -0.582034 0.974423
2.143743 -0.581905 0.974350
2.145853 -0.581559 0.974046
2.148108 -0.580768 0.973271
2.150367 -0.579975 0.972495
2.152920 -0.578291 0.970775
2.155559 -0.576372 0.968807
2.158890 -0.572387 0.964651
2.119745 -0.561655 0.948958
2.120507 -0.566226 0.953888
2.121602 -0.569555 0.957494
2.122995 -0.571793 0.959939
2.124381 -0.574017 0.962369
2.125965 -0.575522 0.964035
2.127549 -0.577007 0.965678
2.129189 -0.578273 0.967088
2.130929 -0.579189 0.968126
2.132664 -0.580102 0.969161
2.134466 -0.580782 0.969947
2.136349 -0.581187 0.970442
2.138229 -0.581592 0.970937
2.140183 -0.581755 0.971174
2.142228 -0.581626 0.971100
2.144273 -0.581497 0.971027
2.146450 -0.580953 0.970512
2.148711 -0.580160 0.969733
2.151045 -0.579150 0.968724
2.153646 -0.577335 0.966859
2.156553 -0.574619 0.964037
2.120094 -0.561721 0.946056
2.120877 -0.566223 0.950928
2.121991 -0.569494 0.954484
2.123384 -0.571735 0.956941
2.124785 -0.573913 0.959330
2.126377 -0.575404 0.960985
2.127962 -0.576891 0.962637
2.129627 -0.578082 0.963972
2.131369 -0.578999 0.965015
2.133107 -0.579914 0.966055
2.134941 -0.580499 0.966743
2.136827 -0.580906 0.967241
2.138709 -0.581314 0.967740
2.140707 -0.581346 0.967839
2.142756 -0.581217 0.967765
2.144805 -0.581085 0.967688
2.147049 -0.580348 0.966966
2.149315 -0.579552 0.966182
2.151766 -0.578196 0.964801
2.154376 -0.576375 0.962923
2.157555 -0.572851 0.959231
2.120445 -0.561789 0.943148
2.121248 -0.566223 0.947962
2.122379 -0.569435 0.951467
2.123775 -0.571677 0.953934
2.125196 -0.573792 0.956263
2.126789 -0.575285 0.957926
2.128376 -0.576775 0.959586
2.130067 -0.577891 0.960845
2.131811 -0.578810 0.961894
2.133550 -0.579728 0.962942
2.135417 -0.580215 0.963527
2.137305 -0.580625 0.964030
2.139192 -0.581032 0.964530
2.141234 -0.580933 0.964489
2.143287 -0.580803 0.964414
2.145383 -0.580536 0.964192
2.147650 -0.579739 0.963404
2.149922 -0.578941 0.962615
2.152491 -0.577237 0.960857
2.155215 -0.575085 0.958620
2.158964 -0.569861 0.953098
2.120797 -0.561856 0.940230
2.121620 -0.566222 0.944987
2.122770 -0.569373 0.948439
2.124166 -0.571619 0.950918
2.125608 -0.573670 0.953186
2.127203 -0.575168 0.954860
2.128792 -0.576658 0.956526
2.130508 -0.577698 0.957708
2.132254 -0.578619 0.958762
2.134001 -0.579524 0.959799
2.135894 -0.579933 0.960303
2.137786 -0.580341 0.960806
2.139706 -0.580651 0.961203
2.141762 -0.580521 0.961128
2.143819 -0.580391 0.961053
2.145983 -0.579925 0.960618
2.148254 -0.579128 0.959827
2.150604 -0.578103 0.958792
2.153220 -0.576273 0.956894
2.156215 -0.573315 0.953784
2.121149 -0.561925 0.937306
2.121993 -0.566219 0.942002
2.123162 -0.569311 0.945402
2.124558 -0.571563 0.947895
2.126022 -0.573548 0.950100
2.127618 -0.575048 0.951782
2.129209 -0.576541 0.953456
2.130950 -0.577506 0.954561
2.132699 -0.578428 0.955620
2.134477 -0.579238 0.956558
2.136374 -0.579648 0.957065
2.138269 -0.580057 0.957571
2.140232 -0.580237 0.957830
2.142293 -0.580107 0.957755
2.144353 -0.579976 0.957679
2.146584 -0.579313 0.957030
2.148862 -0.578512 0.956233
2.151328 -0.577140 0.954821
2.153952 -0.575304 0.952910
2.157222 -0.571532 0.948914
2.121502 -0.561992 0.934372
2.122367 -0.566218 0.939011
2.123555 -0.569249 0.942355
2.124952 -0.571505 0.944861
2.126437 -0.573425 0.947004
2.128034 -0.574928 0.948695
2.129638 -0.576386 0.950336
2.131394 -0.577312 0.951404
2.133144 -0.578238 0.952471
2.134955 -0.578951 0.953306
2.136855 -0.579361 0.953815
2.138752 -0.579773 0.954326
2.140761 -0.579821 0.954444
2.142825 -0.579691 0.954368
2.144908 -0.579501 0.954228
2.147187 -0.578699 0.953427
2.149471 -0.577895 0.952625
2.152056 -0.576173 0.950830
2.154867 -0.573783 0.948313
2.159229 -0.566720 0.940751
2.121856 -0.562061 0.931433
2.122742 -0.566218 0.936011
2.123948 -0.569190 0.939303
2.125348 -0.571446 0.941818
2.126852 -0.573305 0.943900
2.128452 -0.574808 0.945598
2.130081 -0.576190 0.947163
2.131839 -0.577118 0.948236
2.133592 -0.578046 0.949308
2.135435 -0.578662 0.950042
2.137337 -0.579076 0.950557
2.139238 -0.579487 0.951068
2.141291 -0.579405 0.951045
2.143360 -0.579272 0.950966
2.145510 -0.578884 0.950612
2.147794 -0.578082 0.949809
2.150158 -0.577043 0.948748
2.152788 -0.575201 0.946818
2.155872 -0.571997 0.943412
2.122212 -0.562128 0.928484
2.123119 -0.566215 0.933000
2.124344 -0.569127 0.936238
2.125744 -0.571388 0.938765
2.127270 -0.573181 0.940785
2.128871 -0.574687 0.942491
2.130525 -0.575993 0.943979
2.132285 -0.576923 0.945057
2.134041 -0.577853 0.946135
2.135916 -0.578375 0.946769
2.137822 -0.578787 0.947284
2.139752 -0.579115 0.947707
2.141824 -0.578984 0.947630
2.143896 -0.578853 0.947554
2.146113 -0.578267 0.946983
2.148403 -0.577460 0.946172
2.150885 -0.576073 0.944729
2.153523 -0.574224 0.942785
2.157037 -0.569731 0.937966
2.123496 -0.566214 0.929983
2.124740 -0.569065 0.933164
2.126141 -0.571331 0.935707
2.127688 -0.573058 0.937660
2.129291 -0.574568 0.939376
2.130971 -0.575796 0.940784
2.132733 -0.576730 0.941870
2.134491 -0.577660 0.942952
2.136399 -0.578084 0.943482
2.138308 -0.578498 0.944000
2.140282 -0.578695 0.944282
2.142358 -0.578564 0.944205
2.144434 -0.578432 0.944128
2.146719 -0.577647 0.943338
2.149015 -0.576838 0.942522
2.151616 -0.575097 0.940689
2.154516 -0.572465 0.937885
2.108486 -0.561742 0.921510
2.110588 -0.561678 0.921509
2.112690 -0.561616 0.921510
2.114791 -0.561555 0.921511
2.116894 -0.561491 0.921509
2.118995 -0.561429 0.921510
2.121098 -0.561366 0.921509
2.123199 -0.561304 0.921510
2.123874 -0.566211 0.926955
2.125138 -0.569002 0.930082
2.126539 -0.571272 0.932636
2.128108 -0.572934 0.934524
2.129713 -0.574447 0.936250
2.131418 -0.575598 0.937579
2.133182 -0.576534 0.938671
2.134970 -0.577378 0.939662
2.136884 -0.577793 0.940184
2.138796 -0.578209 0.940706
2.140815 -0.578274 0.940844
2.142895 -0.578142 0.940767
2.145031 -0.577834 0.940497
2.147328 -0.577025 0.939677
2.149708 -0.575970 0.938589
2.152351 -0.574117 0.936629
2.155525 -0.570664 0.932917
2.161027 -0.560181 0.921510
2.163128 -0.560119 0.921511
2.165230 -0.560055 0.921509
2.167331 -0.559994 0.921510
2.169433 -0.559930 0.921509
2.171533 -0.559868 0.921510
2.173634 -0.559807 0.921511
2.175736 -0.559743 0.921509
2.177837 -0.559682 0.921510
2.179937 -0.559620 0.921511
2.182039 -0.559556 0.921509
2.184140 -0.559495 0.921510
2.186241 -0.559431 0.921509
2.188342 -0.559369 0.921510
2.190442 -0.559308 0.921511
2.192544 -0.559244 0.921509
2.194644 -0.559183 0.921510
2.196745 -0.559119 0.921509
2.198846 -0.559057 0.921510
2.200946 -0.558996 0.921511
2.108101 -0.564512 0.921506
2.110199 -0.564451 0.921507
2.112297 -0.564389 0.921508
2.114395 -0.564326 0.921506
2.116493 -0.564264 0.921507
2.118591 -0.564200 0.921506
2.120689 -0.564139 0.921507
2.122787 -0.564078 0.921508
2.124813 -0.564265 0.921783
2.125536 -0.568941 0.926992
2.126939 -0.571212 0.929557
2.128530 -0.572809 0.931380
2.130136 -0.574325 0.933114
2.131867 -0.575400 0.934363
2.133634 -0.576337 0.935460
2.135453 -0.577085 0.936349
2.137370 -0.577503 0.936876
2.139286 -0.577918 0.937399
2.141349 -0.577850 0.937392
2.143434 -0.577716 0.937312
2.145637 -0.577209 0.936823
2.147939 -0.576399 0.936000
2.150438 -0.574991 0.934521
2.153153 -0.572935 0.932331
2.158448 -0.563017 0.921507
2.160545 -0.562956 0.921508
2.162643 -0.562892 0.921506
2.164740 -0.562831 0.921507
2.166837 -0.562769 0.921508
2.168935 -0.562706 0.921507
2.171032 -0.562644 0.921508
2.173129 -0.562580 0.921506
2.175226 -0.562519 0.921507
2.177323 -0.562458 0.921508
2.179421 -0.562394 0.921507
2.181518 -0.562332 0.921508
2.183615 -0.562269 0.921506
2.185712 -0.562207 0.921507
2.187809 -0.562146 0.921508
2.189906 -0.562082 0.921507
2.192003 -0.562021 0.921508
2.194100 -0.561957 0.921506
2.196197 -0.561896 0.921507
2.198294 -0.561834 0.921508
2.200391 -0.561771 0.921506
2.107717 -0.567275 0.921504
2.109811 -0.567213 0.921505
2.111906 -0.567150 0.921504
2.114000 -0.567088 0.921505
2.116094 -0.567027 0.921506
2.118188 -0.566964 0.921504
2.120282 -0.566902 0.921505
2.122377 -0.566839 0.921503
2.124470 -0.566777 0.921504
2.126384 -0.567336 0.922189
2.127340 -0.571153 0.926468
2.128952 -0.572686 0.928227
2.130561 -0.574203 0.929967
2.132316 -0.575203 0.931138
2.134086 -0.576140 0.932239
2.135938 -0.576793 0.933027
2.137859 -0.577209 0.933553
2.139799 -0.577556 0.934003
2.141887 -0.577423 0.933925
2.143975 -0.577291 0.933847
2.146246 -0.576583 0.933135
2.148554 -0.575769 0.932305
2.151172 -0.574007 0.930431
2.154160 -0.571130 0.927329
2.157971 -0.565782 0.921505
2.160065 -0.565718 0.921504
2.162158 -0.565657 0.921505
2.164252 -0.565596 0.921506
2.166346 -0.565532 0.921504
2.168439 -0.565471 0.921505
2.170533 -0.565407 0.921503
2.172626 -0.565346 0.921504
2.174719 -0.565285 0.921505
2.176813 -0.565221 0.921504
2.178905 -0.565160 0.921505
2.180999 -0.565096 0.921503
2.183092 -0.565035 0.921504
2.185185 -0.564973 0.921505
2.187279 -0.564910 0.921504
2.189372 -0.564849 0.921505
2.191465 -0.564785 0.921503
2.193558 -0.564724 0.921504
2.195651 -0.564662 0.921505
2.197744 -0.564599 0.921504
2.199837 -0.564537 0.921505
2.107335 -0.570027 0.921502
2.109426 -0.569964 0.921501
2.111516 -0.569902 0.921502
2.113606 -0.569841 0.921503
2.115697 -0.569778 0.921501
2.117787 -0.569716 0.921502
2.119877 -0.569653 0.921501
2.121967 -0.569592 0.921502
2.124057 -0.569530 0.921503
2.126148 -0.569467 0.921501
2.128173 -0.569625 0.921745
2.129815 -0.571075 0.923418
2.130992 -0.574060 0.926789
2.132768 -0.575003 0.927901
2.134540 -0.575942 0.929008
2.136425 -0.576497 0.929690
2.138349 -0.576914 0.930219
2.140333 -0.577129 0.930525
2.142425 -0.576997 0.930447
2.144547 -0.576770 0.930264
2.146857 -0.575955 0.929431
2.149252 -0.574886 0.928317
2.151909 -0.573018 0.926320
2.155407 -0.568598 0.921502
2.157497 -0.568535 0.921501
2.159586 -0.568473 0.921502
2.161676 -0.568412 0.921503
2.163766 -0.568349 0.921501
2.165855 -0.568287 0.921502
2.167945 -0.568224 0.921501
2.170035 -0.568163 0.921502
2.172124 -0.568101 0.921503
2.174214 -0.568038 0.921501
2.176303 -0.567977 0.921502
2.178393 -0.567913 0.921501
2.180482 -0.567852 0.921502
2.182571 -0.567791 0.921503
2.184661 -0.567727 0.921501
2.186750 -0.567666 0.921502
2.188840 -0.567602 0.921500
2.190929 -0.567541 0.921501
2.193017 -0.567480 0.921502
2.195107 -0.567416 0.921501
2.197196 -0.567355 0.921502
2.199285 -0.567294 0.921503
2.106954 -0.572767 0.921498
2.109041 -0.572706 0.921499
2.111127 -0.572645 0.921500
2.113214 -0.572582 0.921498
2.115300 -0.572520 0.921499
2.117387 -0.572457 0.921498
2.119473 -0.572396 0.921499
2.121559 -0.572335 0.921500
2.123646 -0.572271 0.921498
2.125732 -0.572210 0.921499
2.127819 -0.572147 0.921498
2.129905 -0.572085 0.921499
2.131808 -0.572635 0.922178
2.133627 -0.573457 0.923158
2.135442 -0.574276 0.924137
2.136914 -0.576200 0.926341
2.138840 -0.576621 0.926876
2.140870 -0.576702 0.927034
2.142966 -0.576569 0.926955
2.145156 -0.576139 0.926547
2.148051 -0.573503 0.923691
2.150605 -0.571967 0.922056
2.152852 -0.571404 0.921500
2.154938 -0.571340 0.921498
2.157024 -0.571279 0.921499
2.159109 -0.571218 0.921500
2.161196 -0.571155 0.921498
2.163281 -0.571093 0.921499
2.165367 -0.571030 0.921498
2.167453 -0.570969 0.921499
2.169538 -0.570908 0.921500
2.171624 -0.570844 0.921498
2.173710 -0.570783 0.921499
2.175796 -0.570720 0.921498
2.177881 -0.570659 0.921499
2.179966 -0.570597 0.921500
2.182052 -0.570534 0.921498
2.184138 -0.570473 0.921499
2.186223 -0.570412 0.921500
2.188309 -0.570348 0.921499
2.190394 -0.570287 0.921500
2.192480 -0.570224 0.921498
2.194565 -0.570163 0.921499
2.196650 -0.570102 0.921500
2.198736 -0.570038 0.921499
2.106575 -0.575500 0.921496
2.108657 -0.575438 0.921497
2.110740 -0.575375 0.921496
2.112823 -0.575314 0.921497
2.114906 -0.575251 0.921495
2.116988 -0.575190 0.921496
2.119071 -0.575129 0.921497
2.121154 -0.575065 0.921496
2.123236 -0.575004 0.921497
2.125318 -0.574943 0.921498
2.127401 -0.574880 0.921496
2.129483 -0.574819 0.921497
2.131566 -0.574755 0.921495
2.133648 -0.574694 0.921496
2.135730 -0.574633 0.921497
2.137758 -0.574749 0.921695
2.139711 -0.575106 0.922161
2.141810 -0.574984 0.922095
2.143914 -0.574848 0.922012
2.146142 -0.574323 0.921497
2.148224 -0.574260 0.921496
2.150306 -0.574199 0.921497
2.152389 -0.574136 0.921495
2.154471 -0.574075 0.921496
2.156552 -0.574014 0.921497
2.158635 -0.573950 0.921496
2.160717 -0.573889 0.921497
2.162799 -0.573826 0.921495
2.164881 -0.573765 0.921496
2.166962 -0.573704 0.921497
2.169045 -0.573641 0.921496
2.171126 -0.573579 0.921497
2.173208 -0.573518 0.921498
2.175290 -0.573455 0.921496
2.177371 -0.573394 0.921497
2.179454 -0.573331 0.921495
2.181535 -0.573270 0.921496
2.183616 -0.573209 0.921497
2.185699 -0.573145 0.921496
2.187780 -0.573084 0.921497
2.189862 -0.573021 0.921495
2.191943 -0.572960 0.921496
2.194024 -0.572899 0.921497
2.196106 -0.572836 0.921496
2.198188 -0.572775 0.921497
2.106197 -0.578222 0.921494
2.108276 -0.578158 0.921493
2.110355 -0.578098 0.921494
2.112434 -0.578034 0.921492
2.114513 -0.577973 0.921493
2.116591 -0.577912 0.921494
2.118670 -0.577849 0.921493
2.120749 -0.577788 0.921494
2.122827 -0.577727 0.921495
2.124906 -0.577664 0.921493
2.126985 -0.577603 0.921494
2.129064 -0.577540 0.921493
2.131142 -0.577479 0.921494
2.133220 -0.577418 0.921495
2.135299 -0.577355 0.921493
2.137378 -0.577294 0.921494
2.139457 -0.577230 0.921493
2.141535 -0.577169 0.921494
2.143613 -0.577108 0.921495
2.145692 -0.577045 0.921493
2.147770 -0.576984 0.921494
2.149849 -0.576921 0.921492
2.151927 -0.576860 0.921493
2.154005 -0.576799 0.921494
2.156083 -0.576736 0.921493
2.158161 -0.576675 0.921494
2.160240 -0.576612 0.921492
2.162318 -0.576551 0.921493
2.164396 -0.576490 0.921494
2.166474 -0.576427 0.921493
2.168552 -0.576366 0.921494
2.170630 -0.576305 0.921495
2.172708 -0.576241 0.921493
2.174786 -0.576180 0.921494
2.176864 -0.576117 0.921493
2.178942 -0.576056 0.921494
2.181020 -0.575995 0.921495
2.183098 -0.575932 0.921493
2.185176 -0.575871 0.921494
2.187254 -0.575808 0.921493
2.189331 -0.575747 0.921494
2.191409 -0.575686 0.921495
2.193487 -0.575623 0.921493
2.195564 -0.575562 0.921494
2.197643 -0.575499 0.921492
2.105821 -0.580932 0.921490
2.107895 -0.580871 0.921491
2.109971 -0.580808 0.921490
2.112046 -0.580747 0.921491
2.114121 -0.580686 0.921492
2.116196 -0.580623 0.921490
2.118271 -0.580562 0.921491
2.120345 -0.580501 0.921492
2.122421 -0.580438 0.921491
2.124495 -0.580377 0.921492
2.126571 -0.580314 0.921490
2.128645 -0.580253 0.921491
2.130720 -0.580192 0.921492
2.132795 -0.580129 0.921490
2.134869 -0.580068 0.921491
2.136945 -0.580005 0.921490
2.139019 -0.579944 0.921491
2.141093 -0.579883 0.921492
2.143168 -0.579820 0.921490
2.145243 -0.579759 0.921491
2.147318 -0.579696 0.921490
2.149392 -0.579635 0.921491
2.151466 -0.579574 0.921492
2.153541 -0.579511 0.921490
2.155615 -0.579450 0.921491
2.157690 -0.579387 0.921490
2.159764 -0.579326 0.921491
2.161838 -0.579265 0.921492
2.163913 -0.579202 0.921490
2.165987 -0.579142 0.921491
2.168061 -0.579081 0.921492
2.170136 -0.579018 0.921491
2.172210 -0.578957 0.921492
2.174285 -0.578894 0.921490
2.176358 -0.578833 0.921491
2.178432 -0.578772 0.921492
2.180507 -0.578709 0.921490
2.182581 -0.578648 0.921491
2.184655 -0.578585 0.921490
2.186729 -0.578524 0.921491
2.188803 -0.578463 0.921492
2.190877 -0.578400 0.921490
2.192951 -0.578339 0.921491
2.195025 -0.578276 0.921490
2.197099 -0.578215 0.921491
2.105445 -0.583634 0.921488
2.107516 -0.583573 0.921489
2.109588 -0.583510 0.921488
2.111659 -0.583449 0.921489
2.113731 -0.583386 0.921487
2.115802 -0.583326 0.921488
2.117873 -0.583265 0.921489
2.119944 -0.583202 0.921488
2.122015 -0.583141 0.921489
2.124087 -0.583078 0.921487
2.126157 -0.583017 0.921488
2.128228 -0.582956 0.921489
2.130300 -0.582893 0.921488
2.132370 -0.582833 0.921489
2.134442 -0.582770 0.921487
2.136512 -0.582709 0.921488
2.138583 -0.582648 0.921489
2.140654 -0.582585 0.921488
2.142725 -0.582524 0.921489
2.144795 -0.582463 0.921490
2.146867 -0.582400 0.921488
2.148937 -0.582340 0.921489
2.151008 -0.582277 0.921487
2.153079 -0.582216 0.921488
2.155149 -0.582155 0.921489
2.157220 -0.582092 0.921488
2.159290 -0.582031 0.921489
2.161362 -0.581968 0.921487
2.163432 -0.581907 0.921488
2.165502 -0.581847 0.921489
2.167573 -0.581784 0.921488
2.169643 -0.581723 0.921489
2.171714 -0.581660 0.921487
2.173784 -0.581599 0.921488
2.175854 -0.581538 0.921489
2.177925 -0.581475 0.921488
2.179995 -0.581414 0.921489
2.182066 -0.581351 0.921487
2.184136 -0.581291 0.921488
2.186206 -0.581230 0.921489
2.188276 -0.581167 0.921488
2.190346 -0.581106 0.921489
2.192416 -0.581045 0.921490
2.194487 -0.580982 0.921488
2.196557 -0.580922 0.921489
2.105071 -0.586327 0.921487
2.107139 -0.586264 0.921485
2.109206 -0.586203 0.921486
2.111274 -0.586140 0.921485
2.113341 -0.586079 0.921486
2.115409 -0.586019 0.921487
2.117477 -0.585956 0.921485
2.119544 -0.585895 0.921486
2.121611 -0.585832 0.921485
2.123679 -0.585771 0.921486
2.125746 -0.585711 0.921486
2.127813 -0.585648 0.921485
2.129880 -0.585587 0.921486
2.131948 -0.585524 0.921484
2.134015 -0.585463 0.921485
2.136082 -0.585403 0.921486
2.138149 -0.585340 0.921485
2.140216 -0.585279 0.921486
2.142283 -0.585218 0.921487
2.144350 -0.585155 0.921485
2.146417 -0.585095 0.921486
2.148485 -0.585032 0.921485
2.150551 -0.584971 0.921486
2.152618 -0.584910 0.921487
2.154685 -0.584847 0.921485
2.156752 -0.584787 0.921486
2.158819 -0.584724 0.921485
2.160886 -0.584663 0.921486
2.162952 -0.584602 0.921487
2.165019 -0.584540 0.921485
2.167086 -0.584479 0.921486
2.169153 -0.584416 0.921485
2.171219 -0.584355 0.921486
2.173286 -0.584295 0.921486
2.175353 -0.584232 0.921485
2.177419 -0.584171 0.921486
2.179486 -0.584108 0.921484
2.181552 -0.584047 0.921485
2.183618 -0.583987 0.921486
2.185685 -0.583924 0.921485
2.187752 -0.583863 0.921486
2.189818 -0.583802 0.921487
2.191885 -0.583740 0.921485
2.193951 -0.583679 0.921486
2.196017 -0.583616 0.921485
2.104699 -0.589007 0.921482
2.106763 -0.588946 0.921483
2.108827 -0.588884 0.921482
2.110890 -0.588823 0.921483
2.112954 -0.588762 0.921484
2.115018 -0.588700 0.921482
2.117081 -0.588639 0.921483
2.119145 -0.588576 0.921482
2.121209 -0.588515 0.921483
2.123272 -0.588455 0.921484
2.125336 -0.588392 0.921482
2.127399 -0.588331 0.921483
2.129463 -0.588269 0.921482
2.131526 -0.588208 0.921483
2.133589 -0.588147 0.921484
2.135653 -0.588085 0.921482
2.137716 -0.588024 0.921483
2.139779 -0.587963 0.921484
2.141843 -0.587900 0.921483
2.143906 -0.587840 0.921484
2.145970 -0.587777 0.921482
2.148033 -0.587716 0.921483
2.150096 -0.587656 0.921484
2.152159 -0.587593 0.921482
2.154222 -0.587532 0.921483
2.156286 -0.587470 0.921482
2.158349 -0.587409 0.921483
2.160411 -0.587348 0.921484
2.162475 -0.587286 0.921482
2.164538 -0.587225 0.921483
2.166601 -0.587162 0.921482
2.168664 -0.587102 0.921483
2.170726 -0.587041 0.921484
2.172790 -0.586978 0.921482
2.174852 -0.586918 0.921483
2.176916 -0.586855 0.921482
2.178978 -0.586794 0.921483
2.181041 -0.586734 0.921484
2.183104 -0.586671 0.921482
2.185166 -0.586610 0.921483
2.187228 -0.586550 0.921484
2.189292 -0.586487 0.921483
2.191354 -0.586426 0.921484
2.193417 -0.586363 0.921482
2.195479 -0.586303 0.921483
2.104328 -0.591680 0.921481
2.106388 -0.591617 0.921479
2.108448 -0.591557 0.921480
2.110508 -0.591496 0.921481
2.112568 -0.591433 0.921480
2.114628 -0.591373 0.921481
2.116688 -0.591310 0.921479
2.118748 -0.591250 0.921480
2.120807 -0.591189 0.921481
2.122868 -0.591126 0.921480
2.124927 -0.591066 0.921481
2.126987 -0.591005 0.921482
2.129047 -0.590943 0.921480
2.131106 -0.590882 0.921481
2.133166 -0.590819 0.921479
2.135226 -0.590759 0.921480
2.137285 -0.590698 0.921481
2.139345 -0.590636 0.921480
2.141404 -0.590575 0.921481
2.143464 -0.590512 0.921479
2.145524 -0.590452 0.921480
2.147583 -0.590391 0.921481
2.149643 -0.590329 0.921480
2.151702 -0.590268 0.921481
2.153762 -0.590205 0.921479
2.155821 -0.590145 0.921480
2.157880 -0.590084 0.921481
2.159940 -0.590022 0.921480
2.161999 -0.589961 0.921481
2.164058 -0.589901 0.921482
2.166117 -0.589838 0.921480
2.168176 -0.589777 0.921481
2.170236 -0.589715 0.921480
2.172295 -0.589654 0.921481
2.174354 -0.589594 0.921482
2.176413 -0.589531 0.921480
2.178472 -0.589470 0.921481
2.180531 -0.589408 0.921479
2.182590 -0.589347 0.921480
2.184649 -0.589287 0.921481
2.186708 -0.589224 0.921480
2.188767 -0.589164 0.921481
2.190826 -0.589101 0.921479
2.192885 -0.589040 0.921480
2.194943 -0.588980 0.921481
2.103958 -0.594341 0.921477
2.106014 -0.594281 0.921478
2.108071 -0.594220 0.921479
2.110127 -0.594158 0.921477
2.112183 -0.594097 0.921478
2.114239 -0.594037 0.921479
2.116296 -0.593974 0.921477
2.118352 -0.593914 0.921478
2.120408 -0.593851 0.921477
2.122464 -0.593791 0.921478
2.124520 -0.593730 0.921479
2.126576 -0.593667 0.921477
2.128632 -0.593607 0.921478
2.130688 -0.593544 0.921477
2.132744 -0.593484 0.921478
2.134800 -0.593424 0.921479
2.136856 -0.593361 0.921477
2.138912 -0.593300 0.921478
2.140968 -0.593238 0.921477
2.143024 -0.593177 0.921478
2.145079 -0.593117 0.921479
2.147135 -0.593054 0.921477
2.149191 -0.592994 0.921478
2.151247 -0.592931 0.921477
2.153302 -0.592871 0.921478
2.155358 -0.592810 0.921479
2.157414 -0.592748 0.921477
2.159469 -0.592687 0.921478
2.161524 -0.592627 0.921479
2.163580 -0.592564 0.921477
2.165635 -0.592504 0.921478
2.167691 -0.592441 0.921477
2.169747 -0.592381 0.921478
2.171802 -0.592320 0.921479
2.173857 -0.592258 0.921477
2.175913 -0.592197 0.921478
2.177968 -0.592135 0.921477
2.180023 -0.592074 0.921478
2.182078 -0.592014 0.921479
2.184134 -0.591951 0.921477
2.186189 -0.591891 0.921478
2.188245 -0.591828 0.921477
2.190299 -0.591768 0.921478
2.192354 -0.591708 0.921479
2.194410 -0.591645 0.921477
2.103590 -0.596995 0.921475
2.105642 -0.596934 0.921476
2.107695 -0.596872 0.921474
2.109747 -0.596811 0.921475
2.111800 -0.596751 0.921476
2.113853 -0.596689 0.921475
2.115905 -0.596628 0.921476
2.117958 -0.596566 0.921474
2.120010 -0.596505 0.921475
2.122062 -0.596445 0.921476
2.124115 -0.596382 0.921475
2.126167 -0.596322 0.921476
2.128219 -0.596260 0.921474
2.130271 -0.596199 0.921475
2.132323 -0.596139 0.921476
2.134376 -0.596076 0.921475
2.136428 -0.596016 0.921476
2.138481 -0.595953 0.921474
2.140532 -0.595893 0.921475
2.142584 -0.595833 0.921476
2.144637 -0.595770 0.921474
2.146689 -0.595710 0.921475
2.148741 -0.595647 0.921474
2.150793 -0.595587 0.921475
2.152844 -0.595527 0.921476
2.154897 -0.595464 0.921474
2.156948 -0.595404 0.921475
2.159000 -0.595344 0.921476
2.161052 -0.595281 0.921475
2.163104 -0.595221 0.921476
2.165156 -0.595158 0.921474
2.167207 -0.595098 0.921475
2.169259 -0.595037 0.921476
2.171311 -0.594975 0.921475
2.173362 -0.594915 0.921476
2.175415 -0.594852 0.921474
2.177466 -0.594792 0.921475
2.179517 -0.594731 0.921476
2.181569 -0.594669 0.921475
2.183620 -0.594609 0.921475
2.185672 -0.594546 0.921474
2.187724 -0.594486 0.921475
2.189775 -0.594425 0.921476
2.191827 -0.594363 0.921474
2.193878 -0.594303 0.921475
2.103222 -0.599639 0.921473
2.105272 -0.599576 0.921472
2.107320 -0.599516 0.921473
2.109369 -0.599456 0.921474
2.111418 -0.599393 0.921472
2.113467 -0.599333 0.921473
2.115516 -0.599271 0.921472
2.117564 -0.599210 0.921473
2.119613 -0.599150 0.921473
2.121662 -0.599088 0.921472
2.123710 -0.599027 0.921473
2.125759 -0.598965 0.921471
2.127808 -0.598905 0.921472
2.129856 -0.598844 0.921473
2.131905 -0.598782 0.921472
2.133953 -0.598722 0.921473
2.136002 -0.598659 0.921471
2.138050 -0.598599 0.921472
2.140098 -0.598539 0.921473
2.142147 -0.598476 0.921472
2.144195 -0.598416 0.921473
2.146243 -0.598356 0.921474
2.148292 -0.598293 0.921472
2.150340 -0.598233 0.921473
2.152389 -0.598171 0.921472
2.154437 -0.598111 0.921473
2.156485 -0.598050 0.921474
2.158533 -0.597988 0.921472
2.160581 -0.597928 0.921473
2.162630 -0.597865 0.921472
2.164678 -0.597805 0.921473
2.166725 -0.597745 0.921473
2.168774 -0.597682 0.921472
2.170821 -0.597622 0.921473
2.172870 -0.597560 0.921471
2.174918 -0.597499 0.921472
2.176965 -0.597439 0.921473
2.179014 -0.597377 0.921472
2.181061 -0.597317 0.921473
2.183109 -0.597256 0.921474
2.185157 -0.597194 0.921472
2.187204 -0.597134 0.921473
2.189253 -0.597071 0.921472
2.191300 -0.597011 0.921473
2.193347 -0.596951 0.921474
1.884546 -0.556797 1.381267
1.886214 -0.556556 1.381159
1.887882 -0.556315 1.381051
1.889550 -0.556074 1.380943
1.891220 -0.555833 1.380835
1.925939 -0.560553 1.383945
1.927560 -0.561164 1.384305
1.929220 -0.561004 1.384242
1.930890 -0.560709 1.384104
1.932559 -0.560416 1.383967
1.934231 -0.560119 1.383829
1.935912 -0.559675 1.383609
1.848553 -0.574830 1.388803
1.850168 -0.574229 1.388496
1.876258 -0.560426 1.381255
1.877919 -0.560185 1.381147
1.879580 -0.559945 1.381039
1.881242 -0.559706 1.380931
1.882905 -0.559466 1.380823
1.884569 -0.559226 1.380715
1.886233 -0.558986 1.380607
1.887898 -0.558746 1.380499
1.889568 -0.558007 1.380116
1.891235 -0.557827 1.380041
1.892898 -0.558024 1.380174
1.894566 -0.557781 1.380065
1.896234 -0.557542 1.379958
1.897904 -0.557302 1.379850
1.899574 -0.557059 1.379740
1.924261 -0.562534 1.383132
1.925848 -0.563772 1.383840
1.927499 -0.563736 1.383845
1.929161 -0.563492 1.383734
1.930825 -0.563245 1.383623
1.932489 -0.563000 1.383512
1.934153 -0.562755 1.383401
1.935819 -0.562509 1.383290
1.848658 -0.577719 1.388547
1.850282 -0.577484 1.388441
1.851907 -0.577248 1.388334
1.853533 -0.577011 1.388227
1.855160 -0.576775 1.388121
1.856787 -0.576538 1.388013
1.858415 -0.576303 1.387907
1.860043 -0.576066 1.387800
1.861661 -0.575366 1.387436
1.863262 -0.573786 1.386583
1.871323 -0.563325 1.380899
1.872982 -0.563319 1.380920
1.874638 -0.563080 1.380813
1.876295 -0.562842 1.380705
1.877953 -0.562602 1.380597
1.879611 -0.562363 1.380489
1.881271 -0.562124 1.380381
1.882931 -0.561884 1.380272
1.884591 -0.561647 1.380166
1.886253 -0.561408 1.380058
1.887933 -0.558520 1.378480
1.889609 -0.557437 1.377905
1.891276 -0.557495 1.377962
1.892928 -0.558738 1.378676
1.894571 -0.560209 1.379517
1.896237 -0.559970 1.379409
1.897903 -0.559728 1.379300
1.899571 -0.559486 1.379190
1.901239 -0.559246 1.379082
1.902907 -0.559006 1.378974
1.904577 -0.558764 1.378864
1.924154 -0.566144 1.383251
1.925786 -0.566428 1.383433
1.927443 -0.566208 1.383335
1.929103 -0.565965 1.383225
1.930763 -0.565721 1.383114
1.932424 -0.565475 1.383003
1.934086 -0.565231 1.382892
1.935748 -0.564987 1.382782
1.848744 -0.580144 1.388041
1.850366 -0.579910 1.387935
1.851988 -0.579674 1.387828
1.853611 -0.579439 1.387721
1.855234 -0.579204 1.387615
1.856858 -0.578968 1.387508
1.858484 -0.578737 1.387403
1.860109 -0.578505 1.387298
1.861701 -0.576869 1.386411
1.863254 -0.573204 1.384392
1.869719 -0.566200 1.380588
1.871371 -0.565963 1.380480
1.873024 -0.565724 1.380372
1.874677 -0.565487 1.380265
1.876332 -0.565248 1.380156
1.877987 -0.565010 1.380048
1.879642 -0.564772 1.379941
1.881299 -0.564533 1.379832
1.882956 -0.564295 1.379725
1.884614 -0.564057 1.379617
1.886272 -0.563819 1.379509
1.887932 -0.563579 1.379400
1.889673 -0.554194 1.374198
1.891346 -0.554523 1.374407
1.892914 -0.562864 1.379076
1.894576 -0.562627 1.378969
1.896239 -0.562386 1.378860
1.897903 -0.562146 1.378751
1.899567 -0.561907 1.378643
1.901232 -0.561666 1.378534
1.902898 -0.561427 1.378426
1.904565 -0.561188 1.378317
1.906233 -0.560917 1.378192
1.907900 -0.560707 1.378100
1.920828 -0.568372 1.382563
1.922434 -0.569181 1.383038
1.924078 -0.569140 1.383039
1.925733 -0.568905 1.382933
1.927388 -0.568673 1.382829
1.929045 -0.568430 1.382719
1.930702 -0.568186 1.382607
1.932360 -0.567943 1.382497
1.934018 -0.567700 1.382386
1.935678 -0.567455 1.382275
1.848830 -0.582561 1.387537
1.850449 -0.582328 1.387431
1.852068 -0.582093 1.387324
1.853688 -0.581861 1.387219
1.855309 -0.581628 1.387112
1.856930 -0.581391 1.387004
1.858552 -0.581156 1.386897
1.860159 -0.580318 1.386453
1.861720 -0.577479 1.384888
1.863236 -0.572188 1.381952
1.866470 -0.569070 1.380257
1.868118 -0.568834 1.380149
1.869767 -0.568596 1.380041
1.871416 -0.568360 1.379934
1.873066 -0.568122 1.379826
1.874717 -0.567885 1.379718
1.876368 -0.567647 1.379610
1.878020 -0.567410 1.379502
1.879673 -0.567172 1.379394
1.881327 -0.566935 1.379286
1.882981 -0.566698 1.379179
1.884636 -0.566461 1.379071
1.886292 -0.566224 1.378963
1.887948 -0.565983 1.378853
1.889605 -0.565747 1.378747
1.891263 -0.565508 1.378638
1.892922 -0.565270 1.378530
1.894581 -0.565033 1.378422
1.896241 -0.564795 1.378314
1.897902 -0.564557 1.378206
1.899564 -0.564317 1.378097
1.901226 -0.564079 1.377989
1.902889 -0.563839 1.377879
1.904553 -0.563601 1.377771
1.906219 -0.563308 1.377632
1.907883 -0.563111 1.377547
1.909548 -0.562884 1.377445
1.911218 -0.562554 1.377286
1.919177 -0.570064 1.381606
1.920770 -0.571164 1.382245
1.922378 -0.571837 1.382646
1.924029 -0.571601 1.382539
1.925680 -0.571372 1.382436
1.927333 -0.571127 1.382323
1.928987 -0.570885 1.382213
1.930641 -0.570644 1.382103
1.932296 -0.570400 1.381992
1.933951 -0.570158 1.381881
1.935608 -0.569916 1.381771
1.848916 -0.584968 1.387034
1.850531 -0.584735 1.386927
1.852147 -0.584499 1.386819
1.853765 -0.584265 1.386712
1.855382 -0.584029 1.386604
1.857001 -0.583793 1.386496
1.858620 -0.583559 1.386389
1.860207 -0.582073 1.385578
1.861583 -0.571745 1.379800
1.863219 -0.571180 1.379507
1.864878 -0.571620 1.379780
1.866524 -0.571455 1.379712
1.868169 -0.571218 1.379604
1.869814 -0.570983 1.379497
1.871461 -0.570748 1.379389
1.873108 -0.570511 1.379281
1.874756 -0.570275 1.379174
1.876404 -0.570038 1.379065
1.878054 -0.569802 1.378958
1.879704 -0.569564 1.378850
1.881354 -0.569329 1.378742
1.883006 -0.569091 1.378633
1.884658 -0.568855 1.378526
1.886311 -0.568618 1.378418
1.887965 -0.568380 1.378310
1.889619 -0.568144 1.378202
1.891274 -0.567906 1.378093
1.892930 -0.567671 1.377986
1.894586 -0.567432 1.377877
1.896244 -0.567195 1.377769
1.897902 -0.566958 1.377661
1.899560 -0.566721 1.377553
1.901220 -0.566482 1.377444
1.902880 -0.566245 1.377336
1.904541 -0.566006 1.377227
1.906224 -0.564990 1.376682
1.907908 -0.564123 1.376220
1.909555 -0.564454 1.376431
1.911193 -0.565001 1.376763
1.912856 -0.564818 1.376685
1.917708 -0.567537 1.378286
1.919247 -0.570048 1.379719
1.920770 -0.572679 1.381220
1.922359 -0.573718 1.381827
1.923979 -0.574053 1.382040
1.925628 -0.573816 1.381932
1.927278 -0.573574 1.381821
1.928929 -0.573333 1.381711
1.930580 -0.573091 1.381599
1.932232 -0.572850 1.381489
1.933885 -0.572609 1.381379
1.935538 -0.572366 1.381268
1.849000 -0.587359 1.386528
1.850613 -0.587124 1.386420
1.852227 -0.586891 1.386313
1.853841 -0.586657 1.386206
1.855456 -0.586422 1.386098
1.857071 -0.586188 1.385991
1.858688 -0.585953 1.385883
1.860258 -0.583952 1.384779
1.861623 -0.573235 1.378757
1.863288 -0.574009 1.379219
1.864935 -0.574065 1.379275
1.866577 -0.573831 1.379168
1.868219 -0.573596 1.379061
1.869862 -0.573362 1.378954
1.871505 -0.573126 1.378846
1.873150 -0.572892 1.378738
1.874795 -0.572657 1.378631
1.876441 -0.572420 1.378523
1.878087 -0.572186 1.378416
1.879734 -0.571949 1.378307
1.881382 -0.571712 1.378199
1.883027 -0.574734 1.379928
1.884670 -0.574501 1.379821
1.886314 -0.574265 1.379713
1.887958 -0.574030 1.379605
1.889603 -0.573796 1.379498
1.891249 -0.573562 1.379392
1.892895 -0.573326 1.379284
1.894543 -0.573090 1.379176
1.896191 -0.572856 1.379069
1.897901 -0.569351 1.377119
1.899557 -0.569115 1.377011
1.901214 -0.568859 1.376892
1.902872 -0.568588 1.376764
1.904530 -0.568339 1.376649
1.906302 -0.564189 1.374336
1.907981 -0.563552 1.374002
1.909625 -0.564090 1.374330
1.911200 -0.566531 1.375731
1.912829 -0.567219 1.376143
1.914492 -0.566982 1.376035
1.917778 -0.567451 1.376349
1.919316 -0.570030 1.377827
1.920825 -0.573008 1.379529
1.922351 -0.575363 1.380879
1.923930 -0.576497 1.381543
1.925577 -0.576252 1.381430
1.927223 -0.576012 1.381320
1.928871 -0.575771 1.381209
1.930519 -0.575531 1.381099
1.932168 -0.575290 1.380988
1.933818 -0.575050 1.380877
1.935468 -0.574810 1.380767
1.849085 -0.589737 1.386022
1.850695 -0.589507 1.385916
1.852306 -0.589275 1.385810
1.853917 -0.589041 1.385702
1.855529 -0.588809 1.385595
1.857142 -0.588575 1.385487
1.858755 -0.588341 1.385379
1.860045 -0.575839 1.378322
1.861684 -0.575605 1.378215
1.863353 -0.576666 1.378841
1.864991 -0.576433 1.378734
1.866630 -0.576200 1.378627
1.868269 -0.575965 1.378519
1.869909 -0.575731 1.378412
1.871550 -0.575498 1.378305
1.873192 -0.575264 1.378198
1.874834 -0.575029 1.378089
1.876477 -0.574795 1.377982
1.878120 -0.574561 1.377875
1.879772 -0.577031 1.379298
1.881412 -0.577337 1.379497
1.883052 -0.577103 1.379389
1.884692 -0.576869 1.379281
1.886333 -0.576636 1.379175
1.887974 -0.576401 1.379067
1.889617 -0.576167 1.378959
1.891260 -0.575934 1.378852
1.892903 -0.575699 1.378745
1.894548 -0.575465 1.378638
1.896193 -0.575230 1.378530
1.897839 -0.574995 1.378422
1.899485 -0.574760 1.378314
1.901207 -0.571249 1.376353
1.902862 -0.571027 1.376252
1.904517 -0.570795 1.376146
1.906172 -0.570559 1.376038
1.907829 -0.570322 1.375929
1.909486 -0.570086 1.375821
1.911144 -0.569850 1.375713
1.912803 -0.569612 1.375603
1.914463 -0.569376 1.375495
1.916123 -0.569142 1.375388
1.917847 -0.567404 1.374431
1.919385 -0.570026 1.375938
1.920891 -0.573085 1.377693
1.922352 -0.576832 1.379836
1.923913 -0.578303 1.380692
1.925525 -0.578679 1.380930
1.927169 -0.578440 1.380820
1.928813 -0.578201 1.380710
1.930459 -0.577961 1.380599
1.932105 -0.577722 1.380489
1.933752 -0.577483 1.380379
1.935399 -0.577242 1.380267
1.849165 -0.592005 1.385459
1.850772 -0.591779 1.385356
1.852381 -0.591553 1.385252
1.853990 -0.591327 1.385148
1.855599 -0.591101 1.385044
1.857209 -0.590874 1.384940
1.858820 -0.590650 1.384837
1.860109 -0.578198 1.377781
1.861770 -0.578974 1.378247
1.863411 -0.579025 1.378301
1.865046 -0.578793 1.378195
1.866682 -0.578559 1.378087
1.868319 -0.578327 1.377980
1.869956 -0.578094 1.377873
1.871594 -0.577860 1.377765
1.873233 -0.577627 1.377658
1.874873 -0.577394 1.377551
1.876513 -0.577162 1.377443
1.878167 -0.579857 1.379001
1.879804 -0.579931 1.379068
1.881440 -0.579697 1.378960
1.883077 -0.579464 1.378853
1.884714 -0.579230 1.378745
1.886352 -0.578997 1.378637
1.887991 -0.578765 1.378531
1.889630 -0.578531 1.378423
1.891270 -0.578297 1.378315
1.892911 -0.578063 1.378207
1.894553 -0.577831 1.378101
1.896195 -0.577598 1.377994
1.897838 -0.577364 1.377886
1.899482 -0.577129 1.377778
1.901126 -0.576895 1.377670
1.902771 -0.576660 1.377561
1.904505 -0.573177 1.375608
1.906158 -0.572940 1.375499
1.907811 -0.572706 1.375391
1.909466 -0.572469 1.375282
1.911121 -0.572234 1.375174
1.912777 -0.571997 1.375065
1.914434 -0.571762 1.374957
1.916091 -0.571527 1.374848
1.917749 -0.571291 1.374740
1.919451 -0.570086 1.374081
1.920955 -0.573239 1.375896
1.922413 -0.577064 1.378092
1.923894 -0.580132 1.379859
1.925474 -0.581099 1.380432
1.927114 -0.580861 1.380322
1.928756 -0.580622 1.380212
1.930398 -0.580384 1.380102
1.932042 -0.580144 1.379991
1.933685 -0.579906 1.379881
1.935330 -0.579668 1.379771
1.849245 -0.594266 1.384899
1.850850 -0.594041 1.384796
1.852455 -0.593814 1.384691
1.854061 -0.593589 1.384587
1.855668 -0.593364 1.384483
1.857276 -0.593138 1.384380
1.858884 -0.592913 1.384276
1.860173 -0.580552 1.377243
1.861838 -0.581607 1.377871
1.863469 -0.581376 1.377764
1.865102 -0.581145 1.377657
1.866735 -0.580912 1.377549
1.868369 -0.580680 1.377442
1.870003 -0.580449 1.377336
1.871639 -0.580216 1.377228
1.873275 -0.579984 1.377121
1.874911 -0.579750 1.377013
1.876549 -0.579518 1.376905
1.878202 -0.582512 1.378639
1.879834 -0.582280 1.378532
1.881467 -0.582049 1.378425
1.883101 -0.581817 1.378318
1.884736 -0.581584 1.378210
1.886371 -0.581351 1.378103
1.888007 -0.581118 1.377995
1.889644 -0.580887 1.377888
1.891281 -0.580654 1.377781
1.892919 -0.580421 1.377673
1.894558 -0.580188 1.377565
1.896197 -0.579956 1.377458
1.897837 -0.579725 1.377352
1.899478 -0.579491 1.377244
1.901120 -0.579258 1.377136
1.902762 -0.579024 1.377028
1.904405 -0.578790 1.376920
1.906143 -0.575315 1.374964
1.907794 -0.575080 1.374855
1.909446 -0.574846 1.374747
1.911098 -0.574610 1.374638
1.912751 -0.574376 1.374529
1.914405 -0.574141 1.374421
1.916059 -0.573905 1.374312
1.917714 -0.573671 1.374204
1.919372 -0.573402 1.374076
1.921015 -0.573458 1.374133
1.922464 -0.577505 1.376465
1.923868 -0.582114 1.379117
1.925422 -0.583510 1.379937
1.927060 -0.583273 1.379827
1.928699 -0.583035 1.379716
1.930338 -0.582798 1.379606
1.931979 -0.582559 1.379495
1.933619 -0.582322 1.379385
1.935261 -0.582085 1.379275
1.849324 -0.596510 1.384335
1.850926 -0.596289 1.384234
1.852529 -0.596069 1.384132
1.854133 -0.595846 1.384029
1.855737 -0.595621 1.383925
1.857342 -0.595395 1.383821
1.858948 -0.595170 1.383717
1.860512 -0.593349 1.382697
1.861898 -0.583950 1.377335
1.863527 -0.583719 1.377228
1.865157 -0.583487 1.377121
1.866787 -0.583255 1.377013
1.868418 -0.583025 1.376906
1.870050 -0.582794 1.376799
1.871683 -0.582561 1.376691
1.873316 -0.582331 1.376584
1.874950 -0.582100 1.376477
1.876603 -0.584625 1.377950
1.878235 -0.584854 1.378106
1.879864 -0.584623 1.377999
1.881495 -0.584391 1.377891
1.883126 -0.584159 1.377784
1.884757 -0.583929 1.377677
1.886390 -0.583698 1.377570
1.888023 -0.583466 1.377462
1.889657 -0.583234 1.377355
1.891291 -0.583003 1.377248
1.892927 -0.582771 1.377141
1.894563 -0.582539 1.377033
1.896200 -0.582306 1.376925
1.897837 -0.582074 1.376817
1.899475 -0.581843 1.376710
1.901114 -0.581612 1.376603
1.902753 -0.581379 1.376495
1.904394 -0.581146 1.376387
1.906128 -0.577680 1.374429
1.907776 -0.577447 1.374321
1.909425 -0.577212 1.374212
1.911075 -0.576979 1.374104
1.912725 -0.576746 1.373996
1.914376 -0.576511 1.373887
1.916028 -0.576277 1.373779
1.917680 -0.576044 1.373670
1.919333 -0.575808 1.373561
1.921047 -0.574279 1.372711
1.922513 -0.577968 1.374847
1.923836 -0.584204 1.378440
1.925381 -0.585728 1.379337
1.927007 -0.585663 1.379325
1.928642 -0.585434 1.379219
1.930279 -0.585203 1.379113
1.931916 -0.584967 1.379003
1.933554 -0.584730 1.378892
1.935192 -0.584493 1.378782
1.849403 -0.598749 1.383774
1.851003 -0.598529 1.383672
1.852603 -0.598307 1.383570
1.854204 -0.598087 1.383468
1.855806 -0.597866 1.383366
1.857409 -0.597646 1.383265
1.859012 -0.597422 1.383161
1.860596 -0.596472 1.382639
1.861959 -0.586284 1.376801
1.863585 -0.586053 1.376693
1.865212 -0.585823 1.376587
1.866839 -0.585592 1.376479
1.868468 -0.585363 1.376372
1.870097 -0.585131 1.376265
1.871727 -0.584901 1.376158
1.873357 -0.584669 1.376050
1.874988 -0.584438 1.375942
1.876638 -0.586971 1.377425
1.878267 -0.587186 1.377574
1.879894 -0.586957 1.377467
1.881522 -0.586727 1.377360
1.883150 -0.586496 1.377253
1.884779 -0.586265 1.377145
1.886409 -0.586036 1.377039
1.888039 -0.585805 1.376932
1.889670 -0.585574 1.376824
1.891302 -0.585343 1.376716
1.892935 -0.585113 1.376610
1.894568 -0.584882 1.376502
1.896202 -0.584650 1.376394
1.897836 -0.584419 1.376287
1.899472 -0.584187 1.376179
1.901108 -0.583957 1.376072
1.902744 -0.583725 1.375964
1.904382 -0.583493 1.375856
1.906020 -0.583261 1.375748
1.907759 -0.579807 1.373789
1.909405 -0.579575 1.373681
1.911052 -0.579342 1.373573
1.912699 -0.579108 1.373464
1.914347 -0.578876 1.373356
1.915996 -0.578641 1.373247
1.917646 -0.578407 1.373138
1.919296 -0.578174 1.373030
1.920968 -0.577494 1.372664
1.922563 -0.578444 1.373235
1.923830 -0.585774 1.377471
1.925334 -0.588057 1.378807
1.926959 -0.587949 1.378770
1.928592 -0.587719 1.378664
1.930225 -0.587491 1.378558
1.931859 -0.587261 1.378451
1.933494 -0.587033 1.378345
1.935130 -0.586803 1.378239
1.849481 -0.600978 1.383214
1.851079 -0.600759 1.383112
1.852677 -0.600540 1.383011
1.854275 -0.600319 1.382908
1.855874 -0.600099 1.382806
1.857474 -0.599880 1.382705
1.859075 -0.599660 1.382603
1.860676 -0.599442 1.382502
1.862019 -0.588610 1.376269
1.863642 -0.588380 1.376161
1.865267 -0.588152 1.376055
1.866891 -0.587921 1.375947
1.868517 -0.587693 1.375840
1.870143 -0.587462 1.375733
1.871770 -0.587233 1.375626
1.873398 -0.587002 1.375518
1.875026 -0.586773 1.375411
1.876672 -0.589104 1.376783
1.878300 -0.589512 1.377044
1.879924 -0.589283 1.376937
1.881549 -0.589055 1.376831
1.883174 -0.588825 1.376724
1.884801 -0.588595 1.376616
1.886428 -0.588365 1.376509
1.888055 -0.588136 1.376402
1.889684 -0.587906 1.376295
1.891313 -0.587676 1.376187
1.892942 -0.587446 1.376080
1.894573 -0.587217 1.375973
1.896204 -0.586986 1.375866
1.897836 -0.586755 1.375758
1.899468 -0.586525 1.375650
1.901102 -0.586294 1.375543
1.902736 -0.586064 1.375436
1.904370 -0.585833 1.375328
1.906006 -0.585602 1.375220
1.907742 -0.582158 1.373259
1.909385 -0.581927 1.373151
1.911029 -0.581694 1.373042
1.912673 -0.581463 1.372934
1.914319 -0.581229 1.372825
1.915965 -0.580998 1.372717
1.917611 -0.580764 1.372608
1.919259 -0.580532 1.372500
1.920907 -0.580298 1.372391
1.922612 -0.578920 1.371621
1.923765 -0.588489 1.377165
1.925283 -0.590437 1.378313
1.926912 -0.590227 1.378218
1.928542 -0.589998 1.378111
1.930172 -0.589771 1.378005
1.931804 -0.589542 1.377899
1.933436 -0.589313 1.377792
1.935069 -0.589086 1.377686
1.849559 -0.603182 1.382645
1.851154 -0.602984 1.382555
1.852750 -0.602764 1.382452
1.854346 -0.602545 1.382351
1.855943 -0.602325 1.382248
1.857540 -0.602106 1.382146
1.859138 -0.601887 1.382045
1.860737 -0.601667 1.381942
1.862310 -0.600380 1.381220
1.863700 -0.590700 1.375631
1.865321 -0.590470 1.375524
1.866943 -0.590243 1.375417
1.868566 -0.590015 1.375310
1.870190 -0.589785 1.375203
1.871814 -0.589557 1.375096
1.873439 -0.589327 1.374988
1.875064 -0.589099 1.374882
1.876704 -0.590834 1.375913
1.878332 -0.591830 1.376516
1.879954 -0.591602 1.376409
1.881576 -0.591373 1.376302
1.883199 -0.591146 1.376196
1.884822 -0.590917 1.376089
1.886446 -0.590687 1.375981
1.888071 -0.590458 1.375874
1.889697 -0.590231 1.375768
1.891323 -0.590001 1.375660
1.892950 -0.589772 1.375553
1.894578 -0.589542 1.375445
1.896206 -0.589314 1.375339
1.897835 -0.589084 1.375231
1.899465 -0.588854 1.375123
1.901095 -0.588624 1.375016
1.902727 -0.588394 1.374908
1.904359 -0.588166 1.374801
1.905991 -0.587935 1.374693
1.907724 -0.584500 1.372729
1.909365 -0.584270 1.372621
1.911006 -0.584038 1.372513
1.912648 -0.583807 1.372405
1.914290 -0.583576 1.372297
1.915933 -0.583346 1.372189
1.917577 -0.583113 1.372080
1.919222 -0.582882 1.371972
1.920867 -0.582649 1.371863
1.922576 -0.581136 1.371012
1.923694 -0.591327 1.376938
1.925238 -0.592724 1.377772
1.926864 -0.592497 1.377665
1.928492 -0.592269 1.377559
1.930119 -0.592042 1.377453
1.931748 -0.591814 1.377347
1.933378 -0.591586 1.377240
1.935008 -0.591359 1.377134
1.849606 -0.604636 1.381644
1.851202 -0.604477 1.381577
1.852799 -0.604319 1.381510
1.854396 -0.604160 1.381443
1.855993 -0.604000 1.381375
1.857591 -0.603842 1.381309
1.859189 -0.603683 1.381241
1.860787 -0.603525 1.381174
1.862386 -0.603364 1.381106
1.863757 -0.593010 1.375102
1.865376 -0.592783 1.374995
1.866995 -0.592554 1.374888
1.868615 -0.592327 1.374781
1.870236 -0.592098 1.374674
1.871857 -0.591871 1.374567
1.873480 -0.591644 1.374460
1.875102 -0.591415 1.374353
1.876726 -0.591187 1.374246
1.878362 -0.593483 1.375608
1.879983 -0.593913 1.375883
1.881603 -0.593685 1.375776
1.883223 -0.593457 1.375669
1.884844 -0.593230 1.375563
1.886465 -0.593002 1.375456
1.888087 -0.592774 1.375349
1.889710 -0.592545 1.375241
1.891334 -0.592319 1.375135
1.892958 -0.592090 1.375028
1.894583 -0.591861 1.374920
1.896208 -0.591632 1.374813
1.897835 -0.591405 1.374706
1.899462 -0.591176 1.374598
1.901089 -0.590947 1.374491
1.902718 -0.590718 1.374383
1.904347 -0.590489 1.374275
1.905992 -0.589731 1.373860
1.907707 -0.586834 1.372202
1.909345 -0.586605 1.372094
1.910983 -0.586375 1.371986
1.912622 -0.586144 1.371877
1.914262 -0.585914 1.371770
1.915902 -0.585684 1.371662
1.917543 -0.585454 1.371554
1.919185 -0.585222 1.371445
1.920828 -0.584992 1.371337
1.922534 -0.583482 1.370485
1.923622 -0.594181 1.376728
1.925193 -0.594984 1.377221
1.926817 -0.594758 1.377115
1.928442 -0.594531 1.377009
1.930067 -0.594306 1.376903
1.931693 -0.594079 1.376797
1.933320 -0.593851 1.376690
1.934947 -0.593625 1.376584
1.849630 -0.605491 1.380296
1.851227 -0.605369 1.380250
1.852825 -0.605246 1.380204
1.854423 -0.605121 1.380156
1.856021 -0.604988 1.380104
1.857619 -0.604854 1.380051
1.859218 -0.604722 1.379999
1.860817 -0.604587 1.379946
1.862416 -0.604455 1.379894
1.864016 -0.604320 1.379841
1.865430 -0.595086 1.374467
1.867046 -0.594860 1.374361
1.868664 -0.594632 1.374254
1.870282 -0.594406 1.374147
1.871901 -0.594178 1.374040
1.873520 -0.593951 1.373933
1.875140 -0.593725 1.373826
1.876761 -0.593496 1.373719
1.878387 -0.594259 1.374190
1.880012 -0.595629 1.375017
1.881630 -0.595989 1.375252
1.883247 -0.595762 1.375145
1.884865 -0.595535 1.375038
1.886484 -0.595309 1.374932
1.888103 -0.595082 1.374825
1.889723 -0.594854 1.374718
1.891344 -0.594627 1.374610
1.892965 -0.594401 1.374504
1.894588 -0.594173 1.374397
1.896210 -0.593945 1.374289
1.897834 -0.593717 1.374182
1.899458 -0.593489 1.374074
1.901083 -0.593262 1.373968
1.902709 -0.593034 1.373860
1.904335 -0.592805 1.373752
1.905999 -0.591324 1.372913
1.907690 -0.589162 1.371677
1.909325 -0.588933 1.371569
1.910960 -0.588704 1.371461
1.912596 -0.588476 1.371354
1.914233 -0.588245 1.371245
1.915871 -0.588016 1.371137
1.917509 -0.587787 1.371029
1.919148 -0.587558 1.370921
1.920788 -0.587327 1.370813
1.922488 -0.585879 1.369994
1.923538 -0.597276 1.376669
1.925149 -0.597230 1.376668
1.926770 -0.597013 1.376567
1.928392 -0.596787 1.376460
1.930014 -0.596562 1.376355
1.931638 -0.596336 1.376248
1.933262 -0.596111 1.376143
1.934887 -0.595884 1.376036
1.849627 -0.605709 1.378574
1.851228 -0.605632 1.378554
1.852828 -0.605553 1.378533
1.854429 -0.605474 1.378513
1.856030 -0.605395 1.378492
1.857631 -0.605300 1.378461
1.859231 -0.605196 1.378426
1.860832 -0.605091 1.378390
1.862433 -0.604989 1.378356
1.864034 -0.604885 1.378320
1.865484 -0.597383 1.373943
1.867098 -0.597158 1.373836
1.868712 -0.596931 1.373729
1.870328 -0.596705 1.373622
1.871944 -0.596480 1.373516
1.873561 -0.596253 1.373408
1.875178 -0.596027 1.373302
1.876796 -0.595799 1.373194
1.878415 -0.595574 1.373088
1.880037 -0.596381 1.373587
1.881656 -0.597464 1.374248
1.883271 -0.597991 1.374583
1.884886 -0.597833 1.374516
1.886502 -0.597607 1.374409
1.888119 -0.597382 1.374303
1.889736 -0.597155 1.374196
1.891354 -0.596928 1.374088
1.892973 -0.596701 1.373981
1.894593 -0.596474 1.373874
1.896213 -0.596249 1.373768
1.897833 -0.596022 1.373660
1.899455 -0.595795 1.373553
1.901077 -0.595567 1.373445
1.902702 -0.595273 1.373298
1.904352 -0.594082 1.372626
1.906041 -0.591711 1.371262
1.907673 -0.591481 1.371154
1.909305 -0.591254 1.371046
1.910937 -0.591026 1.370939
1.912571 -0.590798 1.370831
1.914205 -0.590570 1.370723
1.915840 -0.590340 1.370615
1.917475 -0.590112 1.370507
1.919112 -0.589884 1.370399
1.920749 -0.589655 1.370291
1.921927 -0.598750 1.375645
1.923487 -0.599690 1.376221
1.925105 -0.599473 1.376119
1.926723 -0.599260 1.376020
1.928342 -0.599035 1.375914
1.929962 -0.598811 1.375808
1.931583 -0.598585 1.375702
1.933204 -0.598361 1.375596
1.934826 -0.598135 1.375490
1.849611 -0.605588 1.376648
1.851213 -0.605509 1.376627
1.852816 -0.605428 1.376605
1.854419 -0.605349 1.376585
1.856022 -0.605270 1.376564
1.857625 -0.605191 1.376543
1.859228 -0.605112 1.376522
1.860832 -0.605033 1.376501
1.862435 -0.604954 1.376480
1.864039 -0.604875 1.376459
1.865642 -0.604794 1.376437
1.867149 -0.599448 1.373313
1.868761 -0.599222 1.373206
1.870374 -0.598997 1.373100
1.871987 -0.598771 1.372992
1.873601 -0.598546 1.372886
1.875216 -0.598320 1.372778
1.876831 -0.598095 1.372672
1.878447 -0.597868 1.372564
1.880064 -0.597643 1.372457
1.881682 -0.597667 1.372498
1.883297 -0.598978 1.373295
1.884910 -0.599426 1.373585
1.886522 -0.599738 1.373795
1.888135 -0.599672 1.373782
1.889749 -0.599448 1.373676
1.891365 -0.599222 1.373568
1.892981 -0.598996 1.373461
1.894597 -0.598770 1.373354
1.896215 -0.598544 1.373247
1.897833 -0.598318 1.373139
1.899452 -0.598081 1.373026
1.901086 -0.597230 1.372551
1.902731 -0.596102 1.371913
1.904399 -0.594249 1.370848
1.906027 -0.594020 1.370740
1.907656 -0.593793 1.370632
1.909285 -0.593567 1.370525
1.910915 -0.593338 1.370416
1.912546 -0.593111 1.370309
1.914177 -0.592884 1.370201
1.915809 -0.592657 1.370094
1.917442 -0.592429 1.369986
1.919075 -0.592202 1.369878
1.920709 -0.591975 1.369770
1.921858 -0.601609 1.375463
1.923456 -0.601738 1.375564
1.925061 -0.601709 1.375572
1.926677 -0.601486 1.375467
1.928293 -0.601275 1.375369
1.929910 -0.601052 1.375263
1.931528 -0.600827 1.375157
1.933147 -0.600604 1.375051
1.934766 -0.600379 1.374945
1.849594 -0.605456 1.374711
1.851199 -0.605375 1.374689
1.852804 -0.605296 1.374668
1.854409 -0.605217 1.374647
1.856014 -0.605138 1.374626
1.857619 -0.605058 1.374605
1.859224 -0.604979 1.374584
1.860830 -0.604900 1.374563
1.862435 -0.604821 1.374543
1.864041 -0.604740 1.374521
1.865647 -0.604661 1.374500
1.867200 -0.601730 1.372792
1.868809 -0.601505 1.372685
1.870419 -0.601280 1.372577
1.872030 -0.601056 1.372471
1.873641 -0.600830 1.372364
1.875253 -0.600606 1.372257
1.876866 -0.600381 1.372150
1.878479 -0.600157 1.372043
1.880093 -0.599932 1.371937
1.881708 -0.599708 1.371830
1.883324 -0.599484 1.371723
1.884939 -0.599509 1.371765
1.886550 -0.600278 1.372245
1.888159 -0.600794 1.372576
1.889771 -0.600817 1.372616
1.891383 -0.600799 1.372631
1.892997 -0.600628 1.372555
1.894613 -0.600392 1.372442
1.896232 -0.600000 1.372236
1.897854 -0.599516 1.371976
1.899485 -0.598695 1.371517
1.901132 -0.597327 1.370735
1.902763 -0.596775 1.370435
1.904388 -0.596549 1.370328
1.906013 -0.596323 1.370220
1.907639 -0.596096 1.370112
1.909265 -0.595870 1.370004
1.910892 -0.595644 1.369897
1.912520 -0.595418 1.369790
1.914149 -0.595192 1.369682
1.915778 -0.594965 1.369574
1.917408 -0.594739 1.369467
1.919039 -0.594512 1.369359
1.920291 -0.602291 1.373978
1.921874 -0.602719 1.374257
1.923454 -0.603201 1.374567
1.925035 -0.603605 1.374831
1.926631 -0.603704 1.374915
1.928243 -0.603510 1.374827
1.929858 -0.603286 1.374720
1.931474 -0.603062 1.374614
1.933090 -0.602840 1.374509
1.934706 -0.602616 1.374402
1.849577 -0.605322 1.372768
1.851184 -0.605243 1.372747
1.852791 -0.605163 1.372726
1.854398 -0.605084 1.372705
1.856005 -0.605005 1.372684
1.857613 -0.604926 1.372663
1.859220 -0.604846 1.372642
1.860828 -0.604767 1.372621
1.862435 -0.604686 1.372599
1.864043 -0.604607 1.372578
1.865651 -0.604527 1.372557
1.867249 -0.603916 1.372219
1.868857 -0.603779 1.372164
1.870465 -0.603556 1.372058
1.872073 -0.603332 1.371951
1.873681 -0.603107 1.371843
1.875291 -0.602884 1.371737
1.876901 -0.602661 1.371631
1.878511 -0.602437 1.371524
1.880123 -0.602214 1.371418
1.881735 -0.601991 1.371311
1.883348 -0.601767 1.371205
1.884961 -0.601544 1.371098
1.886575 -0.601318 1.370990
1.888190 -0.601094 1.370883
1.889805 -0.600870 1.370777
1.891419 -0.600845 1.370788
1.893036 -0.600619 1.370680
1.894655 -0.600295 1.370514
1.896274 -0.599969 1.370346
1.897893 -0.599742 1.370238
1.899513 -0.599518 1.370131
1.901133 -0.599293 1.370024
1.902754 -0.599069 1.369917
1.904376 -0.598844 1.369810
1.905999 -0.598617 1.369701
1.907622 -0.598392 1.369594
1.909245 -0.598166 1.369486
1.910870 -0.597940 1.369378
1.912495 -0.597715 1.369271
1.914121 -0.597490 1.369163
1.915748 -0.597264 1.369056
1.917375 -0.597039 1.368948
1.919003 -0.596813 1.368841
1.920344 -0.602627 1.372313
1.921912 -0.603411 1.372804
1.923472 -0.604264 1.373335
1.925029 -0.605122 1.373869
1.926599 -0.605666 1.374218
1.928195 -0.605726 1.374279
1.929806 -0.605513 1.374179
1.931419 -0.605290 1.374073
1.933033 -0.605069 1.373967
1.934647 -0.604845 1.373861
1.849541 -0.604714 1.370538
1.851152 -0.604663 1.370534
1.852763 -0.604613 1.370530
1.854374 -0.604562 1.370526
1.855985 -0.604511 1.370522
1.857596 -0.604462 1.370518
1.859207 -0.604411 1.370514
1.860818 -0.604360 1.370510
1.862429 -0.604308 1.370505
1.864040 -0.604257 1.370501
1.865651 -0.604206 1.370497
1.867282 -0.605239 1.371139
1.868903 -0.605918 1.371570
1.870510 -0.605823 1.371539
1.872115 -0.605600 1.371432
1.873721 -0.605378 1.371326
1.875328 -0.605155 1.371220
1.876935 -0.604933 1.371113
1.878543 -0.604711 1.371007
1.880152 -0.604488 1.370900
1.881761 -0.604266 1.370794
1.883371 -0.604043 1.370687
1.884982 -0.603818 1.370580
1.886593 -0.603596 1.370473
1.888206 -0.603373 1.370367
1.889818 -0.603148 1.370259
1.891432 -0.602925 1.370152
1.893046 -0.602700 1.370044
1.894661 -0.602475 1.369936
1.896277 -0.602251 1.369830
1.897893 -0.602026 1.369722
1.899510 -0.601802 1.369615
1.901127 -0.601579 1.369508
1.902746 -0.601355 1.369401
1.904365 -0.601131 1.369293
1.905984 -0.600905 1.369185
1.907605 -0.600681 1.369078
1.909226 -0.600455 1.368970
1.910848 -0.600231 1.368862
1.912470 -0.600005 1.368754
1.914093 -0.599780 1.368647
1.915717 -0.599556 1.368539
1.917342 -0.599331 1.368432
1.918838 -0.601926 1.370002
1.920423 -0.602450 1.370340
1.921977 -0.603539 1.371014
1.923505 -0.605047 1.371937
1.925031 -0.606474 1.372813
1.926577 -0.607440 1.373413
1.928153 -0.607822 1.373666
1.929755 -0.607733 1.373640
1.931365 -0.607511 1.373533
1.932976 -0.607290 1.373428
1.934587 -0.607069 1.373323
1.849503 -0.604055 1.368269
1.851117 -0.604004 1.368265
1.852731 -0.603953 1.368261
1.854346 -0.603901 1.368256
1.855960 -0.603850 1.368252
1.857574 -0.603799 1.368248
1.859188 -0.603748 1.368244
1.860802 -0.603697 1.368240
1.862417 -0.603646 1.368236
1.864031 -0.603596 1.368232
1.865636 -0.603113 1.367969
1.867293 -0.605339 1.369328
1.868933 -0.607107 1.370412
1.870552 -0.607849 1.370882
1.872158 -0.607862 1.370916
1.873761 -0.607641 1.370810
1.875365 -0.607419 1.370704
1.876970 -0.607198 1.370598
1.878575 -0.606976 1.370491
1.880181 -0.606755 1.370385
1.881788 -0.606533 1.370279
1.883395 -0.606309 1.370171
1.885003 -0.606087 1.370065
1.886612 -0.605864 1.369957
1.888221 -0.605642 1.369850
1.889831 -0.605419 1.369744
1.891442 -0.605195 1.369636
1.893054 -0.604973 1.369529
1.894666 -0.604749 1.369422
1.896279 -0.604526 1.369315
1.897892 -0.604302 1.369207
1.899506 -0.604077 1.369099
1.901121 -0.603855 1.368992
1.902737 -0.603632 1.368885
1.904353 -0.603409 1.368778
1.905970 -0.603185 1.368671
1.907588 -0.602962 1.368564
1.909206 -0.602737 1.368456
1.910825 -0.602512 1.368347
1.912445 -0.602288 1.368240
1.914066 -0.602063 1.368132
1.915687 -0.601839 1.368024
1.917336 -0.600981 1.367538
1.918915 -0.601743 1.368019
1.920501 -0.602275 1.368363
1.922057 -0.603380 1.369050
1.923565 -0.605314 1.370231
1.925042 -0.607675 1.371668
1.926570 -0.608959 1.372461
1.928129 -0.609599 1.372869
1.929714 -0.609768 1.372996
1.931315 -0.609653 1.372953
1.932923 -0.609436 1.372850
1.934532 -0.609218 1.372745
1.849465 -0.603390 1.365990
1.851082 -0.603339 1.365986
1.852699 -0.603288 1.365982
1.854317 -0.603237 1.365978
1.855934 -0.603186 1.365974
1.857552 -0.603133 1.365969
1.859169 -0.603082 1.365965
1.860786 -0.603031 1.365960
1.862404 -0.602980 1.365956
1.864021 -0.602929 1.365952
1.865639 -0.602911 1.365968
1.867297 -0.605047 1.367278
1.868942 -0.606952 1.368448
1.870576 -0.608649 1.369494
1.872191 -0.609423 1.369986
1.873800 -0.609853 1.370270
1.875402 -0.609676 1.370190
1.877004 -0.609455 1.370084
1.878607 -0.609234 1.369977
1.880210 -0.609014 1.369871
1.881814 -0.608791 1.369764
1.883419 -0.608570 1.369657
1.885024 -0.608347 1.369550
1.886630 -0.608126 1.369444
1.888237 -0.607905 1.369337
1.889844 -0.607683 1.369230
1.891463 -0.606560 1.368582
1.893070 -0.606603 1.368635
1.894671 -0.607017 1.368909
1.896281 -0.606794 1.368802
1.897892 -0.606570 1.368694
1.899503 -0.606347 1.368586
1.901115 -0.606123 1.368478
1.902728 -0.605901 1.368371
1.904342 -0.605680 1.368265
1.905956 -0.605458 1.368158
1.907571 -0.605236 1.368051
1.909187 -0.605011 1.367943
1.910803 -0.604789 1.367836
1.912420 -0.604564 1.367728
1.914038 -0.604340 1.367619
1.915685 -0.603419 1.367094
1.917400 -0.601041 1.365693
1.918995 -0.601488 1.365988
1.920579 -0.602107 1.366386
1.922134 -0.603267 1.367108
1.923636 -0.605358 1.368388
1.925074 -0.608477 1.370285
1.926583 -0.610095 1.371281
1.928137 -0.610832 1.371749
1.929715 -0.611096 1.371934
1.931310 -0.611071 1.371945
1.932911 -0.610954 1.371901
1.934518 -0.610748 1.371803
1.849427 -0.602741 1.363713
1.851047 -0.602690 1.363709
1.852668 -0.602639 1.363705
1.854288 -0.602588 1.363701
1.855909 -0.602535 1.363696
1.857530 -0.602484 1.363691
1.859150 -0.602433 1.363687
1.860771 -0.602380 1.363682
1.862391 -0.602329 1.363678
1.864012 -0.602278 1.363674
1.865632 -0.602227 1.363670
1.867253 -0.602174 1.363665
1.868949 -0.606746 1.366449
1.870584 -0.608380 1.367461
1.872211 -0.609812 1.368351
1.873828 -0.610986 1.369086
1.875434 -0.611415 1.369370
1.877038 -0.611705 1.369572
1.878638 -0.611485 1.369465
1.880239 -0.611263 1.369358
1.881840 -0.611043 1.369252
1.883442 -0.610823 1.369146
1.885045 -0.610601 1.369038
1.886648 -0.610381 1.368932
1.888252 -0.610159 1.368824
1.889886 -0.606943 1.366913
1.891506 -0.606065 1.366410
1.893113 -0.606279 1.366565
1.894703 -0.607551 1.367359
1.896283 -0.609054 1.368290
1.897891 -0.608831 1.368183
1.899500 -0.608608 1.368075
1.901110 -0.608385 1.367967
1.902720 -0.608164 1.367860
1.904331 -0.607943 1.367753
1.905942 -0.607721 1.367646
1.907554 -0.607500 1.367539
1.909167 -0.607278 1.367432
1.910781 -0.607056 1.367325
1.912405 -0.606574 1.367061
1.914051 -0.605589 1.366494
1.915754 -0.603318 1.365153
1.917515 -0.599936 1.363144
1.919078 -0.601172 1.363915
1.920658 -0.601929 1.364397
1.922208 -0.603241 1.365213
1.923701 -0.605528 1.366617
1.925143 -0.608594 1.368489
1.926628 -0.610670 1.369764
1.928176 -0.611520 1.370303
1.929750 -0.611856 1.370531
1.931344 -0.611865 1.370563
1.932941 -0.611800 1.370550
1.934546 -0.611629 1.370473
1.849275 -0.599280 1.359725
1.850904 -0.599220 1.359716
1.852533 -0.599160 1.359707
1.854162 -0.599101 1.359697
1.855792 -0.599041 1.359688
1.857421 -0.598981 1.359679
1.859050 -0.598921 1.359669
1.860679 -0.598863 1.359661
1.862309 -0.598803 1.359652
1.863938 -0.598743 1.359643
1.865567 -0.598683 1.359633
1.867197 -0.598623 1.359624
1.868826 -0.598563 1.359615
1.870593 -0.608057 1.365389
1.872222 -0.609540 1.366314
1.873843 -0.610817 1.367113
1.875457 -0.611927 1.367812
1.877065 -0.612793 1.368363
1.878667 -0.613145 1.368602
1.880267 -0.613328 1.368740
1.881866 -0.613288 1.368742
1.883466 -0.613067 1.368634
1.885066 -0.612848 1.368528
1.886666 -0.612628 1.368422
1.888268 -0.612405 1.368313
1.889870 -0.612184 1.368206
1.891581 -0.602813 1.362563
1.893195 -0.603180 1.362812
1.894741 -0.607690 1.365567
1.896285 -0.611301 1.367778
1.897891 -0.611082 1.367672
1.899497 -0.610862 1.367565
1.901104 -0.610640 1.367458
1.902711 -0.610418 1.367350
1.904319 -0.610198 1.367243
1.905928 -0.609979 1.367137
1.907538 -0.609758 1.367030
1.909156 -0.609293 1.366776
1.910787 -0.608532 1.366342
1.912436 -0.607354 1.365656
1.914132 -0.605141 1.364345
1.915869 -0.602133 1.362553
1.917653 -0.598322 1.360277
1.919169 -0.600692 1.361736
1.920747 -0.601549 1.362281
1.922285 -0.603153 1.363277
1.923768 -0.605665 1.364822
1.925218 -0.608615 1.366631
1.926715 -0.610503 1.367798
1.928257 -0.611480 1.368415
1.929824 -0.611977 1.368742
1.931408 -0.612150 1.368873
1.933010 -0.612047 1.368837
1.934617 -0.611852 1.368745
1.849243 -0.598771 1.357512
1.850875 -0.598711 1.357503
1.852507 -0.598651 1.357493
1.854139 -0.598591 1.357484
1.855771 -0.598533 1.357476
1.857403 -0.598473 1.357466
1.859035 -0.598413 1.357457
1.860667 -0.598353 1.357448
1.862300 -0.598293 1.357438
1.863932 -0.598233 1.357429
1.865564 -0.598173 1.357420
1.867197 -0.598113 1.357410
1.868829 -0.598053 1.357401
1.870461 -0.597995 1.357393
1.872233 -0.609262 1.364268
1.873855 -0.610448 1.365015
1.875472 -0.611606 1.365745
1.877083 -0.612548 1.366344
1.878690 -0.613450 1.366919
1.880293 -0.614124 1.367355
1.881892 -0.614520 1.367622
1.883490 -0.614691 1.367753
1.885087 -0.614859 1.367881
1.886685 -0.614866 1.367912
1.888283 -0.614647 1.367806
1.889883 -0.614427 1.367699
1.891483 -0.614206 1.367591
1.893084 -0.613986 1.367484
1.894685 -0.613767 1.367377
1.896287 -0.613546 1.367270
1.897890 -0.613326 1.367163
1.899494 -0.613107 1.367056
1.901098 -0.612886 1.366949
1.902703 -0.612666 1.366842
1.904314 -0.612219 1.366597
1.905933 -0.611592 1.366243
1.907555 -0.610961 1.365887
1.909192 -0.609911 1.365276
1.910854 -0.608307 1.364329
1.912533 -0.606416 1.363208
1.914227 -0.604324 1.361965
1.916048 -0.599426 1.359020
1.917670 -0.599466 1.359071
1.919282 -0.599726 1.359256
1.920880 -0.600257 1.359605
1.922447 -0.601349 1.360295
1.923919 -0.604194 1.362048
1.925297 -0.608559 1.364722
1.926805 -0.610279 1.365793
1.928356 -0.611130 1.366335
1.929932 -0.611521 1.366599
1.931520 -0.611680 1.366722
1.933124 -0.611588 1.366693
1.934733 -0.611406 1.366609
1.849210 -0.598263 1.355292
1.850845 -0.598202 1.355282
1.852480 -0.598142 1.355273
1.854115 -0.598082 1.355264
1.855750 -0.598022 1.355254
1.857385 -0.597962 1.355245
1.859020 -0.597902 1.355235
1.860656 -0.597842 1.355226
1.862291 -0.597781 1.355217
1.863926 -0.597721 1.355207
1.865561 -0.597663 1.355199
1.867196 -0.597603 1.355190
1.868832 -0.597543 1.355180
1.870467 -0.597482 1.355171
1.872102 -0.597422 1.355162
1.873737 -0.597362 1.355152
1.875488 -0.611262 1.363658
1.877101 -0.612186 1.364249
1.878710 -0.613043 1.364798
1.880316 -0.613765 1.365266
1.881918 -0.614409 1.365685
1.883517 -0.614935 1.366033
1.885115 -0.615306 1.366286
1.886711 -0.615675 1.366537
1.888307 -0.615766 1.366620
1.889905 -0.615708 1.366611
1.891503 -0.615632 1.366592
1.893100 -0.615551 1.366568
1.894700 -0.615364 1.366481
1.896302 -0.615102 1.366348
1.897905 -0.614772 1.366174
1.899510 -0.614438 1.365997
1.901117 -0.614090 1.365811
1.902731 -0.613501 1.365479
1.904351 -0.612736 1.365040
1.905984 -0.611685 1.364426
1.907623 -0.610544 1.363757
1.909275 -0.609178 1.362952
1.910944 -0.607445 1.361923
1.912994 -0.595923 1.354930
1.914630 -0.595863 1.354921
1.916266 -0.595803 1.354912
1.917902 -0.595743 1.354902
1.919538 -0.595683 1.354893
1.921174 -0.595623 1.354883
1.922810 -0.595562 1.354874
1.924446 -0.595502 1.354865
1.926083 -0.595442 1.354855
1.927550 -0.598386 1.356675
1.928457 -0.610763 1.364239
1.930041 -0.611051 1.364441
1.931633 -0.611197 1.364557
1.933244 -0.611035 1.364485
1.934857 -0.610853 1.364401
1.849178 -0.597750 1.353062
1.850816 -0.597690 1.353053
1.852454 -0.597630 1.353044
1.854091 -0.597569 1.353034
1.855729 -0.597509 1.353025
1.857367 -0.597449 1.353015
1.859006 -0.597390 1.353007
1.860644 -0.597330 1.352998
1.862282 -0.597270 1.352988
1.863920 -0.597209 1.352979
1.865558 -0.597149 1.352969
1.867196 -0.597089 1.352960
1.868834 -0.597029 1.352951
1.870472 -0.596968 1.352941
1.872111 -0.596908 1.352932
1.873749 -0.596848 1.352922
1.875387 -0.596789 1.352914
1.877026 -0.596729 1.352905
1.878731 -0.612634 1.362671
1.880339 -0.613405 1.363170
1.881943 -0.613965 1.363540
1.883545 -0.614525 1.363909
1.885146 -0.614904 1.364169
1.886745 -0.615226 1.364392
1.888343 -0.615447 1.364554
1.889941 -0.615551 1.364645
1.891539 -0.615618 1.364713
1.893139 -0.615520 1.364679
1.894741 -0.615357 1.364607
1.896343 -0.615138 1.364500
1.897951 -0.614714 1.364267
1.899560 -0.614266 1.364020
1.901174 -0.613681 1.363688
1.902796 -0.612915 1.363247
1.904422 -0.612048 1.362743
1.906057 -0.611033 1.362149
1.907704 -0.609762 1.361399
1.909358 -0.608420 1.360605
1.911437 -0.595467 1.352709
1.913076 -0.595407 1.352700
1.914715 -0.595346 1.352690
1.916354 -0.595286 1.352681
1.917993 -0.595226 1.352672
1.919632 -0.595165 1.352662
1.921271 -0.595107 1.352654
1.922910 -0.595047 1.352644
1.924549 -0.594986 1.352635
1.926188 -0.594926 1.352626
1.927827 -0.594866 1.352616
1.929466 -0.594805 1.352607
1.931106 -0.594745 1.352597
1.932745 -0.594685 1.352588
1.934384 -0.594624 1.352579
1.936023 -0.594566 1.352570
1.849145 -0.597236 1.350825
1.850786 -0.597177 1.350817
1.852427 -0.597117 1.350807
1.854068 -0.597056 1.350798
1.855709 -0.596996 1.350789
1.857350 -0.596936 1.350779
1.858991 -0.596875 1.350770
1.860632 -0.596815 1.350760
1.862273 -0.596754 1.350751
1.863914 -0.596694 1.350741
1.865555 -0.596635 1.350733
1.867196 -0.596575 1.350724
1.868837 -0.596515 1.350714
1.870478 -0.596454 1.350705
1.872119 -0.596394 1.350695
1.873760 -0.596334 1.350686
1.875402 -0.596273 1.350676
1.877043 -0.596213 1.350667
1.878684 -0.596153 1.350657
1.880326 -0.596094 1.350649
1.881967 -0.596033 1.350640
1.883574 -0.614076 1.361756
1.885177 -0.614453 1.362015
1.886779 -0.614736 1.362215
1.888380 -0.615002 1.362406
1.889981 -0.615075 1.362478
1.891583 -0.615089 1.362514
1.893185 -0.615036 1.362508
1.894790 -0.614830 1.362408
1.896396 -0.614560 1.362270
1.898006 -0.614180 1.362063
1.899620 -0.613640 1.361758
1.901237 -0.613069 1.361435
1.902862 -0.612268 1.360970
1.904494 -0.611348 1.360432
1.906590 -0.595129 1.350499
1.908232 -0.595069 1.350490
1.909874 -0.595010 1.350481
1.911516 -0.594950 1.350472
1.913158 -0.594890 1.350462
1.914800 -0.594829 1.350453
1.916442 -0.594769 1.350443
1.918084 -0.594708 1.350434
1.919726 -0.594648 1.350424
1.921368 -0.594588 1.350415
1.923010 -0.594527 1.350406
1.924652 -0.594468 1.350397
1.926294 -0.594408 1.350388
1.927936 -0.594348 1.350378
1.929578 -0.594287 1.350369
1.931220 -0.594227 1.350359
1.932862 -0.594166 1.350350
1.934505 -0.594106 1.350341
1.936147 -0.594046 1.350331
1.849112 -0.596721 1.348581
1.850756 -0.596661 1.348572
1.852400 -0.596600 1.348562
1.854044 -0.596540 1.348553
1.855688 -0.596481 1.348544
1.857332 -0.596421 1.348535
1.858976 -0.596360 1.348525
1.860619 -0.596300 1.348516
1.862263 -0.596239 1.348506
1.863907 -0.596179 1.348497
1.865551 -0.596118 1.348487
1.867196 -0.596058 1.348478
1.868840 -0.595999 1.348469
1.870484 -0.595938 1.348460
1.872128 -0.595878 1.348451
1.873772 -0.595817 1.348441
1.875416 -0.595757 1.348432
1.877060 -0.595697 1.348422
1.878705 -0.595636 1.348413
1.880349 -0.595576 1.348403
1.881993 -0.595515 1.348394
1.883638 -0.595455 1.348384
1.885282 -0.595396 1.348376
1.886926 -0.595335 1.348366
1.888571 -0.595275 1.348357
1.890215 -0.595214 1.348347
1.891860 -0.595154 1.348338
1.893504 -0.595093 1.348328
1.895149 -0.595033 1.348319
1.896793 -0.594972 1.348309
1.898438 -0.594912 1.348300
1.900082 -0.594853 1.348292
1.901727 -0.594793 1.348282
1.903372 -0.594732 1.348273
1.905016 -0.594672 1.348263
1.906661 -0.594611 1.348254
1.908306 -0.594551 1.348244
1.909951 -0.594490 1.348235
1.911595 -0.594430 1.348225
1.913240 -0.594369 1.348216
1.914885 -0.594310 1.348207
1.916530 -0.594250 1.348198
1.918175 -0.594189 1.348188
1.919820 -0.594129 1.348179
1.921465 -0.594068 1.348169
1.923110 -0.594008 1.348160
1.924755 -0.593947 1.348150
1.926400 -0.593887 1.348141
1.928045 -0.593826 1.348131
1.929690 -0.593767 1.348123
1.931335 -0.593707 1.348113
1.932980 -0.593646 1.348104
1.934625 -0.593586 1.348094
1.936271 -0.593525 1.348085
1.849184 -0.598783 1.347927
1.850820 -0.598567 1.347821
1.852456 -0.598352 1.347716
1.854093 -0.598138 1.347611
1.855730 -0.597923 1.347506
1.857369 -0.597707 1.347400
1.859007 -0.597488 1.347293
1.860647 -0.597272 1.347186
1.862287 -0.597055 1.347080
1.863928 -0.596836 1.346972
1.865569 -0.596619 1.346866
1.867211 -0.596402 1.346759
1.868854 -0.596185 1.346653
1.870497 -0.595966 1.346545
1.872141 -0.595749 1.346439
1.873786 -0.595531 1.346332
1.875431 -0.595312 1.346224
1.877078 -0.595178 1.346169
1.878725 -0.595118 1.346160
1.880372 -0.595057 1.346150
1.882020 -0.594996 1.346141
1.883667 -0.594936 1.346131
1.885314 -0.594875 1.346122
1.886962 -0.594815 1.346112
1.888609 -0.594756 1.346104
1.890256 -0.594695 1.346094
1.891904 -0.594635 1.346085
1.893551 -0.594574 1.346075
1.895199 -0.594513 1.346066
1.896846 -0.594453 1.346056
1.898494 -0.594392 1.346047
1.900141 -0.594331 1.346037
1.901789 -0.594271 1.346028
1.903437 -0.594212 1.346019
1.905084 -0.594151 1.346010
1.906732 -0.594091 1.346000
1.908380 -0.594030 1.345991
1.910027 -0.593970 1.345981
1.911675 -0.593909 1.345971
1.913323 -0.593848 1.345962
1.914971 -0.593788 1.345952
1.916619 -0.593727 1.345943
1.918267 -0.593666 1.345933
1.919914 -0.593608 1.345925
1.921562 -0.593547 1.345915
1.923210 -0.593486 1.345906
1.924858 -0.593426 1.345896
1.926506 -0.593365 1.345887
1.928154 -0.593304 1.345877
1.929802 -0.593244 1.345868
1.931450 -0.593183 1.345858
1.933098 -0.593124 1.345850
1.934747 -0.593064 1.345840
1.936395 -0.593003 1.345831
1.849168 -0.598674 1.345927
1.850812 -0.598611 1.345917
1.852455 -0.598547 1.345905
1.854099 -0.598485 1.345895
1.855742 -0.598423 1.345884
1.857386 -0.598359 1.345872
1.859030 -0.598297 1.345862
1.860674 -0.598235 1.345851
1.862317 -0.598171 1.345840
1.863961 -0.598109 1.345829
1.865605 -0.598045 1.345817
1.867249 -0.597982 1.345807
1.868893 -0.597920 1.345796
1.870537 -0.597846 1.345778
1.872180 -0.597721 1.345729
1.873824 -0.597590 1.345675
1.875468 -0.597437 1.345608
1.877111 -0.597267 1.345531
1.878756 -0.597052 1.345425
1.880401 -0.596837 1.345319
1.882046 -0.596621 1.345213
1.883692 -0.596404 1.345107
1.885339 -0.596189 1.345001
1.886987 -0.595973 1.344895
1.888635 -0.595758 1.344789
1.890284 -0.595542 1.344683
1.891933 -0.595324 1.344576
1.893584 -0.595107 1.344469
1.895235 -0.594887 1.344360
1.896886 -0.594669 1.344253
1.898538 -0.594451 1.344146
1.900191 -0.594233 1.344039
1.901845 -0.594013 1.343930
1.903499 -0.593795 1.343823
1.905152 -0.593628 1.343747
1.906803 -0.593567 1.343737
1.908454 -0.593508 1.343729
1.910104 -0.593447 1.343719
1.911755 -0.593386 1.343710
1.913406 -0.593326 1.343700
1.915057 -0.593265 1.343691
1.916708 -0.593204 1.343681
1.918358 -0.593143 1.343672
1.920009 -0.593083 1.343662
1.921660 -0.593022 1.343652
1.923311 -0.592963 1.343644
1.924962 -0.592902 1.343634
1.926613 -0.592841 1.343625
1.928264 -0.592781 1.343615
1.929915 -0.592720 1.343606
1.931566 -0.592659 1.343596
1.933217 -0.592598 1.343587
1.934868 -0.592538 1.343577
1.936520 -0.592477 1.343567
1.849137 -0.598192 1.343690
1.850783 -0.598130 1.343680
1.852430 -0.598067 1.343669
1.854076 -0.598005 1.343658
1.855723 -0.597941 1.343647
1.857369 -0.597879 1.343636
1.859016 -0.597816 1.343625
1.860663 -0.597754 1.343615
1.862309 -0.597690 1.343603
1.863956 -0.597628 1.343592
1.865603 -0.597566 1.343582
1.867250 -0.597503 1.343571
1.868897 -0.597439 1.343559
1.870543 -0.597377 1.343549
1.872190 -0.597315 1.343538
1.873837 -0.597250 1.343526
1.875484 -0.597188 1.343516
1.877131 -0.597126 1.343505
1.878778 -0.597062 1.343494
1.880426 -0.596999 1.343483
1.882073 -0.596937 1.343472
1.883720 -0.596873 1.343461
1.885367 -0.596811 1.343450
1.887014 -0.596747 1.343438
1.888662 -0.596684 1.343428
1.890309 -0.596622 1.343417
1.891957 -0.596558 1.343405
1.893604 -0.596496 1.343395
1.895251 -0.596431 1.343383
1.896899 -0.596369 1.343372
1.898546 -0.596307 1.343362
1.900195 -0.596190 1.343317
1.901845 -0.596055 1.343261
1.903495 -0.595916 1.343203
1.905146 -0.595747 1.343126
1.906799 -0.595531 1.343019
1.908452 -0.595315 1.342913
1.910107 -0.595098 1.342805
1.911762 -0.594881 1.342699
1.913417 -0.594665 1.342592
1.915074 -0.594449 1.342486
1.916731 -0.594231 1.342378
1.918388 -0.594014 1.342271
1.920047 -0.593798 1.342165
1.921706 -0.593581 1.342058
1.923365 -0.593364 1.341951
1.925026 -0.593146 1.341843
1.926687 -0.592929 1.341736
1.928348 -0.592710 1.341628
1.930011 -0.592491 1.341520
1.931674 -0.592271 1.341411
1.933336 -0.592073 1.341316
1.934991 -0.592012 1.341307
1.936645 -0.591951 1.341297
1.849105 -0.597712 1.341447
1.850755 -0.597650 1.341436
1.852404 -0.597586 1.341425
1.854053 -0.597523 1.341414
1.855703 -0.597459 1.341402
1.857352 -0.597397 1.341392
1.859002 -0.597333 1.341380
1.860651 -0.597270 1.341369
1.862301 -0.597208 1.341359
1.863951 -0.597145 1.341348
1.865600 -0.597081 1.341336
1.867250 -0.597019 1.341325
1.868900 -0.596956 1.341315
1.870550 -0.596894 1.341304
1.872200 -0.596830 1.341292
1.873849 -0.596767 1.341282
1.875499 -0.596705 1.341271
1.877149 -0.596641 1.341259
1.878799 -0.596578 1.341249
1.880449 -0.596516 1.341238
1.882099 -0.596453 1.341227
1.883749 -0.596389 1.341215
1.885400 -0.596327 1.341205
1.887050 -0.596264 1.341194
1.888700 -0.596202 1.341183
1.890350 -0.596138 1.341172
1.892001 -0.596075 1.341161
1.893651 -0.596013 1.341150
1.895301 -0.595950 1.341140
1.896952 -0.595886 1.341128
1.898602 -0.595824 1.341117
1.900253 -0.595761 1.341107
1.901903 -0.595697 1.341095
1.903554 -0.595635 1.341084
1.905204 -0.595570 1.341072
1.906855 -0.595508 1.341062
1.908506 -0.595445 1.341051
1.910156 -0.595381 1.341039
1.911807 -0.595319 1.341029
1.913458 -0.595254 1.341017
1.915109 -0.595192 1.341006
1.916760 -0.595130 1.340995
1.918410 -0.595065 1.340984
1.920061 -0.595003 1.340973
1.921712 -0.594939 1.340961
1.923363 -0.594876 1.340951
1.925014 -0.594814 1.340940
1.926666 -0.594749 1.340928
1.928319 -0.594654 1.340897
1.929974 -0.594516 1.340839
1.931630 -0.594378 1.340781
1.933288 -0.594221 1.340711
1.934950 -0.594003 1.340603
1.936612 -0.593786 1.340496
